model,modelLabel,type,typeLabel,manufacturer,manufacturerLabel,countryLabel,startProduction,predecessorLabel,successorLabel,length,width,height,mass,image
http://www.wikidata.org/entity/Q10716597,Volkswagen Auto 2000,http://www.wikidata.org/entity/Q47202313,Auto 2000,http://www.wikidata.org/entity/Q246,Volkswagen,Германия,,,,,,,,http://commons.wikimedia.org/wiki/Special:FilePath/Volkswagen%20Auto%202000%20prototype%20%28presented%20Frankfurt%20autoshow%201981%29%2001.JPG
http://www.wikidata.org/entity/Q118870625,MPV Tehran,http://www.wikidata.org/entity/Q3882470,one-off vehicle,http://www.wikidata.org/entity/Q246,Volkswagen,Германия,,,,,,,,http://commons.wikimedia.org/wiki/Special:FilePath/Iran%20Classic%20Car%20Museum%202021-10-23%20%2804%29.jpg
http://www.wikidata.org/entity/Q127327914,Volkswagen Beetle of José Mujica,http://www.wikidata.org/entity/Q152946,Volkswagen Käfer,http://www.wikidata.org/entity/Q246,Volkswagen,Германия,,,,,,,,http://commons.wikimedia.org/wiki/Special:FilePath/25.01.2023%20-%20Encontro%20com%20o%20ex-presidente%20da%20Rep%C3%BAblica%20Oriental%20do%20Uruguai%2C%20Jos%C3%A9%20Mujica%2C%20e%20com%20Luc%C3%ADa%20Topolasnky%20%2852649942313%29.jpg
http://www.wikidata.org/entity/Q109773142,Volkswagen Type 1 Sedan,http://www.wikidata.org/entity/Q152946,Volkswagen Käfer,http://www.wikidata.org/entity/Q246,Volkswagen,Германия,,,,,,,,
http://www.wikidata.org/entity/Q108297293,Polo Flight,http://www.wikidata.org/entity/Q1420,автомобиль,http://www.wikidata.org/entity/Q246,Volkswagen,Германия,,,,,,,,
http://www.wikidata.org/entity/Q127327914,Volkswagen Beetle of José Mujica,http://www.wikidata.org/entity/Q1420,автомобиль,http://www.wikidata.org/entity/Q246,Volkswagen,Германия,,,,,,,,http://commons.wikimedia.org/wiki/Special:FilePath/25.01.2023%20-%20Encontro%20com%20o%20ex-presidente%20da%20Rep%C3%BAblica%20Oriental%20do%20Uruguai%2C%20Jos%C3%A9%20Mujica%2C%20e%20com%20Luc%C3%ADa%20Topolasnky%20%2852649942313%29.jpg
http://www.wikidata.org/entity/Q14516277,Volkswagen Golf Rally G60,http://www.wikidata.org/entity/Q1420,автомобиль,http://www.wikidata.org/entity/Q246,Volkswagen,Германия,,,,,,,,http://commons.wikimedia.org/wiki/Special:FilePath/RallyeGolf.jpg
http://www.wikidata.org/entity/Q31836007,Sedric,http://www.wikidata.org/entity/Q741490,беспилотный автомобиль,http://www.wikidata.org/entity/Q246,Volkswagen,Германия,,,,,,,,
http://www.wikidata.org/entity/Q24883701,Volkswagen BUDD-e,http://www.wikidata.org/entity/Q850270,концепт-кар,http://www.wikidata.org/entity/Q246,Volkswagen,Германия,,,,,,,,http://commons.wikimedia.org/wiki/Special:FilePath/VW%20BUDD-e%20concept%20SAO%202016%208989.jpg
http://www.wikidata.org/entity/Q20723182,Volkswagen C Coupe GTE,http://www.wikidata.org/entity/Q850270,концепт-кар,http://www.wikidata.org/entity/Q246,Volkswagen,Германия,,,,,,,,
http://www.wikidata.org/entity/Q7940303,Volkswagen Concept A,http://www.wikidata.org/entity/Q850270,концепт-кар,http://www.wikidata.org/entity/Q246,Volkswagen,Германия,,,,4350,,,,http://commons.wikimedia.org/wiki/Special:FilePath/VW%20Concept%20A.jpg
http://www.wikidata.org/entity/Q7940303,Volkswagen Concept A,http://www.wikidata.org/entity/Q850270,концепт-кар,http://www.wikidata.org/entity/Q246,Volkswagen,Германия,,,,4350,,,,http://commons.wikimedia.org/wiki/Special:FilePath/VW%20Concept%20A%20Heck.jpg
http://www.wikidata.org/entity/Q18758462,Volkswagen Concept D,http://www.wikidata.org/entity/Q850270,концепт-кар,http://www.wikidata.org/entity/Q246,Volkswagen,Германия,,,Volkswagen Phaeton,,,,,http://commons.wikimedia.org/wiki/Special:FilePath/VW%20Concept%20D%20%28IAA%201999%29%201.jpg
http://www.wikidata.org/entity/Q17639688,Volkswagen GTI Roadster Vision Gran Turismo,http://www.wikidata.org/entity/Q850270,концепт-кар,http://www.wikidata.org/entity/Q246,Volkswagen,Германия,,,,,,,,http://commons.wikimedia.org/wiki/Special:FilePath/SLY%205762%20%2815215022454%29.jpg
http://www.wikidata.org/entity/Q7940311,Volkswagen GX3,http://www.wikidata.org/entity/Q850270,концепт-кар,http://www.wikidata.org/entity/Q246,Volkswagen,Германия,,,,,,,,http://commons.wikimedia.org/wiki/Special:FilePath/VW%20GX3.jpeg
http://www.wikidata.org/entity/Q85813464,Volkswagen ID. Space Vizzion,http://www.wikidata.org/entity/Q850270,концепт-кар,http://www.wikidata.org/entity/Q246,Volkswagen,Германия,,,,,,,,
http://www.wikidata.org/entity/Q11837544,Q11837544,http://www.wikidata.org/entity/Q23039057,модель автобуса,http://www.wikidata.org/entity/Q246,Volkswagen,Германия,,,,,,,,
http://www.wikidata.org/entity/Q911580,Brezelkäfer,http://www.wikidata.org/entity/Q3231690,модель автомобиля,http://www.wikidata.org/entity/Q246,Volkswagen,Германия,,,,,,,,
http://www.wikidata.org/entity/Q1347004,Porsche 914,http://www.wikidata.org/entity/Q3231690,модель автомобиля,http://www.wikidata.org/entity/Q246,Volkswagen,Германия,,Porsche 912,Porsche 924,3985,1650,1230,,http://commons.wikimedia.org/wiki/Special:FilePath/VW-Porsche%20914%20am%2017.06.2007.jpg
http://www.wikidata.org/entity/Q7940303,Volkswagen Concept A,http://www.wikidata.org/entity/Q3231690,модель автомобиля,http://www.wikidata.org/entity/Q246,Volkswagen,Германия,,,,4350,,,,http://commons.wikimedia.org/wiki/Special:FilePath/VW%20Concept%20A.jpg
http://www.wikidata.org/entity/Q7940303,Volkswagen Concept A,http://www.wikidata.org/entity/Q3231690,модель автомобиля,http://www.wikidata.org/entity/Q246,Volkswagen,Германия,,,,4350,,,,http://commons.wikimedia.org/wiki/Special:FilePath/VW%20Concept%20A%20Heck.jpg
http://www.wikidata.org/entity/Q3562805,Volkswagen Concept BlueSport,http://www.wikidata.org/entity/Q3231690,модель автомобиля,http://www.wikidata.org/entity/Q246,Volkswagen,Германия,,,,3990,1745,1260,1200,http://commons.wikimedia.org/wiki/Special:FilePath/Volkswagen%20Bluesport--DC.jpg
http://www.wikidata.org/entity/Q7940304,Volkswagen Concept R,http://www.wikidata.org/entity/Q3231690,модель автомобиля,http://www.wikidata.org/entity/Q246,Volkswagen,Германия,,,,,,,,
http://www.wikidata.org/entity/Q23637401,Volkswagen Cross Coupe GTE Concept,http://www.wikidata.org/entity/Q3231690,модель автомобиля,http://www.wikidata.org/entity/Q246,Volkswagen,Германия,,,,,,,,
http://www.wikidata.org/entity/Q26868421,Volkswagen EA 48,http://www.wikidata.org/entity/Q3231690,модель автомобиля,http://www.wikidata.org/entity/Q246,Volkswagen,Германия,,,,,,,,http://commons.wikimedia.org/wiki/Special:FilePath/VW%20EA%2048%20Prototyp%201955%20%282%29.jpg
http://www.wikidata.org/entity/Q7940311,Volkswagen GX3,http://www.wikidata.org/entity/Q3231690,модель автомобиля,http://www.wikidata.org/entity/Q246,Volkswagen,Германия,,,,,,,,http://commons.wikimedia.org/wiki/Special:FilePath/VW%20GX3.jpeg
http://www.wikidata.org/entity/Q131136320,Volkswagen ID.6 Crozz,http://www.wikidata.org/entity/Q3231690,модель автомобиля,http://www.wikidata.org/entity/Q246,Volkswagen,Германия,,,,,,,,http://commons.wikimedia.org/wiki/Special:FilePath/Volkswagen%20ID.6%20Crozz%20001%20%28cropped%29.jpg
http://www.wikidata.org/entity/Q131136408,Volkswagen ID.6 X,http://www.wikidata.org/entity/Q3231690,модель автомобиля,http://www.wikidata.org/entity/Q246,Volkswagen,Германия,,,,,,,,http://commons.wikimedia.org/wiki/Special:FilePath/Volkswagen%20ID.6%20X%202021112302.jpg
http://www.wikidata.org/entity/Q26791717,Volkswagen Kommandeurswagen,http://www.wikidata.org/entity/Q3231690,модель автомобиля,http://www.wikidata.org/entity/Q246,Volkswagen,Германия,,,,3830,1620,1720,,http://commons.wikimedia.org/wiki/Special:FilePath/VW%20Typ%2087-1.JPG
http://www.wikidata.org/entity/Q107185864,Volkswagen Multivan T7,http://www.wikidata.org/entity/Q3231690,модель автомобиля,http://www.wikidata.org/entity/Q246,Volkswagen,Германия,,,,4973,1941,1903,,http://commons.wikimedia.org/wiki/Special:FilePath/VW%20Multivan%20eHybrid%2C%20IAA%202021%2C%20Munich%20%28IAA10413%29.jpg
http://www.wikidata.org/entity/Q60748228,Volkswagen Polo GTI R5,http://www.wikidata.org/entity/Q3231690,модель автомобиля,http://www.wikidata.org/entity/Q246,Volkswagen,Германия,,,,,,,,http://commons.wikimedia.org/wiki/Special:FilePath/Volkswagen%20Polo%20GTI%20R5.jpg
http://www.wikidata.org/entity/Q47089190,Volkswagen Race Touareg 2,http://www.wikidata.org/entity/Q3231690,модель автомобиля,http://www.wikidata.org/entity/Q246,Volkswagen,Германия,,,,,,,,http://commons.wikimedia.org/wiki/Special:FilePath/VW%20Race%20Touareg%202%20blue%20vl%20EMS.jpg
http://www.wikidata.org/entity/Q47089169,Volkswagen Race Touareg 3,http://www.wikidata.org/entity/Q3231690,модель автомобиля,http://www.wikidata.org/entity/Q246,Volkswagen,Германия,,,,,,,,http://commons.wikimedia.org/wiki/Special:FilePath/Race%20Tourag%203%20%2802%29.jpg
http://www.wikidata.org/entity/Q7408947,Volkswagen Samba,http://www.wikidata.org/entity/Q3231690,модель автомобиля,http://www.wikidata.org/entity/Q246,Volkswagen,Германия,,,,,,,,
http://www.wikidata.org/entity/Q106518090,Volkswagen Teramont,http://www.wikidata.org/entity/Q3231690,модель автомобиля,http://www.wikidata.org/entity/Q246,Volkswagen,Германия,,,,,1989,1773,,http://commons.wikimedia.org/wiki/Special:FilePath/2021%20SAIC-Volkswagen%20Teramont%20%28facelift%2C%20front%29.jpg
http://www.wikidata.org/entity/Q122382000,Volkswagen Tiguan III,http://www.wikidata.org/entity/Q3231690,модель автомобиля,http://www.wikidata.org/entity/Q246,Volkswagen,Германия,,Volkswagen Tiguan Allspace,,4539,1842,1656,1598,http://commons.wikimedia.org/wiki/Special:FilePath/Volkswagen%20Tiguan%20III%20IMG%208388.jpg
http://www.wikidata.org/entity/Q65129018,Cupra Formentor,http://www.wikidata.org/entity/Q3231690,модель автомобиля,http://www.wikidata.org/entity/Q246,Volkswagen,Германия,,,,4450,1992,1528,,http://commons.wikimedia.org/wiki/Special:FilePath/Cupra%20Formentor%20Facelift%20IMG%200666.jpg
http://www.wikidata.org/entity/Q116430989,Volkswagen Amarok I,http://www.wikidata.org/entity/Q3231690,модель автомобиля,http://www.wikidata.org/entity/Q246,Volkswagen,Германия,,,,,,,,http://commons.wikimedia.org/wiki/Special:FilePath/VW%20Amarok%202.0%20TDI%204MOTION%20DC%20Dark%20Label%20%E2%80%93%20Frontansicht%2C%2012.%20Juli%202014%2C%20D%C3%BCsseldorf.jpg
http://www.wikidata.org/entity/Q28064385,Volkswagen Arteon,http://www.wikidata.org/entity/Q3231690,модель автомобиля,http://www.wikidata.org/entity/Q246,Volkswagen,Германия,,Volkswagen Passat CC,,4862,1871,1427,,http://commons.wikimedia.org/wiki/Special:FilePath/Volkswagen%20Arteon%20R%20IMG%202554.jpg
http://www.wikidata.org/entity/Q1417237,Volkswagen Bora,http://www.wikidata.org/entity/Q3231690,модель автомобиля,http://www.wikidata.org/entity/Q246,Volkswagen,Германия,,Volkswagen Vento,Volkswagen Jetta (A5),4380,1735,,,http://commons.wikimedia.org/wiki/Special:FilePath/2016%20FAW-Volkswagen%20Bora.jpg
http://www.wikidata.org/entity/Q10392360,Volkswagen Bora (Китай),http://www.wikidata.org/entity/Q3231690,модель автомобиля,http://www.wikidata.org/entity/Q246,Volkswagen,Германия,,Volkswagen New Bora,,4663,1815,1462,,http://commons.wikimedia.org/wiki/Special:FilePath/2019%20FAW-Volkswagen%20Bora.jpg
http://www.wikidata.org/entity/Q15305557,Volkswagen Golf Sportsvan,http://www.wikidata.org/entity/Q3231690,модель автомобиля,http://www.wikidata.org/entity/Q246,Volkswagen,Германия,,Volkswagen Golf Plus,,4340,1807,,,http://commons.wikimedia.org/wiki/Special:FilePath/2018%20Volkswagen%20Golf%20Sportsvan%20GT%20TSi%20BlueMotion%201.5%20Front.jpg
http://www.wikidata.org/entity/Q1537473,Volkswagen Jetta (A6),http://www.wikidata.org/entity/Q3231690,модель автомобиля,http://www.wikidata.org/entity/Q246,Volkswagen,Германия,,Volkswagen Jetta (A5),Volkswagen Jetta (A7),,1778,1482,,http://commons.wikimedia.org/wiki/Special:FilePath/2016%20Volkswagen%20Jetta%20%281B%20MY17%29%20118TSI%20Comfortline%20sedan%20%282018-11-02%29%2001.jpg
http://www.wikidata.org/entity/Q97773470,Volkswagen Polo Liftback (2020),http://www.wikidata.org/entity/Q3231690,модель автомобиля,http://www.wikidata.org/entity/Q246,Volkswagen,Германия,,,,,,,,http://commons.wikimedia.org/wiki/Special:FilePath/Volkswagen%20Polo%20sedan%202020%20%28Russia%2C%20front%20view%203%29.png
http://www.wikidata.org/entity/Q32860581,Volkswagen Polo sedan,http://www.wikidata.org/entity/Q3231690,модель автомобиля,http://www.wikidata.org/entity/Q246,Volkswagen,Германия,,Volkswagen Polo Classic,Volkswagen Virtus,,1699,,,http://commons.wikimedia.org/wiki/Special:FilePath/Volkswagen%20Polo%20Sedan%202.JPG
http://www.wikidata.org/entity/Q39075622,Volkswagen T-Cross,http://www.wikidata.org/entity/Q3231690,модель автомобиля,http://www.wikidata.org/entity/Q246,Volkswagen,Германия,,,,4108,1760,1584,1275,http://commons.wikimedia.org/wiki/Special:FilePath/2019%20Volkswagen%20T-Cross%20First%20Edition%20TSi%201.0.jpg
http://www.wikidata.org/entity/Q15966358,Volkswagen T-Roc,http://www.wikidata.org/entity/Q3231690,модель автомобиля,http://www.wikidata.org/entity/Q246,Volkswagen,Германия,,,,4234,1819,1573,,http://commons.wikimedia.org/wiki/Special:FilePath/2018%20Volkswagen%20T-Roc%20Front%20%282%29.jpg
http://www.wikidata.org/entity/Q95984320,Volkswagen Taigo,http://www.wikidata.org/entity/Q3231690,модель автомобиля,http://www.wikidata.org/entity/Q246,Volkswagen,Германия,,,,,,1493,1199,http://commons.wikimedia.org/wiki/Special:FilePath/Volkswagen%20Taigo%201X7A6742.jpg
http://www.wikidata.org/entity/Q106580835,Volkswagen Talagon,http://www.wikidata.org/entity/Q3231690,модель автомобиля,http://www.wikidata.org/entity/Q246,Volkswagen,Германия,,,,5152,2002,1795,,http://commons.wikimedia.org/wiki/Special:FilePath/2021%20FAW-Volkswagen%20Talagon%20%28front%29.jpg
http://www.wikidata.org/entity/Q56402691,Volkswagen Taos,http://www.wikidata.org/entity/Q3231690,модель автомобиля,http://www.wikidata.org/entity/Q246,Volkswagen,Германия,,,,4453,1841,1632,,http://commons.wikimedia.org/wiki/Special:FilePath/2025%20Volkswagen%20Taos%20DSC%202865.jpg
http://www.wikidata.org/entity/Q113677858,Volkswagen Tavendor,http://www.wikidata.org/entity/Q3231690,модель автомобиля,http://www.wikidata.org/entity/Q246,Volkswagen,Германия,,,,,,,,http://commons.wikimedia.org/wiki/Special:FilePath/VOLKSWAGEN%20TAVENDOR%20%283%29.jpg
http://www.wikidata.org/entity/Q77251000,Volkswagen Viloran,http://www.wikidata.org/entity/Q3231690,модель автомобиля,http://www.wikidata.org/entity/Q246,Volkswagen,Германия,,,,,,,,http://commons.wikimedia.org/wiki/Special:FilePath/2020%20SAIC-Volkswagen%20Viloran%20330TSI%20%28front%29.jpg
http://www.wikidata.org/entity/Q43706733,Volkswagen Virtus,http://www.wikidata.org/entity/Q3231690,модель автомобиля,http://www.wikidata.org/entity/Q246,Volkswagen,Германия,,Volkswagen Polo Mk5,,4482,1751,1472,,http://commons.wikimedia.org/wiki/Special:FilePath/Sal%C3%A3o%20do%20Autom%C3%B3vel%202018%20%2845890970041%29.jpg
http://www.wikidata.org/entity/Q17632770,Volkswagen e-Golf,http://www.wikidata.org/entity/Q3231690,модель автомобиля,http://www.wikidata.org/entity/Q246,Volkswagen,Германия,,,,4255,1799,1442,,http://commons.wikimedia.org/wiki/Special:FilePath/VW%20e-Golf%20%28VII%29%20%E2%80%93%20Frontansicht%2C%2019.%20Juni%202014%2C%20D%C3%BCsseldorf.jpg
http://www.wikidata.org/entity/Q112635444,Volkswagen e-Lavida,http://www.wikidata.org/entity/Q3231690,модель автомобиля,http://www.wikidata.org/entity/Q246,Volkswagen,Германия,,,,,,,,
http://www.wikidata.org/entity/Q678949,Volkswagen Тур 82,http://www.wikidata.org/entity/Q3231690,модель автомобиля,http://www.wikidata.org/entity/Q246,Volkswagen,Германия,,Volkswagen Typ 166,Volkswagen 181,3740,1600,1380,,http://commons.wikimedia.org/wiki/Special:FilePath/VW%20Kuebelwagen%201.jpg
http://www.wikidata.org/entity/Q27765737,Volkswagen Teramont,http://www.wikidata.org/entity/Q3231690,модель автомобиля,http://www.wikidata.org/entity/Q246,Volkswagen,Германия,2016-12-14T00:00:00Z,,,5037,1979,1768,,http://commons.wikimedia.org/wiki/Special:FilePath/Volkswagen%20Teramont%20Pro%20001%20%28cropped%29.jpg
http://www.wikidata.org/entity/Q56218637,Volkswagen Jetta (A7),http://www.wikidata.org/entity/Q3231690,модель автомобиля,http://www.wikidata.org/entity/Q246,Volkswagen,Германия,2018-01-01T00:00:00Z,Volkswagen Jetta (A6),,4702,1799,1474,1331,http://commons.wikimedia.org/wiki/Special:FilePath/2025%20Volkswagen%20Jetta%20VII%20DSC%207417.jpg
http://www.wikidata.org/entity/Q2804891,Volkswagen Tarek,http://www.wikidata.org/entity/Q90834785,модель гоночного автомобиля,http://www.wikidata.org/entity/Q246,Volkswagen,Германия,,,,,,,,http://commons.wikimedia.org/wiki/Special:FilePath/Volkswagen%20Tarek%20Paris-Dakar%202003%20frontright%202010-04-08%20A.jpg
http://www.wikidata.org/entity/Q9369095,Q9369095,http://www.wikidata.org/entity/Q21546143,модель грузовика,http://www.wikidata.org/entity/Q246,Volkswagen,Германия,,,,,,,,
http://www.wikidata.org/entity/Q80564517,Volkswagen EA113,http://www.wikidata.org/entity/Q15057021,модель двигателя,http://www.wikidata.org/entity/Q246,Volkswagen,Германия,,Volkswagen EA828,,,,,,
http://www.wikidata.org/entity/Q21013628,Volkswagen EA189,http://www.wikidata.org/entity/Q15057021,модель двигателя,http://www.wikidata.org/entity/Q246,Volkswagen,Германия,,,,,,,,
http://www.wikidata.org/entity/Q10392374,Volkswagen Logus,http://www.wikidata.org/entity/Q29048322,модель транспортного средства,http://www.wikidata.org/entity/Q246,Volkswagen,Германия,,,,,,,,http://commons.wikimedia.org/wiki/Special:FilePath/Volkswagen%20Logus.JPG
http://www.wikidata.org/entity/Q10392379,Volkswagen Santana Quantum,http://www.wikidata.org/entity/Q29048322,модель транспортного средства,http://www.wikidata.org/entity/Q246,Volkswagen,Германия,,,,,,,,http://commons.wikimedia.org/wiki/Special:FilePath/Santana%20quantum%201987.jpg
http://www.wikidata.org/entity/Q55637210,Volkswagen ID. series,http://www.wikidata.org/entity/Q59773381,модельный ряд автомобилей,http://www.wikidata.org/entity/Q246,Volkswagen,Германия,,,,,,,,http://commons.wikimedia.org/wiki/Special:FilePath/Diess%2C%20ID%20lineup%2C%20GIMS%202018%2C%20Le%20Grand-Saconnex%20%281X7A9912%29.jpg
http://www.wikidata.org/entity/Q753040,Volkswagen Sharan,http://www.wikidata.org/entity/Q59773381,модельный ряд автомобилей,http://www.wikidata.org/entity/Q246,Volkswagen,Германия,,,,,,,,http://commons.wikimedia.org/wiki/Special:FilePath/VW%20Sharan%20%281%29.JPG
http://www.wikidata.org/entity/Q1982880,Volkswagen Group New Small Family,http://www.wikidata.org/entity/Q632300,платформа,http://www.wikidata.org/entity/Q246,Volkswagen,Германия,,,,,,,,http://commons.wikimedia.org/wiki/Special:FilePath/VW%20high%20up%21%201.0%20%E2%80%93%20Frontansicht%2C%2017.%20M%C3%A4rz%202012%2C%20D%C3%BCsseldorf.jpg
http://www.wikidata.org/entity/Q55188744,Volkswagen I.D. R,http://www.wikidata.org/entity/Q972011,спортпрототип,http://www.wikidata.org/entity/Q246,Volkswagen,Германия,,,,5200,2350,1200,1100,http://commons.wikimedia.org/wiki/Special:FilePath/Volkswagen%20I.D.%20R.jpg
http://www.wikidata.org/entity/Q24933995,ГАЗ-3301,http://www.wikidata.org/entity/Q137188255,military vehicle family,http://www.wikidata.org/entity/Q28616,Горьковский автомобильный завод,Россия,,,,,,,,
http://www.wikidata.org/entity/Q298693,АТ-Т,http://www.wikidata.org/entity/Q137188246,military vehicle model,http://www.wikidata.org/entity/Q28616,Горьковский автомобильный завод,Россия,,,,,,,,http://commons.wikimedia.org/wiki/Special:FilePath/%D0%90%D1%80%D1%82%D0%B8%D0%BB%D0%BB%D0%B5%D1%80%D0%B8%D0%B9%D1%81%D0%BA%D0%B8%D0%B9%20%D1%82%D1%8F%D0%B3%D0%B0%D1%87%20%D0%90%D0%A2-%D0%A2%20%D0%B2%20%D0%BC%D1%83%D0%B7%D0%B5%D0%B5%20%D1%82%D0%B5%D1%85%D0%BD%D0%B8%D0%BA%D0%B8%20%D0%92%D0%B0%D0%B4%D0%B8%D0%BC%D0%B0%20%D0%97%D0%B0%D0%B4%D0%BE%D1%80%D0%BE%D0%B6%D0%BD%D0%BE%D0%B3%D0%BE.jpg
http://www.wikidata.org/entity/Q3756296,ГТ-С,http://www.wikidata.org/entity/Q137188246,military vehicle model,http://www.wikidata.org/entity/Q28616,Горьковский автомобильный завод,Россия,,,,,,,,http://commons.wikimedia.org/wiki/Special:FilePath/GT-S%20transpoter%2C%20Technical%20museum%20Togliatti.JPG
http://www.wikidata.org/entity/Q4370928,Полугусеничный автомобиль на базе ГАЗ-63,http://www.wikidata.org/entity/Q137188246,military vehicle model,http://www.wikidata.org/entity/Q28616,Горьковский автомобильный завод,Россия,,,,,,,,
http://www.wikidata.org/entity/Q119058,Волга,http://www.wikidata.org/entity/Q10429667,автомобильная марка,http://www.wikidata.org/entity/Q28616,Горьковский автомобильный завод,Россия,,,,,,,,
http://www.wikidata.org/entity/Q113409326,ГАЗ-3934 «Сиам»,http://www.wikidata.org/entity/Q3030378,бронированный автомобиль,http://www.wikidata.org/entity/Q28616,Горьковский автомобильный завод,Россия,,,,,,,,http://commons.wikimedia.org/wiki/Special:FilePath/Gaz%20siam.jpg
http://www.wikidata.org/entity/Q4130622,ГАЗ-3409,http://www.wikidata.org/entity/Q474698,машина-амфибия,http://www.wikidata.org/entity/Q28616,Горьковский автомобильный завод,Россия,,,,,,,,http://commons.wikimedia.org/wiki/Special:FilePath/ZZ3%20at%20tundra.png
http://www.wikidata.org/entity/Q113411460,ГАЗель City,http://www.wikidata.org/entity/Q23039057,модель автобуса,http://www.wikidata.org/entity/Q28616,Горьковский автомобильный завод,Россия,,,,6600,2510,2720,,http://commons.wikimedia.org/wiki/Special:FilePath/GAZ%20city%20bus.jpg
http://www.wikidata.org/entity/Q131386720,микроавтобус Газель Некст,http://www.wikidata.org/entity/Q23039057,модель автобуса,http://www.wikidata.org/entity/Q28616,Горьковский автомобильный завод,Россия,,,,,,,,
http://www.wikidata.org/entity/Q578528,Volga Siber,http://www.wikidata.org/entity/Q3231690,модель автомобиля,http://www.wikidata.org/entity/Q28616,Горьковский автомобильный завод,Россия,,Chrysler Sebring,,4844,1792,1394,1555,http://commons.wikimedia.org/wiki/Special:FilePath/Volga%20Siber%20front%20Moscow%20autoshow%202008%2026%2008.jpg
http://www.wikidata.org/entity/Q135640351,ГАЗ SDV 3.5,http://www.wikidata.org/entity/Q3231690,модель автомобиля,http://www.wikidata.org/entity/Q28616,Горьковский автомобильный завод,Россия,,,,,,,,http://commons.wikimedia.org/wiki/Special:FilePath/%D0%93%D0%90%D0%97%20SDV%203.5%20%D0%BD%D0%B0%20%D0%B2%D1%8B%D1%81%D1%82%D0%B0%D0%B2%D0%BA%D0%B5%20%D0%9A%D0%BE%D0%BC%D0%A2%D1%80%D0%B0%D0%BD%D1%81%202023%20%D0%B2%20%D0%9C%D0%BE%D1%81%D0%BA%D0%B2%D0%B5.jpg
http://www.wikidata.org/entity/Q4130646,ГАЗ Ермак,http://www.wikidata.org/entity/Q3231690,модель автомобиля,http://www.wikidata.org/entity/Q28616,Горьковский автомобильный завод,Россия,,ГАЗ-3307,,,,,,
http://www.wikidata.org/entity/Q7133282,ГАЗ-13,http://www.wikidata.org/entity/Q3231690,модель автомобиля,http://www.wikidata.org/entity/Q28616,Горьковский автомобильный завод,Россия,,ГАЗ-М-12 «ЗиМ»,ГАЗ-14,5600,2000,1620,2100,http://commons.wikimedia.org/wiki/Special:FilePath/Russian%20car%20GAZ-13%20Chaika.jpg
http://www.wikidata.org/entity/Q4130600,ГАЗ-14,http://www.wikidata.org/entity/Q3231690,модель автомобиля,http://www.wikidata.org/entity/Q28616,Горьковский автомобильный завод,Россия,,ГАЗ-13,ГАЗ-3105,6114,2020,1525,2605,http://commons.wikimedia.org/wiki/Special:FilePath/Tschaika%20GAZ-14%20%2810377305725%29.jpg
http://www.wikidata.org/entity/Q17613242,ГАЗ-16,http://www.wikidata.org/entity/Q3231690,модель автомобиля,http://www.wikidata.org/entity/Q28616,Горьковский автомобильный завод,Россия,,,,,,,,
http://www.wikidata.org/entity/Q1922450,ГАЗ-21,http://www.wikidata.org/entity/Q3231690,модель автомобиля,http://www.wikidata.org/entity/Q28616,Горьковский автомобильный завод,Россия,,ГАЗ-М-20 «Победа»,ГАЗ-24,4830,1800,1620,1400,http://commons.wikimedia.org/wiki/Special:FilePath/Hammond%20Slides%20Russia%2020.jpg
http://www.wikidata.org/entity/Q16635175,ГАЗ-21,http://www.wikidata.org/entity/Q3231690,модель автомобиля,http://www.wikidata.org/entity/Q28616,Горьковский автомобильный завод,Россия,,,ГАЗ-61,4830,1772,1840,,http://commons.wikimedia.org/wiki/Special:FilePath/%D0%A1%D0%BE%D0%B2%D0%B5%D1%82%D1%81%D0%BA%D0%B8%D0%B9%20%D0%B0%D0%B2%D1%82%D0%BE%D0%BC%D0%BE%D0%B1%D0%B8%D0%BB%D1%8C%20%D0%93%D0%90%D0%97-21%201936%20%D0%B3.%20%28%D0%BC%D0%BE%D0%B4%D0%B5%D0%BB%D1%8C%29.JPG
http://www.wikidata.org/entity/Q1652411,ГАЗ-22,http://www.wikidata.org/entity/Q3231690,модель автомобиля,http://www.wikidata.org/entity/Q28616,Горьковский автомобильный завод,Россия,,,ГАЗ-24-02,,,,,http://commons.wikimedia.org/wiki/Special:FilePath/%D0%93%D0%90%D0%97-22%20GAZ-22%20OLD%20CAR%20LAND.jpg
http://www.wikidata.org/entity/Q17462831,ГАЗ-2308 Атаман,http://www.wikidata.org/entity/Q3231690,модель автомобиля,http://www.wikidata.org/entity/Q28616,Горьковский автомобильный завод,Россия,,,,,,,,http://commons.wikimedia.org/wiki/Special:FilePath/%D0%93%D0%90%D0%97-2308%20%D0%90%D1%82%D0%B0%D0%BC%D0%B0%D0%BD.jpg
http://www.wikidata.org/entity/Q4130599,ГАЗ-2332 CityVan,http://www.wikidata.org/entity/Q3231690,модель автомобиля,http://www.wikidata.org/entity/Q28616,Горьковский автомобильный завод,Россия,,,,4500,1814,2000,,http://commons.wikimedia.org/wiki/Special:FilePath/GAZ-2332%20CityVan.jpg
http://www.wikidata.org/entity/Q694866,ГАЗ-24,http://www.wikidata.org/entity/Q3231690,модель автомобиля,http://www.wikidata.org/entity/Q28616,Горьковский автомобильный завод,Россия,,ГАЗ-21,ГАЗ-3102,4735,1800,1490,1420,http://commons.wikimedia.org/wiki/Special:FilePath/GAZ-24%20Volga%20IMG%202815.jpg
http://www.wikidata.org/entity/Q3623117,ГАЗ-24-02,http://www.wikidata.org/entity/Q3231690,модель автомобиля,http://www.wikidata.org/entity/Q28616,Горьковский автомобильный завод,Россия,,ГАЗ-22,ГАЗ-24-10,,,,,http://commons.wikimedia.org/wiki/Special:FilePath/Wolga%20%287907049306%29.jpg
http://www.wikidata.org/entity/Q4130605,ГАЗ-24-10,http://www.wikidata.org/entity/Q3231690,модель автомобиля,http://www.wikidata.org/entity/Q28616,Горьковский автомобильный завод,Россия,,ГАЗ-24,ГАЗ-31029,,,,,http://commons.wikimedia.org/wiki/Special:FilePath/%D0%AD%D1%82%D0%BE%20%D0%92%D0%BE%D0%BB%D0%B3%D0%B0%203110%202013-11-24%2017-44.jpg
http://www.wikidata.org/entity/Q4130602,ГАЗ-24-24,http://www.wikidata.org/entity/Q3231690,модель автомобиля,http://www.wikidata.org/entity/Q28616,Горьковский автомобильный завод,Россия,,ГАЗ-23,ГАЗ-24-34,,,,,http://commons.wikimedia.org/wiki/Special:FilePath/UMMC%20Museum%20Complex%20289.jpg
http://www.wikidata.org/entity/Q116452850,ГАЗ-24-95,http://www.wikidata.org/entity/Q3231690,модель автомобиля,http://www.wikidata.org/entity/Q28616,Горьковский автомобильный завод,Россия,,,,4735,1800,1600,,http://commons.wikimedia.org/wiki/Special:FilePath/%D0%93%D0%90%D0%97-24-95%20%D0%B2%20%D0%BC%D1%83%D0%B7%D0%B5%D0%B5%20%D0%93%D0%B0%D1%80%D0%B0%D0%B6%D0%B0%20%D0%BE%D1%81%D0%BE%D0%B1%D0%BE%D0%B3%D0%BE%20%D0%BD%D0%B0%D0%B7%D0%BD%D0%B0%D1%87%D0%B5%D0%BD%D0%B8%D1%8F%20%2852307485242%29.jpg
http://www.wikidata.org/entity/Q131056410,ГАЗ-2705,http://www.wikidata.org/entity/Q3231690,модель автомобиля,http://www.wikidata.org/entity/Q28616,Горьковский автомобильный завод,Россия,,,,,,,,http://commons.wikimedia.org/wiki/Special:FilePath/GAZ%202705.jpg
http://www.wikidata.org/entity/Q4130609,ГАЗ-3102,http://www.wikidata.org/entity/Q3231690,модель автомобиля,http://www.wikidata.org/entity/Q28616,Горьковский автомобильный завод,Россия,,ГАЗ-24,,4960,1820,1476,,http://commons.wikimedia.org/wiki/Special:FilePath/GAZ-3102-mid-1990s.jpg
http://www.wikidata.org/entity/Q16635163,ГАЗ-31022,http://www.wikidata.org/entity/Q3231690,модель автомобиля,http://www.wikidata.org/entity/Q28616,Горьковский автомобильный завод,Россия,,ГАЗ-24-10,,,,,,http://commons.wikimedia.org/wiki/Special:FilePath/GAZ-310223.JPG
http://www.wikidata.org/entity/Q4130610,ГАЗ-31029,http://www.wikidata.org/entity/Q3231690,модель автомобиля,http://www.wikidata.org/entity/Q28616,Горьковский автомобильный завод,Россия,,ГАЗ-24-10,ГАЗ-3110,,,,,http://commons.wikimedia.org/wiki/Special:FilePath/Gaz-31029-front-part.jpg
http://www.wikidata.org/entity/Q2423503,ГАЗ-3105,http://www.wikidata.org/entity/Q3231690,модель автомобиля,http://www.wikidata.org/entity/Q28616,Горьковский автомобильный завод,Россия,,ГАЗ-3102,,5050,,,,http://commons.wikimedia.org/wiki/Special:FilePath/Moscow%20car%20show%202025-08-03%20GAZ-3105%201992%2001.jpg
http://www.wikidata.org/entity/Q4130607,ГАЗ-3106,http://www.wikidata.org/entity/Q3231690,модель автомобиля,http://www.wikidata.org/entity/Q28616,Горьковский автомобильный завод,Россия,,,,,,,,http://commons.wikimedia.org/wiki/Special:FilePath/GAZ%203106.jpg
http://www.wikidata.org/entity/Q7290047,ГАЗ-3110,http://www.wikidata.org/entity/Q3231690,модель автомобиля,http://www.wikidata.org/entity/Q28616,Горьковский автомобильный завод,Россия,,ГАЗ-31029,ГАЗ-31105,4870,1810,1422,,http://commons.wikimedia.org/wiki/Special:FilePath/GAZ-3110%20%281997-2004%29.jpg
http://www.wikidata.org/entity/Q4130617,ГАЗ-31105,http://www.wikidata.org/entity/Q3231690,модель автомобиля,http://www.wikidata.org/entity/Q28616,Горьковский автомобильный завод,Россия,,ГАЗ-3110,Volga Siber,,,,,http://commons.wikimedia.org/wiki/Special:FilePath/Volga%2031105.jpg
http://www.wikidata.org/entity/Q4130616,ГАЗ-3111,http://www.wikidata.org/entity/Q3231690,модель автомобиля,http://www.wikidata.org/entity/Q28616,Горьковский автомобильный завод,Россия,,ГАЗ-3110,,,,,,http://commons.wikimedia.org/wiki/Special:FilePath/Etmr%2015%20%E2%80%93%20GAZ.jpg
http://www.wikidata.org/entity/Q17495035,ГАЗ-3115,http://www.wikidata.org/entity/Q3231690,модель автомобиля,http://www.wikidata.org/entity/Q28616,Горьковский автомобильный завод,Россия,,,,,,,,http://commons.wikimedia.org/wiki/Special:FilePath/GAZ-3115%20Volga%20-%20GAZ%20museum.jpg
http://www.wikidata.org/entity/Q678596,ГАЗ-46,http://www.wikidata.org/entity/Q3231690,модель автомобиля,http://www.wikidata.org/entity/Q28616,Горьковский автомобильный завод,Россия,,,,,,,,http://commons.wikimedia.org/wiki/Special:FilePath/GAZ%2046%20at%20Sinsheim%20pic2.JPG
http://www.wikidata.org/entity/Q4130633,ГАЗ-55,http://www.wikidata.org/entity/Q3231690,модель автомобиля,http://www.wikidata.org/entity/Q28616,Горьковский автомобильный завод,Россия,,,,,,,,http://commons.wikimedia.org/wiki/Special:FilePath/GAZ-55%20-%20UGMK%20Museum%20Complex%20in%20Ekaterinburg%202021.jpg
http://www.wikidata.org/entity/Q4130629,ГАЗ-56,http://www.wikidata.org/entity/Q3231690,модель автомобиля,http://www.wikidata.org/entity/Q28616,Горьковский автомобильный завод,Россия,,,,,,,,
http://www.wikidata.org/entity/Q2291198,ГАЗ-61,http://www.wikidata.org/entity/Q3231690,модель автомобиля,http://www.wikidata.org/entity/Q28616,Горьковский автомобильный завод,Россия,,ГАЗ-21,ГАЗ-М-20 «Победа»,4670,1750,1905,1650,http://commons.wikimedia.org/wiki/Special:FilePath/%D0%93%D0%B0%D0%B7-61.JPG
http://www.wikidata.org/entity/Q4130635,ГАЗ-62,http://www.wikidata.org/entity/Q3231690,модель автомобиля,http://www.wikidata.org/entity/Q28616,Горьковский автомобильный завод,Россия,,ГАЗ-63,ГАЗ-66,,,,,http://commons.wikimedia.org/wiki/Special:FilePath/GAZ-62%201953%200.jpg
http://www.wikidata.org/entity/Q1484709,ГАЗ-64,http://www.wikidata.org/entity/Q3231690,модель автомобиля,http://www.wikidata.org/entity/Q28616,Горьковский автомобильный завод,Россия,,ГАЗ-61,ГАЗ-67Б,3350,1430,1700,1200,http://commons.wikimedia.org/wiki/Special:FilePath/GAZ%2064.jpg
http://www.wikidata.org/entity/Q2344243,ГАЗ-67Б,http://www.wikidata.org/entity/Q3231690,модель автомобиля,http://www.wikidata.org/entity/Q28616,Горьковский автомобильный завод,Россия,,ГАЗ-64,ГАЗ-69,3345,1685,1700,1320,http://commons.wikimedia.org/wiki/Special:FilePath/Gaz-67.jpg
http://www.wikidata.org/entity/Q327201,ГАЗ-69,http://www.wikidata.org/entity/Q3231690,модель автомобиля,http://www.wikidata.org/entity/Q28616,Горьковский автомобильный завод,Россия,,ГАЗ-67Б,УАЗ-469,3850,1850,2030,1525,http://commons.wikimedia.org/wiki/Special:FilePath/Gaz69-2.jpg
http://www.wikidata.org/entity/Q327201,ГАЗ-69,http://www.wikidata.org/entity/Q3231690,модель автомобиля,http://www.wikidata.org/entity/Q28616,Горьковский автомобильный завод,Россия,,ГАЗ-67Б,ГАЗ-69А,3850,1850,2030,1525,http://commons.wikimedia.org/wiki/Special:FilePath/Gaz69-2.jpg
http://www.wikidata.org/entity/Q61355191,ГАЗ-69А,http://www.wikidata.org/entity/Q3231690,модель автомобиля,http://www.wikidata.org/entity/Q28616,Горьковский автомобильный завод,Россия,,,,,,,,
http://www.wikidata.org/entity/Q4130638,ГАЗ-А-Аэро,http://www.wikidata.org/entity/Q3231690,модель автомобиля,http://www.wikidata.org/entity/Q28616,Горьковский автомобильный завод,Россия,,ГАЗ-А,,,,,,http://commons.wikimedia.org/wiki/Special:FilePath/Za%20Rulem%201928-01%20cover.png
http://www.wikidata.org/entity/Q4130640,ГАЗ-АААА,http://www.wikidata.org/entity/Q3231690,модель автомобиля,http://www.wikidata.org/entity/Q28616,Горьковский автомобильный завод,Россия,,,,,,,,
http://www.wikidata.org/entity/Q1985493,ГАЗ-М-1,http://www.wikidata.org/entity/Q3231690,модель автомобиля,http://www.wikidata.org/entity/Q28616,Горьковский автомобильный завод,Россия,,,,4625,1770,1775,1370,http://commons.wikimedia.org/wiki/Special:FilePath/GAZ-M1%20in%20the%20UMMC%20museum%20%282026-02-28%29%20-%200.jpg
http://www.wikidata.org/entity/Q734612,ГАЗ-М-12 «ЗиМ»,http://www.wikidata.org/entity/Q3231690,модель автомобиля,http://www.wikidata.org/entity/Q28616,Горьковский автомобильный завод,Россия,,ГАЗ-М-1,Чайка,5530,1900,1660,1800,http://commons.wikimedia.org/wiki/Special:FilePath/GAZ-12%20ZIM%20%C5%B9mitrok%20Biadula%20Rd%20Minsk%2024%20August%202014.JPG
http://www.wikidata.org/entity/Q694025,ГАЗ-М-20 «Победа»,http://www.wikidata.org/entity/Q3231690,модель автомобиля,http://www.wikidata.org/entity/Q28616,Горьковский автомобильный завод,Россия,,ГАЗ-М-1,ГАЗ-21,4665,1695,1590,1350,http://commons.wikimedia.org/wiki/Special:FilePath/GAZ%20M%2020%20Pobjeda%20t%C3%ADpus%C3%BA%20szem%C3%A9lyg%C3%A9pkocsi.%20Fortepan%205290.jpg
http://www.wikidata.org/entity/Q4130647,ГАЗ-М-415,http://www.wikidata.org/entity/Q3231690,модель автомобиля,http://www.wikidata.org/entity/Q28616,Горьковский автомобильный завод,Россия,,ГАЗ-4,ГАЗ-М-20 «Победа»,4655,1770,1775,1455,http://commons.wikimedia.org/wiki/Special:FilePath/%D0%93%D0%B0%D0%B7-%D0%BC-415.JPG
http://www.wikidata.org/entity/Q4130645,ГАЗ-М-72,http://www.wikidata.org/entity/Q3231690,модель автомобиля,http://www.wikidata.org/entity/Q28616,Горьковский автомобильный завод,Россия,,ГАЗ-61,,4665,1695,1790,1615,http://commons.wikimedia.org/wiki/Special:FilePath/%D0%93%D0%90%D0%97%20%D0%9C-72%20%D0%A5%D0%B0%D0%B1%D0%B0%D1%80%D0%BE%D0%B2%D1%81%D0%BA%20%D0%94%D0%B5%D0%BD%D1%8C%20%D0%B3%D0%BE%D1%80%D0%BE%D0%B4%D0%B0.JPG
http://www.wikidata.org/entity/Q4131652,ГАЗель Бизнес,http://www.wikidata.org/entity/Q3231690,модель автомобиля,http://www.wikidata.org/entity/Q28616,Горьковский автомобильный завод,Россия,,Газель,ГАЗель Next,,2095,2120,,http://commons.wikimedia.org/wiki/Special:FilePath/GAZelleBusiness.JPG
http://www.wikidata.org/entity/Q17613250,ГАЗон-Next,http://www.wikidata.org/entity/Q3231690,модель автомобиля,http://www.wikidata.org/entity/Q28616,Горьковский автомобильный завод,Россия,,ГАЗ-3307,,,,,,http://commons.wikimedia.org/wiki/Special:FilePath/GAZ%20GAZon%20Next%20flatbed%20truck%20%28cropped%29.jpg
http://www.wikidata.org/entity/Q650464,Газель,http://www.wikidata.org/entity/Q3231690,модель автомобиля,http://www.wikidata.org/entity/Q28616,Горьковский автомобильный завод,Россия,,,ГАЗель Next,5500,1966,2200,,http://commons.wikimedia.org/wiki/Special:FilePath/GAZ-3302%20GAZ%20museum.jpg
http://www.wikidata.org/entity/Q4425899,Соболь,http://www.wikidata.org/entity/Q3231690,модель автомобиля,http://www.wikidata.org/entity/Q28616,Горьковский автомобильный завод,Россия,,,,,,,,http://commons.wikimedia.org/wiki/Special:FilePath/%D0%93%D0%90%D0%97-2217%20%D0%B2%20%D0%9C%D0%BE%D1%81%D0%BA%D0%B2%D0%B5%2C%20%D0%BD%D0%B0%20%D1%83%D0%BB%D0%B8%D1%86%D0%B5%20%D0%90%D0%B2%D1%82%D0%BE%D0%BC%D0%BE%D1%82%D0%BE%D1%80%D0%BD%D0%BE%D0%B9%20%282016%29.jpg
http://www.wikidata.org/entity/Q908182,Чайка,http://www.wikidata.org/entity/Q3231690,модель автомобиля,http://www.wikidata.org/entity/Q28616,Горьковский автомобильный завод,Россия,,ГАЗ-М-12 «ЗиМ»,,5600,,,,http://commons.wikimedia.org/wiki/Special:FilePath/GAZ-13%20Chaika%20at%20the%20Oldtimer%20Expo%202007.jpg
http://www.wikidata.org/entity/Q2391487,ГАЗ-А,http://www.wikidata.org/entity/Q3231690,модель автомобиля,http://www.wikidata.org/entity/Q28616,Горьковский автомобильный завод,Россия,1932-01-01T00:00:00Z,,ГАЗ-М-1,3875,1710,1780,1080,http://commons.wikimedia.org/wiki/Special:FilePath/GAZ-A-1974.jpg
http://www.wikidata.org/entity/Q2552048,БА-20,http://www.wikidata.org/entity/Q100710213,модель боевой машины,http://www.wikidata.org/entity/Q28616,Горьковский автомобильный завод,Россия,,,,4.31,1.75,2.13,2.5,http://commons.wikimedia.org/wiki/Special:FilePath/%D0%91%D1%80%D0%BE%D0%BD%D0%B5%D0%B0%D0%B2%D1%82%D0%BE%D0%BC%D0%BE%D0%B1%D0%B8%D0%BB%D1%8C%20%D0%91%D0%90-20%D0%9C%20%D0%B2%20%D0%9C%D1%83%D0%B7%D0%B5%D0%B5%20%D0%BE%D1%82%D0%B5%D1%87%D0%B5%D1%81%D1%82%D0%B2%D0%B5%D0%BD%D0%BD%D0%BE%D0%B9%20%D0%B2%D0%BE%D0%B5%D0%BD%D0%BD%D0%BE%D0%B9%20%D0%B8%D1%81%D1%82%D0%BE%D1%80%D0%B8%D0%B8%20%28cropped%29.jpg
http://www.wikidata.org/entity/Q4073860,БА-64-З,http://www.wikidata.org/entity/Q100710213,модель боевой машины,http://www.wikidata.org/entity/Q28616,Горьковский автомобильный завод,Россия,,,,,,,,
http://www.wikidata.org/entity/Q7290038,ГАЗ-ТК (бронеавтомобиль),http://www.wikidata.org/entity/Q100710213,модель боевой машины,http://www.wikidata.org/entity/Q28616,Горьковский автомобильный завод,Россия,,,,,,,,
http://www.wikidata.org/entity/Q4403286,СУ-85Б,http://www.wikidata.org/entity/Q100710213,модель боевой машины,http://www.wikidata.org/entity/Q28616,Горьковский автомобильный завод,Россия,,,,,,,,
http://www.wikidata.org/entity/Q462442,Т-60,http://www.wikidata.org/entity/Q100710213,модель боевой машины,http://www.wikidata.org/entity/Q28616,Горьковский автомобильный завод,Россия,,Т-40,Т-70,4100,2392,1750,5.8,http://commons.wikimedia.org/wiki/Special:FilePath/%D0%A2%D0%B0%D0%BD%D0%BA%20%D0%A2-60%20%D0%B2%20%D0%9C%D1%83%D0%B7%D0%B5%D0%B5%20%D0%BE%D1%82%D0%B5%D1%87%D0%B5%D1%81%D1%82%D0%B2%D0%B5%D0%BD%D0%BD%D0%BE%D0%B9%20%D0%B2%D0%BE%D0%B5%D0%BD%D0%BD%D0%BE%D0%B9%20%D0%B8%D1%81%D1%82%D0%BE%D1%80%D0%B8%D0%B8.jpg
http://www.wikidata.org/entity/Q2424775,Тигр,http://www.wikidata.org/entity/Q100710213,модель боевой машины,http://www.wikidata.org/entity/Q28616,Горьковский автомобильный завод,Россия,,,,4610,2200,2000,,http://commons.wikimedia.org/wiki/Special:FilePath/AMN%20233114%20TVM2012ch2p3photo015.jpg
http://www.wikidata.org/entity/Q4073956,БМ-21В,http://www.wikidata.org/entity/Q21546143,модель грузовика,http://www.wikidata.org/entity/Q28616,Горьковский автомобильный завод,Россия,,,,,,,,http://commons.wikimedia.org/wiki/Special:FilePath/Verkhnyaya%20Pyshma%20Tank%20Museum%202012%200153.jpg
http://www.wikidata.org/entity/Q4130618,ГАЗ-3307,http://www.wikidata.org/entity/Q21546143,модель грузовика,http://www.wikidata.org/entity/Q28616,Горьковский автомобильный завод,Россия,,ГАЗ-53,ГАЗон-Next,,,,,http://commons.wikimedia.org/wiki/Special:FilePath/GAZ%203307%20in%20Moskovsky.jpg
http://www.wikidata.org/entity/Q4130613,ГАЗ-3308,http://www.wikidata.org/entity/Q21546143,модель грузовика,http://www.wikidata.org/entity/Q28616,Горьковский автомобильный завод,Россия,,ГАЗ-66,ГАЗон-Next,,,,,http://commons.wikimedia.org/wiki/Special:FilePath/Interpolitex2016part2-11.jpg
http://www.wikidata.org/entity/Q4130619,ГАЗ-33086 «Земляк»,http://www.wikidata.org/entity/Q21546143,модель грузовика,http://www.wikidata.org/entity/Q28616,Горьковский автомобильный завод,Россия,,,ГАЗон-Next,,,,,http://commons.wikimedia.org/wiki/Special:FilePath/Gorky%20Automobile%20Plant%20in%20Nizhniy%20Novgorod%20%2828%29.jpg
http://www.wikidata.org/entity/Q4130624,ГАЗ-3310 Валдай,http://www.wikidata.org/entity/Q21546143,модель грузовика,http://www.wikidata.org/entity/Q28616,Горьковский автомобильный завод,Россия,,Ford A-Series,ГАЗон-Next,,,,,http://commons.wikimedia.org/wiki/Special:FilePath/GAZ-3310.png
http://www.wikidata.org/entity/Q4130625,ГАЗ-4,http://www.wikidata.org/entity/Q21546143,модель грузовика,http://www.wikidata.org/entity/Q28616,Горьковский автомобильный завод,Россия,,,ГАЗ-М-415,,,,,http://commons.wikimedia.org/wiki/Special:FilePath/Gaz-4%20%D0%9C%D1%83%D0%B7%D0%B5%D0%B9%D0%BD%D1%8B%D0%B9%20%D0%BA%D0%BE%D0%BC%D0%BF%D0%BB%D0%B5%D0%BA%D1%81%20%D0%A3%D0%93%D0%9C%D0%9A%20%28%D0%95%D0%BA%D0%B0%D1%82%D0%B5%D1%80%D0%B8%D0%BD%D0%B1%D1%83%D1%80%D0%B3%29%202021.jpg
http://www.wikidata.org/entity/Q4130626,ГАЗ-42,http://www.wikidata.org/entity/Q21546143,модель грузовика,http://www.wikidata.org/entity/Q28616,Горьковский автомобильный завод,Россия,,ГАЗ-АА,,,,,,http://commons.wikimedia.org/wiki/Special:FilePath/%D0%93%D0%B0%D0%B7%D0%BE%D0%B3%D0%B5%D0%BD%D0%B5%D1%80%D0%B0%D1%82%D0%BE%D1%80%D0%BD%D1%8B%D0%B9%20%D0%B0%D0%B2%D1%82%D0%BE%D0%BC%D0%BE%D0%B1%D0%B8%D0%BB%D1%8C%20%D0%BD%D0%B0%20%D0%B1%D0%B0%D0%B7%D0%B5%20%D0%93%D0%90%D0%97.%201943%20%D0%B3..jpg
http://www.wikidata.org/entity/Q707743,ГАЗ-51,http://www.wikidata.org/entity/Q21546143,модель грузовика,http://www.wikidata.org/entity/Q28616,Горьковский автомобильный завод,Россия,,ГАЗ-ММ,ГАЗ-52,,,,,http://commons.wikimedia.org/wiki/Special:FilePath/GAZ-51%20during%20the%20VII%20Aircraft%20Picnic%20in%20Krak%C3%B3w.jpg
http://www.wikidata.org/entity/Q4130628,ГАЗ-52,http://www.wikidata.org/entity/Q21546143,модель грузовика,http://www.wikidata.org/entity/Q28616,Горьковский автомобильный завод,Россия,,ГАЗ-51,ГАЗ-3307,,,,,http://commons.wikimedia.org/wiki/Special:FilePath/GAZ%20Soviet%20Truck.png
http://www.wikidata.org/entity/Q1006988,ГАЗ-53,http://www.wikidata.org/entity/Q21546143,модель грузовика,http://www.wikidata.org/entity/Q28616,Горьковский автомобильный завод,Россия,,ГАЗ-51,ГАЗ-3307,,,,,http://commons.wikimedia.org/wiki/Special:FilePath/GAZ-53%20Dushanbe.jpg
http://www.wikidata.org/entity/Q671755,ГАЗ-63,http://www.wikidata.org/entity/Q21546143,модель грузовика,http://www.wikidata.org/entity/Q28616,Горьковский автомобильный завод,Россия,,ГАЗ-51,ГАЗ-66,,,,,http://commons.wikimedia.org/wiki/Special:FilePath/2007-05-technik-04.jpg
http://www.wikidata.org/entity/Q20968298,ГАЗ-93,http://www.wikidata.org/entity/Q21546143,модель грузовика,http://www.wikidata.org/entity/Q28616,Горьковский автомобильный завод,Россия,,ГАЗ-ММ,,,,,,http://commons.wikimedia.org/wiki/Special:FilePath/GAS-51%20mit%20Ladeflaeche.jpg
http://www.wikidata.org/entity/Q20968298,ГАЗ-93,http://www.wikidata.org/entity/Q21546143,модель грузовика,http://www.wikidata.org/entity/Q28616,Горьковский автомобильный завод,Россия,,ГАЗ-ММ,,,,,,http://commons.wikimedia.org/wiki/Special:FilePath/GAZ-93.jpg
http://www.wikidata.org/entity/Q1484719,ГАЗ-АА,http://www.wikidata.org/entity/Q21546143,модель грузовика,http://www.wikidata.org/entity/Q28616,Горьковский автомобильный завод,Россия,,Ford Model AA,ГАЗ-51,,,,1.5,http://commons.wikimedia.org/wiki/Special:FilePath/GAZ-AA%20in%20Technical%20museum%20Togliatti.JPG
http://www.wikidata.org/entity/Q1484726,ГАЗ-ААА,http://www.wikidata.org/entity/Q21546143,модель грузовика,http://www.wikidata.org/entity/Q28616,Горьковский автомобильный завод,Россия,,ГАЗ-АА,,,,,,http://commons.wikimedia.org/wiki/Special:FilePath/%D0%93%D0%90%D0%97-%D0%90%D0%90%D0%90%20%D0%B2%D0%BE%20%D0%92%D0%BB%D0%B0%D0%B4%D0%B8%D0%B2%D0%BE%D1%81%D1%82%D0%BE%D0%BA%D0%B5%20%D1%841.JPG
http://www.wikidata.org/entity/Q1165658,ГАЗ-ММ,http://www.wikidata.org/entity/Q21546143,модель грузовика,http://www.wikidata.org/entity/Q28616,Горьковский автомобильный завод,Россия,,Ford Model AA,ГАЗ-51,,,,,http://commons.wikimedia.org/wiki/Special:FilePath/%D0%93%D0%90%D0%97-%D0%9C%D0%9C.JPG
http://www.wikidata.org/entity/Q4130650,ГАЗель Next,http://www.wikidata.org/entity/Q21546143,модель грузовика,http://www.wikidata.org/entity/Q28616,Горьковский автомобильный завод,Россия,,Газель,,5630,2068,2140,,http://commons.wikimedia.org/wiki/Special:FilePath/GAZel-NEXT-gruz.jpg
http://www.wikidata.org/entity/Q787396,BMW 003,http://www.wikidata.org/entity/Q15057021,модель двигателя,http://www.wikidata.org/entity/Q28616,Горьковский автомобильный завод,Россия,,,,,,,,http://commons.wikimedia.org/wiki/Special:FilePath/BMW%20003%20jet%20engine.JPG
http://www.wikidata.org/entity/Q26789521,ЗМЗ-41,http://www.wikidata.org/entity/Q15057021,модель двигателя,http://www.wikidata.org/entity/Q28616,Горьковский автомобильный завод,Россия,,,,,,,,
http://www.wikidata.org/entity/Q298693,АТ-Т,http://www.wikidata.org/entity/Q55725952,модель трактора,http://www.wikidata.org/entity/Q28616,Горьковский автомобильный завод,Россия,,,,,,,,http://commons.wikimedia.org/wiki/Special:FilePath/%D0%90%D1%80%D1%82%D0%B8%D0%BB%D0%BB%D0%B5%D1%80%D0%B8%D0%B9%D1%81%D0%BA%D0%B8%D0%B9%20%D1%82%D1%8F%D0%B3%D0%B0%D1%87%20%D0%90%D0%A2-%D0%A2%20%D0%B2%20%D0%BC%D1%83%D0%B7%D0%B5%D0%B5%20%D1%82%D0%B5%D1%85%D0%BD%D0%B8%D0%BA%D0%B8%20%D0%92%D0%B0%D0%B4%D0%B8%D0%BC%D0%B0%20%D0%97%D0%B0%D0%B4%D0%BE%D1%80%D0%BE%D0%B6%D0%BD%D0%BE%D0%B3%D0%BE.jpg
http://www.wikidata.org/entity/Q689391,ГАЗ-66,http://www.wikidata.org/entity/Q22999537,модель транспорта,http://www.wikidata.org/entity/Q28616,Горьковский автомобильный завод,Россия,,ГАЗ-63,ГАЗ-3301,5660,2342,2440,3470,http://commons.wikimedia.org/wiki/Special:FilePath/GAZ%2066.jpg
http://www.wikidata.org/entity/Q2291198,ГАЗ-61,http://www.wikidata.org/entity/Q59773381,модельный ряд автомобилей,http://www.wikidata.org/entity/Q28616,Горьковский автомобильный завод,Россия,,ГАЗ-21,ГАЗ-М-20 «Победа»,4670,1750,1905,1650,http://commons.wikimedia.org/wiki/Special:FilePath/%D0%93%D0%B0%D0%B7-61.JPG
http://www.wikidata.org/entity/Q618603,БА-64,http://www.wikidata.org/entity/Q100709275,семейство боевых машин,http://www.wikidata.org/entity/Q28616,Горьковский автомобильный завод,Россия,,БА-20,,3.66,,1.9,2.36,http://commons.wikimedia.org/wiki/Special:FilePath/BA64%2026.jpg
http://www.wikidata.org/entity/Q265123,БРДМ-1,http://www.wikidata.org/entity/Q100709275,семейство боевых машин,http://www.wikidata.org/entity/Q28616,Горьковский автомобильный завод,Россия,,,,,,,,http://commons.wikimedia.org/wiki/Special:FilePath/BRDM-1%20in%20Museum%20of%20technique%202016-08-16.JPG
http://www.wikidata.org/entity/Q167968,БРДМ-2,http://www.wikidata.org/entity/Q100709275,семейство боевых машин,http://www.wikidata.org/entity/Q28616,Горьковский автомобильный завод,Россия,,БРДМ-1,,5.75,2.35,2.31,7,http://commons.wikimedia.org/wiki/Special:FilePath/BRDM-2%20on%20a%20military%20parade.JPEG
http://www.wikidata.org/entity/Q3632274,БТР-40,http://www.wikidata.org/entity/Q100709275,семейство боевых машин,http://www.wikidata.org/entity/Q28616,Горьковский автомобильный завод,Россия,,,БТР-152,5,1.9,1.75,5.3,http://commons.wikimedia.org/wiki/Special:FilePath/BTR-40-latrun-2.jpg
http://www.wikidata.org/entity/Q159911,БТР-60,http://www.wikidata.org/entity/Q100709275,семейство боевых машин,http://www.wikidata.org/entity/Q28616,Горьковский автомобильный завод,Россия,,БТР-152,БТР-70,7.56,2.82,2.31,10.3,http://commons.wikimedia.org/wiki/Special:FilePath/%D0%91%D1%80%D0%BE%D0%BD%D0%B5%D1%82%D1%80%D0%B0%D1%81%D0%BF%D0%BE%D1%80%D1%82%D0%B5%D1%80%20%D0%91%D0%A2%D0%A0-60.jpg
http://www.wikidata.org/entity/Q477818,БТР-80,http://www.wikidata.org/entity/Q100709275,семейство боевых машин,http://www.wikidata.org/entity/Q28616,Горьковский автомобильный завод,Россия,,БТР-70,,7.65,2.9,2.35,13.6,http://commons.wikimedia.org/wiki/Special:FilePath/BTR-80A%20%283%29.jpg
http://www.wikidata.org/entity/Q662591,Ли-2,http://www.wikidata.org/entity/Q15056993,семейство летательных аппаратов,http://www.wikidata.org/entity/Q28616,Горьковский автомобильный завод,Россия,,,,,,,,http://commons.wikimedia.org/wiki/Special:FilePath/Lisunov%20Li-2T%20HA-LIX%20Hahnweide%202011%2002.jpg
http://www.wikidata.org/entity/Q119058,Волга,http://www.wikidata.org/entity/Q811701,серия моделей,http://www.wikidata.org/entity/Q28616,Горьковский автомобильный завод,Россия,,,,,,,,
http://www.wikidata.org/entity/Q16635166,ГАЗ-3344,http://www.wikidata.org/entity/Q17240,снегоход,http://www.wikidata.org/entity/Q28616,Горьковский автомобильный завод,Россия,,,,,,,,http://commons.wikimedia.org/wiki/Special:FilePath/%D0%93%D0%90%D0%97-3344.jpg
http://www.wikidata.org/entity/Q109038077,Q109038077,http://www.wikidata.org/entity/Q193468,фургон,http://www.wikidata.org/entity/Q28616,Горьковский автомобильный завод,Россия,,,,,,,,
http://www.wikidata.org/entity/Q109038078,Q109038078,http://www.wikidata.org/entity/Q193468,фургон,http://www.wikidata.org/entity/Q28616,Горьковский автомобильный завод,Россия,,,,,,,,
http://www.wikidata.org/entity/Q4128842,Выдра (БРМ),http://www.wikidata.org/entity/Q137188246,military vehicle model,http://www.wikidata.org/entity/Q30378,КАМАЗ,Россия,,,,,,,,
http://www.wikidata.org/entity/Q4206219,КАМАЗ 4310,http://www.wikidata.org/entity/Q137188246,military vehicle model,http://www.wikidata.org/entity/Q30378,КАМАЗ,Россия,,,КАМАЗ 49250,7.435,2.506,2.83,7080,http://commons.wikimedia.org/wiki/Special:FilePath/Kamchatka%20Lost%20World%20Tours%202.jpg
http://www.wikidata.org/entity/Q19871700,СБА-60-К2 «Булат»,http://www.wikidata.org/entity/Q137188246,military vehicle model,http://www.wikidata.org/entity/Q30378,КАМАЗ,Россия,,,,,,,,http://commons.wikimedia.org/wiki/Special:FilePath/Russia%20Arms%20Expo%202013%20%28531-45%29.jpg
http://www.wikidata.org/entity/Q111202882,КАМАЗ-54901,http://www.wikidata.org/entity/Q55080236,Беспилотный грузовой автомобиль,http://www.wikidata.org/entity/Q30378,КАМАЗ,Россия,,,,,,,,http://commons.wikimedia.org/wiki/Special:FilePath/%D0%9A%D0%90%D0%9C%D0%90%D0%97-54901.jpg
http://www.wikidata.org/entity/Q133443730,КАМАЗ-6250,http://www.wikidata.org/entity/Q5638,автобус,http://www.wikidata.org/entity/Q30378,КАМАЗ,Россия,,,,,,,,http://commons.wikimedia.org/wiki/Special:FilePath/%D0%9A%D0%90%D0%9C%D0%90%D0%97-6250.jpg
http://www.wikidata.org/entity/Q122739975,КамАЗ-4290,http://www.wikidata.org/entity/Q5638,автобус,http://www.wikidata.org/entity/Q30378,КАМАЗ,Россия,,,,,,,,http://commons.wikimedia.org/wiki/Special:FilePath/%D0%9A%D0%B0%D0%BC%D0%90%D0%97-4290%20ComTrans%202023.jpg
http://www.wikidata.org/entity/Q122746518,KAMAZ VEGA,http://www.wikidata.org/entity/Q23039057,модель автобуса,http://www.wikidata.org/entity/Q30378,КАМАЗ,Россия,,,,,,,,http://commons.wikimedia.org/wiki/Special:FilePath/KAMAZ%20VEGA.jpg
http://www.wikidata.org/entity/Q137708516,KAMAZ-52222,http://www.wikidata.org/entity/Q23039057,модель автобуса,http://www.wikidata.org/entity/Q30378,КАМАЗ,Россия,,,,,,,,http://commons.wikimedia.org/wiki/Special:FilePath/%D0%9A%D0%90%D0%9C%D0%90%D0%97-52222%20%D0%9C%D0%93%D0%A2%20%D0%BD%D0%B0%20%D0%BE%D1%81%D1%82%D0%B0%D0%BD%D0%BE%D0%B2%D0%BA%D0%B5%20%D0%91%D0%B5%D0%BB%D0%BE%D1%80%D1%83%D1%81%D1%81%D0%BA%D0%B8%D0%B9%20%D0%B2%D0%BE%D0%BA%D0%B7%D0%B0%D0%BB%20%D0%B2%20%D0%9C%D0%BE%D1%81%D0%BA%D0%B2%D0%B5.jpg
http://www.wikidata.org/entity/Q134883760,КАМАЗ-5222,http://www.wikidata.org/entity/Q23039057,модель автобуса,http://www.wikidata.org/entity/Q30378,КАМАЗ,Россия,,,,,,,,http://commons.wikimedia.org/wiki/Special:FilePath/%D0%9A%D0%B0%D0%BC%D0%B0%D0%B7-5222.jpg
http://www.wikidata.org/entity/Q16656615,КАМАЗ-5262,http://www.wikidata.org/entity/Q23039057,модель автобуса,http://www.wikidata.org/entity/Q30378,КАМАЗ,Россия,,,,,,,,
http://www.wikidata.org/entity/Q26763716,КамАЗ «Shuttle»,http://www.wikidata.org/entity/Q23039057,модель автобуса,http://www.wikidata.org/entity/Q30378,КАМАЗ,Россия,,,,,,,,http://commons.wikimedia.org/wiki/Special:FilePath/KamAZ%20%22Shuttle%22%20-%20front%20view.jpg
http://www.wikidata.org/entity/Q60851127,КамАЗ-6282,http://www.wikidata.org/entity/Q23039057,модель автобуса,http://www.wikidata.org/entity/Q30378,КАМАЗ,Россия,,,,,,,,http://commons.wikimedia.org/wiki/Special:FilePath/KamAZ-6282%20electric%20bus%20on%20line%20T25%20in%20Moscow.jpg
http://www.wikidata.org/entity/Q113409391,КамАЗ-6292,http://www.wikidata.org/entity/Q23039057,модель автобуса,http://www.wikidata.org/entity/Q30378,КАМАЗ,Россия,,,,,,,,http://commons.wikimedia.org/wiki/Special:FilePath/KAMAZ-6292%20mos.ru.jpg
http://www.wikidata.org/entity/Q131531875,КамАЗ-6299,http://www.wikidata.org/entity/Q23039057,модель автобуса,http://www.wikidata.org/entity/Q30378,КАМАЗ,Россия,,,,,,,,http://commons.wikimedia.org/wiki/Special:FilePath/%D0%9A%D0%B0%D0%BC%D0%90%D0%97-6299-40-5F%20%D0%9C%D0%93%D0%A2%20%D0%BD%D0%B0%20%D0%A1%D0%BB%D0%B0%D0%B2%D1%8F%D0%BD%D1%81%D0%BA%D0%BE%D0%B9%20%D0%BF%D0%BB%D0%BE%D1%89%D0%B0%D0%B4%D0%B8%20%D0%BC%D0%B5%D1%82%D1%80%D0%BE%20%D0%9A%D0%B8%D1%82%D0%B0%D0%B9-%D0%B3%D0%BE%D1%80%D0%BE%D0%B4%20%D0%BC%D0%B0%D1%80%D1%88%D1%80%D1%83%D1%82%20%D0%B510.jpg
http://www.wikidata.org/entity/Q4073871,БАЗ-8029,http://www.wikidata.org/entity/Q3231690,модель автомобиля,http://www.wikidata.org/entity/Q30378,КАМАЗ,Россия,,,,,,,,
http://www.wikidata.org/entity/Q2015439,КАМАЗ 43253,http://www.wikidata.org/entity/Q3231690,модель автомобиля,http://www.wikidata.org/entity/Q30378,КАМАЗ,Россия,,КАМАЗ 5325,,,,,,http://commons.wikimedia.org/wiki/Special:FilePath/KAMAZ%2043253%20waste%20collection%20trucks.jpg
http://www.wikidata.org/entity/Q4206228,КАМАЗ 4355,http://www.wikidata.org/entity/Q3231690,модель автомобиля,http://www.wikidata.org/entity/Q30378,КАМАЗ,Россия,,,,,,,,
http://www.wikidata.org/entity/Q13522621,КАМАЗ 49250,http://www.wikidata.org/entity/Q3231690,модель автомобиля,http://www.wikidata.org/entity/Q30378,КАМАЗ,Россия,,,КАМАЗ 49252,,,,,
http://www.wikidata.org/entity/Q16656619,КАМАЗ 49252,http://www.wikidata.org/entity/Q3231690,модель автомобиля,http://www.wikidata.org/entity/Q30378,КАМАЗ,Россия,,,КАМАЗ 49255,,,,,
http://www.wikidata.org/entity/Q16656621,КАМАЗ 49255,http://www.wikidata.org/entity/Q3231690,модель автомобиля,http://www.wikidata.org/entity/Q30378,КАМАЗ,Россия,,КАМАЗ 49252,КАМАЗ 49256,,,,,
http://www.wikidata.org/entity/Q16656623,КАМАЗ 49256,http://www.wikidata.org/entity/Q3231690,модель автомобиля,http://www.wikidata.org/entity/Q30378,КАМАЗ,Россия,,КАМАЗ 49255,КАМАЗ 4911,,,,,
http://www.wikidata.org/entity/Q572168,КАМАЗ 5320,http://www.wikidata.org/entity/Q3231690,модель автомобиля,http://www.wikidata.org/entity/Q30378,КАМАЗ,Россия,,ЗИЛ-170,КАМАЗ 53212,,,,,http://commons.wikimedia.org/wiki/Special:FilePath/KamAZ-5320%20truck%20in%20Krak%C3%B3w%202.jpg
http://www.wikidata.org/entity/Q4206232,КАМАЗ 53205,http://www.wikidata.org/entity/Q3231690,модель автомобиля,http://www.wikidata.org/entity/Q30378,КАМАЗ,Россия,,,,,,,,http://commons.wikimedia.org/wiki/Special:FilePath/Kamaz.JPG
http://www.wikidata.org/entity/Q4206230,КАМАЗ 53208,http://www.wikidata.org/entity/Q3231690,модель автомобиля,http://www.wikidata.org/entity/Q30378,КАМАЗ,Россия,,,,,,,,
http://www.wikidata.org/entity/Q559096,КАМАЗ 53212,http://www.wikidata.org/entity/Q3231690,модель автомобиля,http://www.wikidata.org/entity/Q30378,КАМАЗ,Россия,,КАМАЗ 5320,КАМАЗ 53215,,,,,http://commons.wikimedia.org/wiki/Special:FilePath/10%20%D1%82%D0%BE%D0%BD%D0%B8%D0%BA%2053212.jpg
http://www.wikidata.org/entity/Q559084,КАМАЗ 53215,http://www.wikidata.org/entity/Q3231690,модель автомобиля,http://www.wikidata.org/entity/Q30378,КАМАЗ,Россия,,КАМАЗ 53212,,,,,,http://commons.wikimedia.org/wiki/Special:FilePath/KAMAZ%2053215%20Cargo%20truck.jpg
http://www.wikidata.org/entity/Q4210672,КамАЗ-5460-066-33,http://www.wikidata.org/entity/Q3231690,модель автомобиля,http://www.wikidata.org/entity/Q30378,КАМАЗ,Россия,,,КАМАЗ 6460,,,,,http://commons.wikimedia.org/wiki/Special:FilePath/2014.05.14%20kamaz-5460.JPG
http://www.wikidata.org/entity/Q1517152,Ока (автомобиль),http://www.wikidata.org/entity/Q3231690,модель автомобиля,http://www.wikidata.org/entity/Q30378,КАМАЗ,Россия,,СМЗ С-3Д,,3200,1420,1400,645,http://commons.wikimedia.org/wiki/Special:FilePath/Oka-Auto.jpg
http://www.wikidata.org/entity/Q10476091,KAMAZ-63968 Typhoon,http://www.wikidata.org/entity/Q100710213,модель боевой машины,http://www.wikidata.org/entity/Q30378,КАМАЗ,Россия,,,,,,,,http://commons.wikimedia.org/wiki/Special:FilePath/KamAZ-63968%20Typhoon%20-%20Engineering%20technologies%202012%20%281%29.jpg
http://www.wikidata.org/entity/Q787620,КАМАЗ-43269 «Выстрел»,http://www.wikidata.org/entity/Q100710213,модель боевой машины,http://www.wikidata.org/entity/Q30378,КАМАЗ,Россия,,,,5300,2500,2300,,http://commons.wikimedia.org/wiki/Special:FilePath/KAMAZ-43269%20Vystrel%20%28BMP-97%29%20REA-2009.jpg
http://www.wikidata.org/entity/Q30969745,KAMAZ-6580,http://www.wikidata.org/entity/Q21546143,модель грузовика,http://www.wikidata.org/entity/Q30378,КАМАЗ,Россия,,КАМАЗ 6520,,,,,,http://commons.wikimedia.org/wiki/Special:FilePath/KamAZ-65802.jpg
http://www.wikidata.org/entity/Q4206221,КАМАЗ 4308,http://www.wikidata.org/entity/Q21546143,модель грузовика,http://www.wikidata.org/entity/Q30378,КАМАЗ,Россия,,,,,,,,http://commons.wikimedia.org/wiki/Special:FilePath/%D0%9A%D0%90%D0%9C%D0%90%D0%97-4308.jpg
http://www.wikidata.org/entity/Q4206219,КАМАЗ 4310,http://www.wikidata.org/entity/Q21546143,модель грузовика,http://www.wikidata.org/entity/Q30378,КАМАЗ,Россия,,,КАМАЗ 49250,7.435,2.506,2.83,7080,http://commons.wikimedia.org/wiki/Special:FilePath/Kamchatka%20Lost%20World%20Tours%202.jpg
http://www.wikidata.org/entity/Q4206222,КАМАЗ 43114,http://www.wikidata.org/entity/Q21546143,модель грузовика,http://www.wikidata.org/entity/Q30378,КАМАЗ,Россия,,КАМАЗ 4310,КАМАЗ 43118,,,,,http://commons.wikimedia.org/wiki/Special:FilePath/Interpolitex%202013%20%28535-41%29.jpg
http://www.wikidata.org/entity/Q4206224,КАМАЗ 43118,http://www.wikidata.org/entity/Q21546143,модель грузовика,http://www.wikidata.org/entity/Q30378,КАМАЗ,Россия,,КАМАЗ 43114,,8580,2500,3455,,http://commons.wikimedia.org/wiki/Special:FilePath/%D0%9A%D0%90%D0%9C%D0%90%D0%97%2043118%20%D1%84%D0%BE%D1%82%D0%BE1.JPG
http://www.wikidata.org/entity/Q4206223,КАМАЗ 43255,http://www.wikidata.org/entity/Q21546143,модель грузовика,http://www.wikidata.org/entity/Q30378,КАМАЗ,Россия,,,,,,,,http://commons.wikimedia.org/wiki/Special:FilePath/2013.06.24%20kamaz-43255.jpg
http://www.wikidata.org/entity/Q4206226,КАМАЗ 4326,http://www.wikidata.org/entity/Q21546143,модель грузовика,http://www.wikidata.org/entity/Q30378,КАМАЗ,Россия,,,,,,,,http://commons.wikimedia.org/wiki/Special:FilePath/Interpolitex%202012%20%28481-21%29.jpg
http://www.wikidata.org/entity/Q4206225,КАМАЗ 4326-9,http://www.wikidata.org/entity/Q21546143,модель грузовика,http://www.wikidata.org/entity/Q30378,КАМАЗ,Россия,,КАМАЗ 4911,,,,,,http://commons.wikimedia.org/wiki/Special:FilePath/KAMAZ%20racing%20truck%20March%202011.JPG
http://www.wikidata.org/entity/Q20077328,КАМАЗ 4350,http://www.wikidata.org/entity/Q21546143,модель грузовика,http://www.wikidata.org/entity/Q30378,КАМАЗ,Россия,,,КамАЗ-43501,,,,,http://commons.wikimedia.org/wiki/Special:FilePath/%D0%9A%D0%90%D0%9C%D0%90%D0%97-4350.JPG
http://www.wikidata.org/entity/Q4206229,КАМАЗ 44108,http://www.wikidata.org/entity/Q21546143,модель грузовика,http://www.wikidata.org/entity/Q30378,КАМАЗ,Россия,,,,,,,,http://commons.wikimedia.org/wiki/Special:FilePath/20140416%20kamaz-44108.jpg
http://www.wikidata.org/entity/Q4206227,КАМАЗ 45141,http://www.wikidata.org/entity/Q21546143,модель грузовика,http://www.wikidata.org/entity/Q30378,КАМАЗ,Россия,,,,,,,,http://commons.wikimedia.org/wiki/Special:FilePath/2015.04.23%20kamaz-.jpg
http://www.wikidata.org/entity/Q4206231,КАМАЗ 4911,http://www.wikidata.org/entity/Q21546143,модель грузовика,http://www.wikidata.org/entity/Q30378,КАМАЗ,Россия,,КАМАЗ 49256,КАМАЗ 4326-9,,,,,http://commons.wikimedia.org/wiki/Special:FilePath/KAMAZ-4911%20at%20MAKS%202009%20%282%29.jpg
http://www.wikidata.org/entity/Q4206235,КАМАЗ 53228,http://www.wikidata.org/entity/Q21546143,модель грузовика,http://www.wikidata.org/entity/Q30378,КАМАЗ,Россия,,,,,,,,http://commons.wikimedia.org/wiki/Special:FilePath/Exhibition%20Fair%20Russian%20forest%205.jpg
http://www.wikidata.org/entity/Q4206234,КАМАЗ 53229,http://www.wikidata.org/entity/Q21546143,модель грузовика,http://www.wikidata.org/entity/Q30378,КАМАЗ,Россия,,КАМАЗ 53212,КАМАЗ 65117,,,,,http://commons.wikimedia.org/wiki/Special:FilePath/Kamaz%20truck%20in%20Nha%20Trang.JPG
http://www.wikidata.org/entity/Q4206233,КАМАЗ 5325,http://www.wikidata.org/entity/Q21546143,модель грузовика,http://www.wikidata.org/entity/Q30378,КАМАЗ,Россия,,,КАМАЗ 43253,,,,,http://commons.wikimedia.org/wiki/Special:FilePath/KamAZ-5325.jpg
http://www.wikidata.org/entity/Q16656625,КАМАЗ 5350,http://www.wikidata.org/entity/Q21546143,модель грузовика,http://www.wikidata.org/entity/Q30378,КАМАЗ,Россия,,,КамАЗ-53501,,,,,http://commons.wikimedia.org/wiki/Special:FilePath/Military%20truck%20of%20Ukraine%20-%20Kamaz.jpg
http://www.wikidata.org/entity/Q4206237,КАМАЗ 53605,http://www.wikidata.org/entity/Q21546143,модель грузовика,http://www.wikidata.org/entity/Q30378,КАМАЗ,Россия,,,,,,,,http://commons.wikimedia.org/wiki/Special:FilePath/KamAZ-53605%20Kehrmaschine.JPG
http://www.wikidata.org/entity/Q4206241,КАМАЗ 5410,http://www.wikidata.org/entity/Q21546143,модель грузовика,http://www.wikidata.org/entity/Q30378,КАМАЗ,Россия,,,КАМАЗ 54115,,,,,http://commons.wikimedia.org/wiki/Special:FilePath/KamAZ-5410%20in%20Tomsk%20Oblast.JPG
http://www.wikidata.org/entity/Q4206238,КАМАЗ 54115,http://www.wikidata.org/entity/Q21546143,модель грузовика,http://www.wikidata.org/entity/Q30378,КАМАЗ,Россия,,КАМАЗ 5410,КамАЗ-5460-066-33,6155,2500,3110,,http://commons.wikimedia.org/wiki/Special:FilePath/2013.07.08%20kamaz-54115.jpg
http://www.wikidata.org/entity/Q4206243,КАМАЗ 5460-046-22,http://www.wikidata.org/entity/Q21546143,модель грузовика,http://www.wikidata.org/entity/Q30378,КАМАЗ,Россия,,,КамАЗ-5490,,,,,http://commons.wikimedia.org/wiki/Special:FilePath/2014.05.14%20kamaz-5460.JPG
http://www.wikidata.org/entity/Q4206240,КАМАЗ 5511,http://www.wikidata.org/entity/Q21546143,модель грузовика,http://www.wikidata.org/entity/Q30378,КАМАЗ,Россия,,,КАМАЗ 55111,,,,,http://commons.wikimedia.org/wiki/Special:FilePath/Kamaz%20truck%20on%20Armii%20Krajowej%20street%20in%20Krak%C3%B3w.jpg
http://www.wikidata.org/entity/Q4206244,КАМАЗ 55111,http://www.wikidata.org/entity/Q21546143,модель грузовика,http://www.wikidata.org/entity/Q30378,КАМАЗ,Россия,,КАМАЗ 5511,КамАЗ-65115,,,,,http://commons.wikimedia.org/wiki/Special:FilePath/Kamaz%2055111.JPG
http://www.wikidata.org/entity/Q4206239,КАМАЗ 6350,http://www.wikidata.org/entity/Q21546143,модель грузовика,http://www.wikidata.org/entity/Q30378,КАМАЗ,Россия,,,КАМАЗ 63501,,,,,http://commons.wikimedia.org/wiki/Special:FilePath/KamAZ-6350%20truck%2C%202011.jpg
http://www.wikidata.org/entity/Q4206242,КАМАЗ 63501,http://www.wikidata.org/entity/Q21546143,модель грузовика,http://www.wikidata.org/entity/Q30378,КАМАЗ,Россия,,КАМАЗ 6350,КамАЗ-6560,,,,,http://commons.wikimedia.org/wiki/Special:FilePath/Interpolitex%202011%20%28401-25%29.jpg
http://www.wikidata.org/entity/Q13419280,КАМАЗ 635050,http://www.wikidata.org/entity/Q21546143,модель грузовика,http://www.wikidata.org/entity/Q30378,КАМАЗ,Россия,,,,,,,,http://commons.wikimedia.org/wiki/Special:FilePath/KamAZ-635050.jpg
http://www.wikidata.org/entity/Q4206248,КАМАЗ 6460,http://www.wikidata.org/entity/Q21546143,модель грузовика,http://www.wikidata.org/entity/Q30378,КАМАЗ,Россия,,КамАЗ-5460-066-33,КАМАЗ 5460-046-22,,,,,http://commons.wikimedia.org/wiki/Special:FilePath/Integrated%20Safety%20and%20Security%20Exhibition%202013%20%28500-39%29.jpg
http://www.wikidata.org/entity/Q4206245,КАМАЗ 65111,http://www.wikidata.org/entity/Q21546143,модель грузовика,http://www.wikidata.org/entity/Q30378,КАМАЗ,Россия,,,КАМАЗ 6522,,,,,http://commons.wikimedia.org/wiki/Special:FilePath/2014.05.28%20kamaz-65111.jpg
http://www.wikidata.org/entity/Q4206246,КАМАЗ 65116,http://www.wikidata.org/entity/Q21546143,модель грузовика,http://www.wikidata.org/entity/Q30378,КАМАЗ,Россия,,КАМАЗ 54115,,,,,,http://commons.wikimedia.org/wiki/Special:FilePath/2013.11.09%20kamaz-65116.jpg
http://www.wikidata.org/entity/Q4206247,КАМАЗ 65117,http://www.wikidata.org/entity/Q21546143,модель грузовика,http://www.wikidata.org/entity/Q30378,КАМАЗ,Россия,,,КАМАЗ 6460,,,,,http://commons.wikimedia.org/wiki/Special:FilePath/%D0%9A%D0%90%D0%9C%D0%90%D0%97-65117.JPG
http://www.wikidata.org/entity/Q1615111,КАМАЗ 6520,http://www.wikidata.org/entity/Q21546143,модель грузовика,http://www.wikidata.org/entity/Q30378,КАМАЗ,Россия,,КамАЗ-65115,,,,,,http://commons.wikimedia.org/wiki/Special:FilePath/Kamaz-6520.jpg
http://www.wikidata.org/entity/Q4206249,КАМАЗ 6522,http://www.wikidata.org/entity/Q21546143,модель грузовика,http://www.wikidata.org/entity/Q30378,КАМАЗ,Россия,,,КамАЗ-65802,,,,,http://commons.wikimedia.org/wiki/Special:FilePath/%D0%9A%D0%90%D0%9C%D0%90%D0%97-6522%20%D0%A5%D0%B0%D0%B1%D0%B0%D1%80%D0%BE%D0%B2%D1%81%D0%BA.JPG
http://www.wikidata.org/entity/Q4206250,КАМАЗ 65225,http://www.wikidata.org/entity/Q21546143,модель грузовика,http://www.wikidata.org/entity/Q30378,КАМАЗ,Россия,,,,,,,,http://commons.wikimedia.org/wiki/Special:FilePath/KamAZ%20military%20tank%20transporter.jpg
http://www.wikidata.org/entity/Q4206258,КАМАЗ 6540,http://www.wikidata.org/entity/Q21546143,модель грузовика,http://www.wikidata.org/entity/Q30378,КАМАЗ,Россия,,,,,,,,http://commons.wikimedia.org/wiki/Special:FilePath/KamAZ-6540%20truck%20on%20Mickiewicza%20and%20Pi%C5%82sudskiego%20intersection%20in%20Krak%C3%B3w.jpg
http://www.wikidata.org/entity/Q111202882,КАМАЗ-54901,http://www.wikidata.org/entity/Q21546143,модель грузовика,http://www.wikidata.org/entity/Q30378,КАМАЗ,Россия,,,,,,,,http://commons.wikimedia.org/wiki/Special:FilePath/%D0%9A%D0%90%D0%9C%D0%90%D0%97-54901.jpg
http://www.wikidata.org/entity/Q26840252,КамАЗ-43501,http://www.wikidata.org/entity/Q21546143,модель грузовика,http://www.wikidata.org/entity/Q30378,КАМАЗ,Россия,,КАМАЗ 4350,КамАЗ-43502,,,,,http://commons.wikimedia.org/wiki/Special:FilePath/Interpolitex%202011%20%28402-28%29.jpg
http://www.wikidata.org/entity/Q26849136,КамАЗ-43502,http://www.wikidata.org/entity/Q21546143,модель грузовика,http://www.wikidata.org/entity/Q30378,КАМАЗ,Россия,,КАМАЗ 4350,,,,,,http://commons.wikimedia.org/wiki/Special:FilePath/Integrated%20Safety%20and%20Security%20Exhibition%202013%20%28502-12%29.jpg
http://www.wikidata.org/entity/Q26884751,КамАЗ-45143,http://www.wikidata.org/entity/Q21546143,модель грузовика,http://www.wikidata.org/entity/Q30378,КАМАЗ,Россия,,КамАЗ-55102,,,,,,http://commons.wikimedia.org/wiki/Special:FilePath/KamAZ-Dreiachser%20II%2002%20%28cropped%29.jpg
http://www.wikidata.org/entity/Q25253479,КамАЗ-53501,http://www.wikidata.org/entity/Q21546143,модель грузовика,http://www.wikidata.org/entity/Q30378,КАМАЗ,Россия,,КАМАЗ 5350,,,,,,http://commons.wikimedia.org/wiki/Special:FilePath/Army2016-480.jpg
http://www.wikidata.org/entity/Q25387856,КамАЗ-54112,http://www.wikidata.org/entity/Q21546143,модель грузовика,http://www.wikidata.org/entity/Q30378,КАМАЗ,Россия,,КАМАЗ 5410,КАМАЗ 54115,,,,,http://commons.wikimedia.org/wiki/Special:FilePath/KamAZ%20truck%20in%20Cambodia%2002.jpg
http://www.wikidata.org/entity/Q26879527,КамАЗ-55102,http://www.wikidata.org/entity/Q21546143,модель грузовика,http://www.wikidata.org/entity/Q30378,КАМАЗ,Россия,,,КамАЗ-45143,,,,,http://commons.wikimedia.org/wiki/Special:FilePath/KamAZ-55102%20on%20road%20in%20Soloneshenskiy%20raion%20%28cropped%29.jpg
http://www.wikidata.org/entity/Q12107450,КамАЗ-65115,http://www.wikidata.org/entity/Q21546143,модель грузовика,http://www.wikidata.org/entity/Q30378,КАМАЗ,Россия,,КАМАЗ 55111,КАМАЗ 6520,,,,,http://commons.wikimedia.org/wiki/Special:FilePath/Kamaz-65115.jpg
http://www.wikidata.org/entity/Q26938462,КамАЗ-65201,http://www.wikidata.org/entity/Q21546143,модель грузовика,http://www.wikidata.org/entity/Q30378,КАМАЗ,Россия,,,,,,,,http://commons.wikimedia.org/wiki/Special:FilePath/KAMAZ-65201%20in%20St.%20Petersburg.jpeg
http://www.wikidata.org/entity/Q20077329,КамАЗ-65224,http://www.wikidata.org/entity/Q21546143,модель грузовика,http://www.wikidata.org/entity/Q30378,КАМАЗ,Россия,,,,,,,,http://commons.wikimedia.org/wiki/Special:FilePath/Engineering%20Technologies%20-%202012%20%282-13%29.jpg
http://www.wikidata.org/entity/Q24879304,КамАЗ-6560,http://www.wikidata.org/entity/Q21546143,модель грузовика,http://www.wikidata.org/entity/Q30378,КАМАЗ,Россия,,КАМАЗ 63501,,,,,,http://commons.wikimedia.org/wiki/Special:FilePath/Interpolitex2015part2-31.jpg
http://www.wikidata.org/entity/Q24879304,КамАЗ-6560,http://www.wikidata.org/entity/Q21546143,модель грузовика,http://www.wikidata.org/entity/Q30378,КАМАЗ,Россия,,КАМАЗ 63501,,,,,,http://commons.wikimedia.org/wiki/Special:FilePath/Kamaz-6560%20truck%2C%20IDELF-2008.jpg
http://www.wikidata.org/entity/Q30126448,КамАЗ-65802,http://www.wikidata.org/entity/Q21546143,модель грузовика,http://www.wikidata.org/entity/Q30378,КАМАЗ,Россия,,КАМАЗ 6522,,,,,,http://commons.wikimedia.org/wiki/Special:FilePath/KamAZ-65802.jpg
http://www.wikidata.org/entity/Q43449883,КамАЗ-7850,http://www.wikidata.org/entity/Q21546143,модель грузовика,http://www.wikidata.org/entity/Q30378,КАМАЗ,Россия,,,,,,,,http://commons.wikimedia.org/wiki/Special:FilePath/15T528%20transporter-loader%20for%20ICBMs%20on%20KAMAZ-78501%20Platforma-O%20chassis.jpg
http://www.wikidata.org/entity/Q127432889,Камаз-Юпитер-30,http://www.wikidata.org/entity/Q29048322,модель транспортного средства,http://www.wikidata.org/entity/Q30378,КАМАЗ,Россия,,,,8769,2709,3499,23,http://commons.wikimedia.org/wiki/Special:FilePath/Rustam%20Minnikhanov%20in%20Kazakhstan%20%282023-09-25%29%2023.jpg
http://www.wikidata.org/entity/Q118496329,Магнолия-83,http://www.wikidata.org/entity/Q2778643,передвижная телевизионная станция,http://www.wikidata.org/entity/Q30378,КАМАЗ,Россия,,,,11300,2500,3800,,http://commons.wikimedia.org/wiki/Special:FilePath/KamAZ-Ajokki%20grey%20colored%20%28front%20view%29%20%28cropped%29.jpg
http://www.wikidata.org/entity/Q127432889,Камаз-Юпитер-30,http://www.wikidata.org/entity/Q207977,прототип,http://www.wikidata.org/entity/Q30378,КАМАЗ,Россия,,,,8769,2709,3499,23,http://commons.wikimedia.org/wiki/Special:FilePath/Rustam%20Minnikhanov%20in%20Kazakhstan%20%282023-09-25%29%2023.jpg
http://www.wikidata.org/entity/Q111193158,Камаз Компас,http://www.wikidata.org/entity/Q811701,серия моделей,http://www.wikidata.org/entity/Q30378,КАМАЗ,Россия,,,,,,,,http://commons.wikimedia.org/wiki/Special:FilePath/%D0%9A%D0%90%D0%9C%D0%90%D0%97%20%D0%9A%D0%BE%D0%BC%D0%BF%D0%B0%D1%81-5.jpg
http://www.wikidata.org/entity/Q111193158,Камаз Компас,http://www.wikidata.org/entity/Q167270,товарный знак,http://www.wikidata.org/entity/Q30378,КАМАЗ,Россия,,,,,,,,http://commons.wikimedia.org/wiki/Special:FilePath/%D0%9A%D0%90%D0%9C%D0%90%D0%97%20%D0%9A%D0%BE%D0%BC%D0%BF%D0%B0%D1%81-5.jpg
http://www.wikidata.org/entity/Q46276395,Ford Trimotor c/n 4-AT-54,http://www.wikidata.org/entity/Q19206741,4-AT-E Trimotor,http://www.wikidata.org/entity/Q44294,Ford,США,,,,,,,,
http://www.wikidata.org/entity/Q90924138,Ford Fiesta ST MK6,http://www.wikidata.org/entity/Q12063185,Ford Fiesta MK6,http://www.wikidata.org/entity/Q44294,Ford,США,,,,,,,,http://commons.wikimedia.org/wiki/Special:FilePath/Ford%20Fiesta%20ST%20-%20Mondial%20de%20l%27Automobile%20de%20Paris%202014%20-%20003.jpg
http://www.wikidata.org/entity/Q90924026,Ford Torino GT,http://www.wikidata.org/entity/Q1361017,Ford Torino,http://www.wikidata.org/entity/Q44294,Ford,США,,,,,,,,http://commons.wikimedia.org/wiki/Special:FilePath/1971%20Ford%20Torino%20GT%20Convertible.jpg
http://www.wikidata.org/entity/Q30729395,ZZ Top Eliminator,http://www.wikidata.org/entity/Q5352998,antique car,http://www.wikidata.org/entity/Q44294,Ford,США,,,,,,,,http://commons.wikimedia.org/wiki/Special:FilePath/ZZTopEliminator-crop.jpg
http://www.wikidata.org/entity/Q59749207,Marquis,http://www.wikidata.org/entity/Q1146195,custom car,http://www.wikidata.org/entity/Q44294,Ford,США,,,,,,,,
http://www.wikidata.org/entity/Q2748650,Ford Duratorq,http://www.wikidata.org/entity/Q118017625,engine series,http://www.wikidata.org/entity/Q44294,Ford,США,,,,,,,,http://commons.wikimedia.org/wiki/Special:FilePath/Ford%20Duratorq%20TDCi%202.0.JPG
http://www.wikidata.org/entity/Q5467730,Ford Endura-D,http://www.wikidata.org/entity/Q118017625,engine series,http://www.wikidata.org/entity/Q44294,Ford,США,,,,,,,,
http://www.wikidata.org/entity/Q1437043,Ford Zetec,http://www.wikidata.org/entity/Q118017625,engine series,http://www.wikidata.org/entity/Q44294,Ford,США,,,,,,,,http://commons.wikimedia.org/wiki/Special:FilePath/Ford%20Zetec-S%201.7%20engine.JPG
http://www.wikidata.org/entity/Q1436835,Ford G398,http://www.wikidata.org/entity/Q137188246,military vehicle model,http://www.wikidata.org/entity/Q44294,Ford,США,,,,,,,,
http://www.wikidata.org/entity/Q19481232,Ford Pygmy,http://www.wikidata.org/entity/Q137188246,military vehicle model,http://www.wikidata.org/entity/Q44294,Ford,США,,,,,,,,http://commons.wikimedia.org/wiki/Special:FilePath/Ford%20Pygmy%20jeep%20pilot%20vehicle.JPG
http://www.wikidata.org/entity/Q11764447,Lynx Scout Car,http://www.wikidata.org/entity/Q137188246,military vehicle model,http://www.wikidata.org/entity/Q44294,Ford,США,,,,,,,,http://commons.wikimedia.org/wiki/Special:FilePath/Tanks%20and%20Afvs%20of%20the%20British%20Army%201939-45%20MH14030.jpg
http://www.wikidata.org/entity/Q681844,M20,http://www.wikidata.org/entity/Q137188246,military vehicle model,http://www.wikidata.org/entity/Q44294,Ford,США,,,,,,,,http://commons.wikimedia.org/wiki/Special:FilePath/M-20.jpg
http://www.wikidata.org/entity/Q511677,Ford Nucleon,http://www.wikidata.org/entity/Q48780471,nuclear-powered car,http://www.wikidata.org/entity/Q44294,Ford,США,,,,,,,,http://commons.wikimedia.org/wiki/Special:FilePath/Deutsches%20Technikmuseum%20Berlin%20February%202008%200022.JPG
http://www.wikidata.org/entity/Q134077853,Ford TQ 406,http://www.wikidata.org/entity/Q12046132,service truck,http://www.wikidata.org/entity/Q44294,Ford,США,,,,,,,4420,http://commons.wikimedia.org/wiki/Special:FilePath/Ford%20bucket%20truck%20%28Luxembourg%20City%20Tram%20and%20Bus%20Museum%29.02.jpg
http://www.wikidata.org/entity/Q11859793,Ford tractors,http://www.wikidata.org/entity/Q98579904,tractor brand,http://www.wikidata.org/entity/Q44294,Ford,США,,,,,,,,http://commons.wikimedia.org/wiki/Special:FilePath/Ford%208340%20Powerstar%20SLE%2C%20Strautmann%20verti-mix%201250.jpg
http://www.wikidata.org/entity/Q90923621,Ford Consul MkII,http://www.wikidata.org/entity/Q1273342,Ford Consul,http://www.wikidata.org/entity/Q44294,Ford,США,,,,,,,,http://commons.wikimedia.org/wiki/Special:FilePath/Ford.consul.mk2.arp.750pix.jpg
http://www.wikidata.org/entity/Q90020450,Ford Cortina MkI,http://www.wikidata.org/entity/Q205423,Ford Cortina,http://www.wikidata.org/entity/Q44294,Ford,США,,,,,,,,http://commons.wikimedia.org/wiki/Special:FilePath/Ford%20Cortina%201500%20estate%20MkI%20first%20registered%20in%20UK%20July%201963%201489cc%20photographed%20ay%20Knebworth%202012.jpg
http://www.wikidata.org/entity/Q90702584,Ford EcoSport (2nd generation),http://www.wikidata.org/entity/Q338888,Ford EcoSport,http://www.wikidata.org/entity/Q44294,Ford,США,,,,,,,,http://commons.wikimedia.org/wiki/Special:FilePath/2012%20Ford%20EcoSport%20%28BK%29%20Titanium%20wagon%20%282012-10-26%29%2001.jpg
http://www.wikidata.org/entity/Q90702580,Ford Edge (second generation),http://www.wikidata.org/entity/Q962328,Ford Edge,http://www.wikidata.org/entity/Q44294,Ford,США,,,,,,,,http://commons.wikimedia.org/wiki/Special:FilePath/2017%20Ford%20Edge%20%281%29.jpg
http://www.wikidata.org/entity/Q90023707,Ford F-100 (1953),http://www.wikidata.org/entity/Q1146685,Ford F-Series,http://www.wikidata.org/entity/Q44294,Ford,США,,,,,,,,http://commons.wikimedia.org/wiki/Special:FilePath/1955%20Ford%20F-100%20front.jpg
http://www.wikidata.org/entity/Q16568510,Ford F-150,http://www.wikidata.org/entity/Q1146685,Ford F-Series,http://www.wikidata.org/entity/Q44294,Ford,США,,,,,,,,http://commons.wikimedia.org/wiki/Special:FilePath/Ford%20F-150%20%28fourteenth%20generation%29%20Rutesheimer%20Autoschau%202025%20DSC%209217.jpg
http://www.wikidata.org/entity/Q31837515,Ford Fiesta (1995),http://www.wikidata.org/entity/Q3077171,Ford Fiesta,http://www.wikidata.org/entity/Q44294,Ford,США,,Ford Fiesta third generation,Ford Fiesta (2002),,,,,http://commons.wikimedia.org/wiki/Special:FilePath/1996%20Ford%20Fiesta%201.3%20LX%20%2828212307366%29.jpg
http://www.wikidata.org/entity/Q31837515,Ford Fiesta (1995),http://www.wikidata.org/entity/Q3077171,Ford Fiesta,http://www.wikidata.org/entity/Q44294,Ford,США,,Ford Fiesta third generation,Ford Fiesta (2002),,,,,http://commons.wikimedia.org/wiki/Special:FilePath/Ford%20Fiesta%20Zetec%20S%20Limited%20Edition%20%2845454424964%29.jpg
http://www.wikidata.org/entity/Q31837516,Ford Fiesta (2002),http://www.wikidata.org/entity/Q3077171,Ford Fiesta,http://www.wikidata.org/entity/Q44294,Ford,США,,Ford Fiesta (1995),Ford Fiesta MK6,,1685,,,http://commons.wikimedia.org/wiki/Special:FilePath/2003%20Ford%20Fiesta%20Zetec%201.4%20Front.jpg
http://www.wikidata.org/entity/Q31837516,Ford Fiesta (2002),http://www.wikidata.org/entity/Q3077171,Ford Fiesta,http://www.wikidata.org/entity/Q44294,Ford,США,,Ford Fiesta (1995),Ford Fiesta MK6,,1685,,,http://commons.wikimedia.org/wiki/Special:FilePath/Ford%20Fiesta%20VI%2020090822%20front.JPG
http://www.wikidata.org/entity/Q90702639,Ford Fiesta Active MK7,http://www.wikidata.org/entity/Q3077171,Ford Fiesta,http://www.wikidata.org/entity/Q44294,Ford,США,,,,,,,,http://commons.wikimedia.org/wiki/Special:FilePath/2018%20Ford%20Fiesta%20Active%20B%26O%20PLAY%201.0%20Front.jpg
http://www.wikidata.org/entity/Q90702622,Ford Fiesta MK7 Hybrid,http://www.wikidata.org/entity/Q3077171,Ford Fiesta,http://www.wikidata.org/entity/Q44294,Ford,США,,,,,,,,http://commons.wikimedia.org/wiki/Special:FilePath/Ford%20Fiesta%20MK7%20Hybrid%20at%20IAA%202019%20IMG%200418.jpg
http://www.wikidata.org/entity/Q90702637,Ford Fiesta ST MK7,http://www.wikidata.org/entity/Q3077171,Ford Fiesta,http://www.wikidata.org/entity/Q44294,Ford,США,,,,,,,,http://commons.wikimedia.org/wiki/Special:FilePath/2018%20Ford%20Fiesta%20ST%201.5%20Front.jpg
http://www.wikidata.org/entity/Q90919712,Ford Focus RS Mk I,http://www.wikidata.org/entity/Q5467780,Ford Focus (первое поколение),http://www.wikidata.org/entity/Q44294,Ford,США,,,,,,,,http://commons.wikimedia.org/wiki/Special:FilePath/2003%20Ford%20Focus%20RS%20%2815111297539%29.jpg
http://www.wikidata.org/entity/Q90020578,Ford Focus Active Mk IV,http://www.wikidata.org/entity/Q90020491,Ford Focus (четвёртое поколение),http://www.wikidata.org/entity/Q44294,Ford,США,,,,,,,,http://commons.wikimedia.org/wiki/Special:FilePath/Ford%20Focus%20Turnier%20Active%20Mk%20IV%20Facelift%20DSC%200741.jpg
http://www.wikidata.org/entity/Q90919706,Ford Focus RS Mk III,http://www.wikidata.org/entity/Q4038895,Ford Focus III,http://www.wikidata.org/entity/Q44294,Ford,США,,,,,,,,http://commons.wikimedia.org/wiki/Special:FilePath/2016%20Ford%20Focus%20RS%207.jpg
http://www.wikidata.org/entity/Q90924033,Ford Focus ST Mk III,http://www.wikidata.org/entity/Q4038895,Ford Focus III,http://www.wikidata.org/entity/Q44294,Ford,США,,,,,,,,http://commons.wikimedia.org/wiki/Special:FilePath/Ford%20Focus%20ST%20Mk%20III%20DSC%207261.jpg
http://www.wikidata.org/entity/Q90702597,Ford Kuga (second generation),http://www.wikidata.org/entity/Q668293,Ford Kuga,http://www.wikidata.org/entity/Q44294,Ford,США,,,,,,,,http://commons.wikimedia.org/wiki/Special:FilePath/2012-03-07%20Motorshow%20Geneva%204340.JPG
http://www.wikidata.org/entity/Q90023513,Ford Mustang IV SVT Cobra,http://www.wikidata.org/entity/Q5467867,Ford Mustang,http://www.wikidata.org/entity/Q44294,Ford,США,,,,,,,,http://commons.wikimedia.org/wiki/Special:FilePath/1998MustangCobra.JPG
http://www.wikidata.org/entity/Q90020485,Ford Sierra Mk1,http://www.wikidata.org/entity/Q366912,Ford Sierra,http://www.wikidata.org/entity/Q44294,Ford,США,,,,,,,,http://commons.wikimedia.org/wiki/Special:FilePath/1985%20Ford%20Sierra%202.0L.JPG
http://www.wikidata.org/entity/Q90924029,Ford Sierra Mk2,http://www.wikidata.org/entity/Q366912,Ford Sierra,http://www.wikidata.org/entity/Q44294,Ford,США,,,,,,,,http://commons.wikimedia.org/wiki/Special:FilePath/1985%20%28%3F%29%20Ford%20Sierra%202.0%20Laser%20%2814470686514%29.jpg
http://www.wikidata.org/entity/Q90919719,Ford Tourneo Connect (2nd generation),http://www.wikidata.org/entity/Q2662186,Ford Tourneo Connect,http://www.wikidata.org/entity/Q44294,Ford,США,,,,,,,,http://commons.wikimedia.org/wiki/Special:FilePath/2014-03-04%20Geneva%20Motor%20Show%200863.JPG
http://www.wikidata.org/entity/Q6550314,LincVolt,http://www.wikidata.org/entity/Q1358633,Lincoln Continental,http://www.wikidata.org/entity/Q44294,Ford,США,,,,,,,,http://commons.wikimedia.org/wiki/Special:FilePath/El-v-01%20ubt.jpeg
http://www.wikidata.org/entity/Q6550314,LincVolt,http://www.wikidata.org/entity/Q1483388,Plug-in hybrid,http://www.wikidata.org/entity/Q44294,Ford,США,,,,,,,,http://commons.wikimedia.org/wiki/Special:FilePath/El-v-01%20ubt.jpeg
http://www.wikidata.org/entity/Q90022278,Shelby GT350,http://www.wikidata.org/entity/Q282617,Shelby Mustang,http://www.wikidata.org/entity/Q44294,Ford,США,,,,,,,,http://commons.wikimedia.org/wiki/Special:FilePath/%2767%20Shelby%20Mustang%20%28Cruisin%27%20At%20The%20Boardwalk%20%2710%29.jpg
http://www.wikidata.org/entity/Q90996298,Shelby Mustang GT500,http://www.wikidata.org/entity/Q282617,Shelby Mustang,http://www.wikidata.org/entity/Q44294,Ford,США,,,,,,,,http://commons.wikimedia.org/wiki/Special:FilePath/01supersnake2011.jpg
http://www.wikidata.org/entity/Q7869014,USS Eagle Boat 56,http://www.wikidata.org/entity/Q331795,cторожевой корабль,http://www.wikidata.org/entity/Q44294,Ford,США,,,,,,,,http://commons.wikimedia.org/wiki/Special:FilePath/Eagle%20boat.jpg
http://www.wikidata.org/entity/Q137754897,BlueCruise,http://www.wikidata.org/entity/Q1060280,Современные системы помощи водителю,http://www.wikidata.org/entity/Q44294,Ford,США,,,,,,,,
http://www.wikidata.org/entity/Q5467631,Ford 6R transmission,http://www.wikidata.org/entity/Q843592,автоматическая трансмиссия,http://www.wikidata.org/entity/Q44294,Ford,США,,Ford AOD transmission,,,,,,
http://www.wikidata.org/entity/Q21130025,Bootmobile,http://www.wikidata.org/entity/Q1420,автомобиль,http://www.wikidata.org/entity/Q44294,Ford,США,,,,,,,,http://commons.wikimedia.org/wiki/Special:FilePath/Freeport%20shoecar%2007.07.2012%2013-42-46.jpg
http://www.wikidata.org/entity/Q5467725,Ford EX,http://www.wikidata.org/entity/Q1420,автомобиль,http://www.wikidata.org/entity/Q44294,Ford,США,,,,,,,,
http://www.wikidata.org/entity/Q598084,Ford Explorer,http://www.wikidata.org/entity/Q1420,автомобиль,http://www.wikidata.org/entity/Q44294,Ford,США,,Ford Bronco II,,,,,,http://commons.wikimedia.org/wiki/Special:FilePath/2025%20Ford%20Explorer%20Active%20%28facelift%29%2C%20front%2012.20.24.jpg
http://www.wikidata.org/entity/Q5467908,Ford Ranch Wagon,http://www.wikidata.org/entity/Q1420,автомобиль,http://www.wikidata.org/entity/Q44294,Ford,США,,,,,,,,http://commons.wikimedia.org/wiki/Special:FilePath/1952%20Ford%20Ranch%20Wagon.jpg
http://www.wikidata.org/entity/Q85761610,Ford Raptor,http://www.wikidata.org/entity/Q10429667,автомобильная марка,http://www.wikidata.org/entity/Q44294,Ford,США,,,,,,,,http://commons.wikimedia.org/wiki/Special:FilePath/Austrian%20500%20US-CAR%20DAYS%202019%2024.jpg
http://www.wikidata.org/entity/Q179622,Merkur,http://www.wikidata.org/entity/Q10429667,автомобильная марка,http://www.wikidata.org/entity/Q44294,Ford,США,,,,,,,,http://commons.wikimedia.org/wiki/Special:FilePath/MerkurXr4ti.JPG
http://www.wikidata.org/entity/Q5467621,Ford 385,http://www.wikidata.org/entity/Q502048,бензиновый двигатель внутреннего сгорания,http://www.wikidata.org/entity/Q44294,Ford,США,,,,,,,,http://commons.wikimedia.org/wiki/Special:FilePath/Ford%20Mustang%20Cobra%20460.JPG
http://www.wikidata.org/entity/Q1836478,Ford D3,http://www.wikidata.org/entity/Q4830453,бизнес,http://www.wikidata.org/entity/Q44294,Ford,США,,,,,,,,http://commons.wikimedia.org/wiki/Special:FilePath/2010%20Ford%20Taurus%20SHO%20--%2009-07-2009.jpg
http://www.wikidata.org/entity/Q65117372,Mercon,http://www.wikidata.org/entity/Q431289,бренд,http://www.wikidata.org/entity/Q44294,Ford,США,,,,,,,,http://commons.wikimedia.org/wiki/Special:FilePath/Mercon%20LV%20ATF.jpg
http://www.wikidata.org/entity/Q23637350,Ford-Van Auken 1909 Monoplane,http://www.wikidata.org/entity/Q11436,воздушное судно,http://www.wikidata.org/entity/Q44294,Ford,США,,,,,,,,
http://www.wikidata.org/entity/Q132586639,Ronny's and Ragge's first Fårrd,http://www.wikidata.org/entity/Q15707563,вымышленный автомобиль,http://www.wikidata.org/entity/Q44294,Ford,США,,,,,,,,
http://www.wikidata.org/entity/Q133265541,Ronny's and Ragge's second Fårrd,http://www.wikidata.org/entity/Q15707563,вымышленный автомобиль,http://www.wikidata.org/entity/Q44294,Ford,США,,,,,,,,
http://www.wikidata.org/entity/Q133265543,Ronny's and Ragge's third Fårrd,http://www.wikidata.org/entity/Q15707563,вымышленный автомобиль,http://www.wikidata.org/entity/Q44294,Ford,США,,,,,,,,
http://www.wikidata.org/entity/Q108091975,Ford Sweepstakes,http://www.wikidata.org/entity/Q673687,гоночный автомобиль,http://www.wikidata.org/entity/Q44294,Ford,США,,,,,,,,http://commons.wikimedia.org/wiki/Special:FilePath/1901%20Ford%20Sweepstakes%20race%20car%20-%20The%20Henry%20Ford%20-%20Engines%20Exposed%20Exhibit%202-22-2016%20%281%29%20%2831310513184%29.jpg
http://www.wikidata.org/entity/Q65117372,Mercon,http://www.wikidata.org/entity/Q4826615,жидкость для трансмиссии,http://www.wikidata.org/entity/Q44294,Ford,США,,,,,,,,http://commons.wikimedia.org/wiki/Special:FilePath/Mercon%20LV%20ATF.jpg
http://www.wikidata.org/entity/Q5467820,Ford Individual,http://www.wikidata.org/entity/Q1000371,кастомизация,http://www.wikidata.org/entity/Q44294,Ford,США,,,,,,,,
http://www.wikidata.org/entity/Q112967359,Ford Allegro II,http://www.wikidata.org/entity/Q850270,концепт-кар,http://www.wikidata.org/entity/Q44294,Ford,США,,,,,,,,
http://www.wikidata.org/entity/Q1436811,Ford Evos,http://www.wikidata.org/entity/Q850270,концепт-кар,http://www.wikidata.org/entity/Q44294,Ford,США,,,,,,,,http://commons.wikimedia.org/wiki/Special:FilePath/Ford%20Evos%20plug-in%20hybrid%20WAS%202012%200589.JPG
http://www.wikidata.org/entity/Q48814084,Ford FX-Atmos,http://www.wikidata.org/entity/Q850270,концепт-кар,http://www.wikidata.org/entity/Q44294,Ford,США,,,,,,,,http://commons.wikimedia.org/wiki/Special:FilePath/Concept%20Car%20Collection%20%284703951724%29.jpg
http://www.wikidata.org/entity/Q112967382,Ford Freestyle FX Concept,http://www.wikidata.org/entity/Q850270,концепт-кар,http://www.wikidata.org/entity/Q44294,Ford,США,,,,,,,,
http://www.wikidata.org/entity/Q5467819,Ford Indigo,http://www.wikidata.org/entity/Q850270,концепт-кар,http://www.wikidata.org/entity/Q44294,Ford,США,,,,,,,,
http://www.wikidata.org/entity/Q5467822,Ford Interceptor,http://www.wikidata.org/entity/Q850270,концепт-кар,http://www.wikidata.org/entity/Q44294,Ford,США,,,,5121,1941,1392,,http://commons.wikimedia.org/wiki/Special:FilePath/Ford-Interceptor-DC.jpg
http://www.wikidata.org/entity/Q112967349,Ford Mach 2,http://www.wikidata.org/entity/Q850270,концепт-кар,http://www.wikidata.org/entity/Q44294,Ford,США,,,,,,,,
http://www.wikidata.org/entity/Q59492105,Ford Mystere,http://www.wikidata.org/entity/Q850270,концепт-кар,http://www.wikidata.org/entity/Q44294,Ford,США,,,,,,,,http://commons.wikimedia.org/wiki/Special:FilePath/Concept%20Car%20Collection%20%284703949174%29.jpg
http://www.wikidata.org/entity/Q112967356,Ford Prima,http://www.wikidata.org/entity/Q850270,концепт-кар,http://www.wikidata.org/entity/Q44294,Ford,США,,,,,,,,
http://www.wikidata.org/entity/Q5467911,Ford Reflex,http://www.wikidata.org/entity/Q850270,концепт-кар,http://www.wikidata.org/entity/Q44294,Ford,США,,,,,,,,http://commons.wikimedia.org/wiki/Special:FilePath/Ford%20Refl3x%20Concept%20passenger.jpg
http://www.wikidata.org/entity/Q5467930,Ford SYNus,http://www.wikidata.org/entity/Q850270,концепт-кар,http://www.wikidata.org/entity/Q44294,Ford,США,,,,,,,,http://commons.wikimedia.org/wiki/Special:FilePath/Ford%20SYNUS%20concept.jpg
http://www.wikidata.org/entity/Q3076969,Ford Shelby Cobra Concept,http://www.wikidata.org/entity/Q850270,концепт-кар,http://www.wikidata.org/entity/Q44294,Ford,США,,,,3947,1905,,1395,http://commons.wikimedia.org/wiki/Special:FilePath/2010%20Shelby%20DRB540%20Cobra%20%2822605298204%29.jpg
http://www.wikidata.org/entity/Q5467991,Ford Visos,http://www.wikidata.org/entity/Q850270,концепт-кар,http://www.wikidata.org/entity/Q44294,Ford,США,,,,,,,,http://commons.wikimedia.org/wiki/Special:FilePath/IAA%202003%20125%20-%20Flickr%20-%20Axel%20Schwenke.jpg
http://www.wikidata.org/entity/Q89344777,Ford Volante,http://www.wikidata.org/entity/Q850270,концепт-кар,http://www.wikidata.org/entity/Q44294,Ford,США,,,,,,,,http://commons.wikimedia.org/wiki/Special:FilePath/Concept%20Car%20Collection%20%284703942652%29.jpg
http://www.wikidata.org/entity/Q5565192,Giugiaro Ford Mustang,http://www.wikidata.org/entity/Q850270,концепт-кар,http://www.wikidata.org/entity/Q44294,Ford,США,,,,,,,,http://commons.wikimedia.org/wiki/Special:FilePath/Giugiaro%20quarter.jpg
http://www.wikidata.org/entity/Q6535602,Levicar,http://www.wikidata.org/entity/Q850270,концепт-кар,http://www.wikidata.org/entity/Q44294,Ford,США,,,,,,,,http://commons.wikimedia.org/wiki/Special:FilePath/Concept%20Car%20Collection%20%284703943400%29.jpg
http://www.wikidata.org/entity/Q545618,Soybean Car,http://www.wikidata.org/entity/Q850270,концепт-кар,http://www.wikidata.org/entity/Q44294,Ford,США,,,,,,,,http://commons.wikimedia.org/wiki/Special:FilePath/Ford%20HempBodyCar.jpg
http://www.wikidata.org/entity/Q4038889,Ford Airstream,http://www.wikidata.org/entity/Q850270,концепт-кар,http://www.wikidata.org/entity/Q44294,Ford,США,,,,,,,,http://commons.wikimedia.org/wiki/Special:FilePath/Auto%20Show%20024.jpg
http://www.wikidata.org/entity/Q16993631,Ford Atlas,http://www.wikidata.org/entity/Q850270,концепт-кар,http://www.wikidata.org/entity/Q44294,Ford,США,,,,,,,,http://commons.wikimedia.org/wiki/Special:FilePath/Ford-Atlas.jpg
http://www.wikidata.org/entity/Q653729,Ford GT90,http://www.wikidata.org/entity/Q850270,концепт-кар,http://www.wikidata.org/entity/Q44294,Ford,США,,,,,,,,http://commons.wikimedia.org/wiki/Special:FilePath/Ford%20GT90%20Front.jpg
http://www.wikidata.org/entity/Q511677,Ford Nucleon,http://www.wikidata.org/entity/Q850270,концепт-кар,http://www.wikidata.org/entity/Q44294,Ford,США,,,,,,,,http://commons.wikimedia.org/wiki/Special:FilePath/Deutsches%20Technikmuseum%20Berlin%20February%202008%200022.JPG
http://www.wikidata.org/entity/Q260932,Ford Shelby GR-1,http://www.wikidata.org/entity/Q850270,концепт-кар,http://www.wikidata.org/entity/Q44294,Ford,США,,,,4412,1895,1168,1769,http://commons.wikimedia.org/wiki/Special:FilePath/Shelby%20GR-1%20at%20the%202005%20Chicago%20Auto%20Show.jpeg
http://www.wikidata.org/entity/Q1131665,Mercedes-Benz Bionic,http://www.wikidata.org/entity/Q850270,концепт-кар,http://www.wikidata.org/entity/Q44294,Ford,США,,,,4242,,,,http://commons.wikimedia.org/wiki/Special:FilePath/Mercedes-Benz%20bionic%20car.jpg
http://www.wikidata.org/entity/Q511677,Ford Nucleon,http://www.wikidata.org/entity/Q6498959,макет,http://www.wikidata.org/entity/Q44294,Ford,США,,,,,,,,http://commons.wikimedia.org/wiki/Special:FilePath/Deutsches%20Technikmuseum%20Berlin%20February%202008%200022.JPG
http://www.wikidata.org/entity/Q25461185,Q25461185,http://www.wikidata.org/entity/Q13222551,микробус,http://www.wikidata.org/entity/Q44294,Ford,США,,,,,,,,http://commons.wikimedia.org/wiki/Special:FilePath/Ford%20Transit%20%28Baureihe%20ab%201994%29.jpg
http://www.wikidata.org/entity/Q3467922,Ford Transit bus,http://www.wikidata.org/entity/Q23039057,модель автобуса,http://www.wikidata.org/entity/Q44294,Ford,США,,,,,2.4,,4800,http://commons.wikimedia.org/wiki/Special:FilePath/Huisstijl%20BBA%20Stadsbus%20353.jpg
http://www.wikidata.org/entity/Q1436956,Ford R-Series,http://www.wikidata.org/entity/Q23039057,модель автобуса,http://www.wikidata.org/entity/Q44294,Ford,США,,,,,2500,3000,,http://commons.wikimedia.org/wiki/Special:FilePath/George%20Wards%20Ford%20R1114%20-%20Plaxton%20PPE675R%20at%20the%20seaside%201978.jpg
http://www.wikidata.org/entity/Q5467653,Ford B-Series,http://www.wikidata.org/entity/Q23039057,модель автобуса,http://www.wikidata.org/entity/Q44294,Ford,США,1948-01-01T00:00:00Z,Ford V3000S,,,,,,http://commons.wikimedia.org/wiki/Special:FilePath/1980sThomasFordSheffield.jpg
http://www.wikidata.org/entity/Q114983085,Q114983085,http://www.wikidata.org/entity/Q3231690,модель автомобиля,http://www.wikidata.org/entity/Q44294,Ford,США,,,,,,,,http://commons.wikimedia.org/wiki/Special:FilePath/1985%20Ford%20Escort%20RS%20Turbo%201.6.jpg
http://www.wikidata.org/entity/Q1416546,Q1416546,http://www.wikidata.org/entity/Q3231690,модель автомобиля,http://www.wikidata.org/entity/Q44294,Ford,США,,Ford V8,,4938,,,,
http://www.wikidata.org/entity/Q1436783,Q1436783,http://www.wikidata.org/entity/Q3231690,модель автомобиля,http://www.wikidata.org/entity/Q44294,Ford,США,,,,,,,,
http://www.wikidata.org/entity/Q1436817,Q1436817,http://www.wikidata.org/entity/Q3231690,модель автомобиля,http://www.wikidata.org/entity/Q44294,Ford,США,,,,,,,,http://commons.wikimedia.org/wiki/Special:FilePath/1958%20Ford%20Fairlane.jpg
http://www.wikidata.org/entity/Q1436818,Q1436818,http://www.wikidata.org/entity/Q3231690,модель автомобиля,http://www.wikidata.org/entity/Q44294,Ford,США,,,,,,,,
http://www.wikidata.org/entity/Q14551874,Q14551874,http://www.wikidata.org/entity/Q3231690,модель автомобиля,http://www.wikidata.org/entity/Q44294,Ford,США,,,,,,,,http://commons.wikimedia.org/wiki/Special:FilePath/Landau197704.jpg
http://www.wikidata.org/entity/Q14906667,Q14906667,http://www.wikidata.org/entity/Q3231690,модель автомобиля,http://www.wikidata.org/entity/Q44294,Ford,США,,Ford Model B (1932),,4646,,,,http://commons.wikimedia.org/wiki/Special:FilePath/1934%20Ford%20Fordor%20Deluxe.jpg
http://www.wikidata.org/entity/Q3062588,Q3062588,http://www.wikidata.org/entity/Q3231690,модель автомобиля,http://www.wikidata.org/entity/Q44294,Ford,США,,,,,,,,
http://www.wikidata.org/entity/Q40447399,17,http://www.wikidata.org/entity/Q3231690,модель автомобиля,http://www.wikidata.org/entity/Q44294,Ford,США,,,,,,,,
http://www.wikidata.org/entity/Q4564024,1937 Ford,http://www.wikidata.org/entity/Q3231690,модель автомобиля,http://www.wikidata.org/entity/Q44294,Ford,США,,Ford V8,Ford 1941,,1765,1642,,http://commons.wikimedia.org/wiki/Special:FilePath/1937%20Ford%20V8%20Convertible.jpg
http://www.wikidata.org/entity/Q4568365,1955 Ford,http://www.wikidata.org/entity/Q3231690,модель автомобиля,http://www.wikidata.org/entity/Q44294,Ford,США,,Ford 1952,1957 Ford,,,,,http://commons.wikimedia.org/wiki/Special:FilePath/1955%20Ford%20Crown%20Victoria%202.jpg
http://www.wikidata.org/entity/Q4568999,1957 Ford,http://www.wikidata.org/entity/Q3231690,модель автомобиля,http://www.wikidata.org/entity/Q44294,Ford,США,,1955 Ford,1960 Ford,,,,,http://commons.wikimedia.org/wiki/Special:FilePath/1957%20Ford%20Fairline%20500%20Skyliner.jpg
http://www.wikidata.org/entity/Q4569949,1960 Ford,http://www.wikidata.org/entity/Q3231690,модель автомобиля,http://www.wikidata.org/entity/Q44294,Ford,США,,1957 Ford,Ford Galaxie,,,,,http://commons.wikimedia.org/wiki/Special:FilePath/1960%20Ford%20Galaxie%20Sunliner.jpg
http://www.wikidata.org/entity/Q28452871,1963 Ford Mustang II,http://www.wikidata.org/entity/Q3231690,модель автомобиля,http://www.wikidata.org/entity/Q44294,Ford,США,,,,,,,,http://commons.wikimedia.org/wiki/Special:FilePath/MUSTANG%20II%20SKETCH.jpg
http://www.wikidata.org/entity/Q40447264,24.7,http://www.wikidata.org/entity/Q3231690,модель автомобиля,http://www.wikidata.org/entity/Q44294,Ford,США,,,,,,,,
http://www.wikidata.org/entity/Q40508075,427,http://www.wikidata.org/entity/Q3231690,модель автомобиля,http://www.wikidata.org/entity/Q44294,Ford,США,,,,,,,,
http://www.wikidata.org/entity/Q40508523,Artic,http://www.wikidata.org/entity/Q3231690,модель автомобиля,http://www.wikidata.org/entity/Q44294,Ford,США,,,,,,,,
http://www.wikidata.org/entity/Q4947496,Boss 302 Mustang,http://www.wikidata.org/entity/Q3231690,модель автомобиля,http://www.wikidata.org/entity/Q44294,Ford,США,,,,,,,,http://commons.wikimedia.org/wiki/Special:FilePath/2012%20Ford%20Mustang%20Boss%20302%20coupe%20--%2011-10-2011.jpg
http://www.wikidata.org/entity/Q2320858,Boss 429,http://www.wikidata.org/entity/Q3231690,модель автомобиля,http://www.wikidata.org/entity/Q44294,Ford,США,,,,,,,,http://commons.wikimedia.org/wiki/Special:FilePath/BOSS429.JPG
http://www.wikidata.org/entity/Q40508685,C-Max Hybrid,http://www.wikidata.org/entity/Q3231690,модель автомобиля,http://www.wikidata.org/entity/Q44294,Ford,США,,,,,,,,
http://www.wikidata.org/entity/Q135616237,Category:Ford LTD 1973–1978,http://www.wikidata.org/entity/Q3231690,модель автомобиля,http://www.wikidata.org/entity/Q44294,Ford,США,,,,,,,,
http://www.wikidata.org/entity/Q40507492,Coin,http://www.wikidata.org/entity/Q3231690,модель автомобиля,http://www.wikidata.org/entity/Q44294,Ford,США,,,,,,,,
http://www.wikidata.org/entity/Q1128790,Continental Mark III (1958),http://www.wikidata.org/entity/Q3231690,модель автомобиля,http://www.wikidata.org/entity/Q44294,Ford,США,,Continental Mark II,Continental Mark IV (1959),5817,2035,,2370,http://commons.wikimedia.org/wiki/Special:FilePath/Lao%20royal%20Continental.jpg
http://www.wikidata.org/entity/Q1128794,Continental Mark IV (1959),http://www.wikidata.org/entity/Q3231690,модель автомобиля,http://www.wikidata.org/entity/Q44294,Ford,США,,Continental Mark III (1958),Continental Mark V (1960),5817,2035,1475,2370,http://commons.wikimedia.org/wiki/Special:FilePath/1959%20Lincoln%20Continental.JPG
http://www.wikidata.org/entity/Q1128799,Continental Mark V (1960),http://www.wikidata.org/entity/Q3231690,модель автомобиля,http://www.wikidata.org/entity/Q44294,Ford,США,,Continental Mark IV (1959),,5771,2040,1440,2370,http://commons.wikimedia.org/wiki/Special:FilePath/1960%20Lincoln%20Continental%20--%2010-02-2009.jpg
http://www.wikidata.org/entity/Q5189936,Cruise-O-Matic,http://www.wikidata.org/entity/Q3231690,модель автомобиля,http://www.wikidata.org/entity/Q44294,Ford,США,,,Ford AOD transmission,,,,,
http://www.wikidata.org/entity/Q40508942,Desert Excursion,http://www.wikidata.org/entity/Q3231690,модель автомобиля,http://www.wikidata.org/entity/Q44294,Ford,США,,,,,,,,
http://www.wikidata.org/entity/Q40504728,E-150,http://www.wikidata.org/entity/Q3231690,модель автомобиля,http://www.wikidata.org/entity/Q44294,Ford,США,,,,,,,,
http://www.wikidata.org/entity/Q40506426,E-Series Van,http://www.wikidata.org/entity/Q3231690,модель автомобиля,http://www.wikidata.org/entity/Q44294,Ford,США,,,,,,,,
http://www.wikidata.org/entity/Q1238173,Edsel Corsair,http://www.wikidata.org/entity/Q3231690,модель автомобиля,http://www.wikidata.org/entity/Q44294,Ford,США,,Mercury Monterey,Mercury Meteor,,2027,,,http://commons.wikimedia.org/wiki/Special:FilePath/1958%20Corsair%20Daten.jpg
http://www.wikidata.org/entity/Q40508228,Equator,http://www.wikidata.org/entity/Q3231690,модель автомобиля,http://www.wikidata.org/entity/Q44294,Ford,США,,,,,,,,
http://www.wikidata.org/entity/Q40509280,Extreme EX ford,http://www.wikidata.org/entity/Q3231690,модель автомобиля,http://www.wikidata.org/entity/Q44294,Ford,США,,,,,,,,
http://www.wikidata.org/entity/Q40444935,F-450 Super Duty,http://www.wikidata.org/entity/Q3231690,модель автомобиля,http://www.wikidata.org/entity/Q44294,Ford,США,,,,,,,,http://commons.wikimedia.org/wiki/Special:FilePath/2008%20Ford%20F-450.jpg
http://www.wikidata.org/entity/Q40447098,FPV BF GT,http://www.wikidata.org/entity/Q3231690,модель автомобиля,http://www.wikidata.org/entity/Q44294,Ford,США,,,,,,,,
http://www.wikidata.org/entity/Q5467627,Ford 2GA,http://www.wikidata.org/entity/Q3231690,модель автомобиля,http://www.wikidata.org/entity/Q44294,Ford,США,,,,,,,,
http://www.wikidata.org/entity/Q1436728,Ford 300,http://www.wikidata.org/entity/Q3231690,модель автомобиля,http://www.wikidata.org/entity/Q44294,Ford,США,,Ford Galaxie,Ford Custom,5309,,,,http://commons.wikimedia.org/wiki/Special:FilePath/Ford%20300.JPG
http://www.wikidata.org/entity/Q5467629,Ford 4F27E transmission,http://www.wikidata.org/entity/Q3231690,модель автомобиля,http://www.wikidata.org/entity/Q44294,Ford,США,,Ford F-4EAT transmission,,,,,,
http://www.wikidata.org/entity/Q5467639,Ford AOD transmission,http://www.wikidata.org/entity/Q3231690,модель автомобиля,http://www.wikidata.org/entity/Q44294,Ford,США,,Ford C4 transmission,Ford 6R transmission,,,,,
http://www.wikidata.org/entity/Q5467640,Ford ATX transmission,http://www.wikidata.org/entity/Q3231690,модель автомобиля,http://www.wikidata.org/entity/Q44294,Ford,США,,,Ford F-4EAT transmission,,,,,
http://www.wikidata.org/entity/Q5467642,Ford AXOD transmission,http://www.wikidata.org/entity/Q3231690,модель автомобиля,http://www.wikidata.org/entity/Q44294,Ford,США,,,GM-Ford 6-speed automatic transmission,,,,,
http://www.wikidata.org/entity/Q93439005,Ford Anglia 105E,http://www.wikidata.org/entity/Q3231690,модель автомобиля,http://www.wikidata.org/entity/Q44294,Ford,США,,,,,,,,http://commons.wikimedia.org/wiki/Special:FilePath/1960%20Ford%20105E%20Anglia%2C%20licence%20AL-17-79%2C%20pic6.JPG
http://www.wikidata.org/entity/Q10283405,Ford Belina,http://www.wikidata.org/entity/Q3231690,модель автомобиля,http://www.wikidata.org/entity/Q44294,Ford,США,,,,,,,,http://commons.wikimedia.org/wiki/Special:FilePath/1990%20Belina%20Ghia%20raro%20estado%20de%20conserva%C3%A7%C3%A3o.jpg
http://www.wikidata.org/entity/Q135402675,Ford Bronco New Energy,http://www.wikidata.org/entity/Q3231690,модель автомобиля,http://www.wikidata.org/entity/Q44294,Ford,США,,,,,,,,
http://www.wikidata.org/entity/Q1406619,Ford C 100,http://www.wikidata.org/entity/Q3231690,модель автомобиля,http://www.wikidata.org/entity/Q44294,Ford,США,,,,,1710,,880,http://commons.wikimedia.org/wiki/Special:FilePath/Ford%20C100%203.jpg
http://www.wikidata.org/entity/Q967959,Ford C-Max Energi,http://www.wikidata.org/entity/Q3231690,модель автомобиля,http://www.wikidata.org/entity/Q44294,Ford,США,,,,,,,,http://commons.wikimedia.org/wiki/Special:FilePath/Ford%20C%20Max%20Energi%20plug-in%20hybrid%20WAS%202011%20897.JPG
http://www.wikidata.org/entity/Q5467671,Ford C4 transmission,http://www.wikidata.org/entity/Q3231690,модель автомобиля,http://www.wikidata.org/entity/Q44294,Ford,США,,Cruise-O-Matic,Ford AOD transmission,,,,,
http://www.wikidata.org/entity/Q5467672,Ford C6 transmission,http://www.wikidata.org/entity/Q3231690,модель автомобиля,http://www.wikidata.org/entity/Q44294,Ford,США,,Cruise-O-Matic,Ford 6R transmission,,,,,
http://www.wikidata.org/entity/Q5467674,Ford CD4E transmission,http://www.wikidata.org/entity/Q3231690,модель автомобиля,http://www.wikidata.org/entity/Q44294,Ford,США,,Mazda G4A-EL transmission,GM-Ford 6-speed automatic transmission,,,,,
http://www.wikidata.org/entity/Q23637329,Ford Cirrus concept car,http://www.wikidata.org/entity/Q3231690,модель автомобиля,http://www.wikidata.org/entity/Q44294,Ford,США,,,,,,,,http://commons.wikimedia.org/wiki/Special:FilePath/Ford%20Cirrus%2016.jpg
http://www.wikidata.org/entity/Q77248596,Ford Cobra,http://www.wikidata.org/entity/Q3231690,модель автомобиля,http://www.wikidata.org/entity/Q44294,Ford,США,,,,,,,,
http://www.wikidata.org/entity/Q5467693,Ford Comuta,http://www.wikidata.org/entity/Q3231690,модель автомобиля,http://www.wikidata.org/entity/Q44294,Ford,США,,,,,,,,
http://www.wikidata.org/entity/Q1436745,Ford Conquistador,http://www.wikidata.org/entity/Q3231690,модель автомобиля,http://www.wikidata.org/entity/Q44294,Ford,США,,,,,,,,
http://www.wikidata.org/entity/Q846438,Ford Consul Capri,http://www.wikidata.org/entity/Q3231690,модель автомобиля,http://www.wikidata.org/entity/Q44294,Ford,США,,,,4337,1659,1330,,http://commons.wikimedia.org/wiki/Special:FilePath/Ford%20Consul%20Capri%20-%20Flickr%20-%20exfordy%20%281%29.jpg
http://www.wikidata.org/entity/Q90923621,Ford Consul MkII,http://www.wikidata.org/entity/Q3231690,модель автомобиля,http://www.wikidata.org/entity/Q44294,Ford,США,,,,,,,,http://commons.wikimedia.org/wiki/Special:FilePath/Ford.consul.mk2.arp.750pix.jpg
http://www.wikidata.org/entity/Q90020450,Ford Cortina MkI,http://www.wikidata.org/entity/Q3231690,модель автомобиля,http://www.wikidata.org/entity/Q44294,Ford,США,,,,,,,,http://commons.wikimedia.org/wiki/Special:FilePath/Ford%20Cortina%201500%20estate%20MkI%20first%20registered%20in%20UK%20July%201963%201489cc%20photographed%20ay%20Knebworth%202012.jpg
http://www.wikidata.org/entity/Q5467696,Ford Cougar 406,http://www.wikidata.org/entity/Q3231690,модель автомобиля,http://www.wikidata.org/entity/Q44294,Ford,США,,,,,,,,http://commons.wikimedia.org/wiki/Special:FilePath/Ford%20Cougar%20406.jpg
http://www.wikidata.org/entity/Q18913340,Ford Crestline,http://www.wikidata.org/entity/Q3231690,модель автомобиля,http://www.wikidata.org/entity/Q44294,Ford,США,,Ford Custom Deluxe,Ford Fairlane,,,,,http://commons.wikimedia.org/wiki/Special:FilePath/1954%20Ford%20Crestline%20Sunliner%20Convertible.jpg
http://www.wikidata.org/entity/Q5467700,Ford Crestline Skyliner,http://www.wikidata.org/entity/Q3231690,модель автомобиля,http://www.wikidata.org/entity/Q44294,Ford,США,,,Ford Fairlane Crown Victoria Skyliner,5037,1867,,,http://commons.wikimedia.org/wiki/Special:FilePath/1954%20Ford%20Crestline%20Skyliner.jpg
http://www.wikidata.org/entity/Q1451157,Ford Crown Victoria Police Interceptor,http://www.wikidata.org/entity/Q3231690,модель автомобиля,http://www.wikidata.org/entity/Q44294,Ford,США,,,,,,,,http://commons.wikimedia.org/wiki/Special:FilePath/Indianapolis%20Metropolitan%20police%20cruiser%201.jpg
http://www.wikidata.org/entity/Q1436778,Ford Custom,http://www.wikidata.org/entity/Q3231690,модель автомобиля,http://www.wikidata.org/entity/Q44294,Ford,США,,Ford 1941,Ford Custom Deluxe,,,,,http://commons.wikimedia.org/wiki/Special:FilePath/1949%20Ford%20custom%20300%20pic3.JPG
http://www.wikidata.org/entity/Q1436765,Ford Custom Deluxe,http://www.wikidata.org/entity/Q3231690,модель автомобиля,http://www.wikidata.org/entity/Q44294,Ford,США,,Ford 1941,Ford Crestline,,,,,http://commons.wikimedia.org/wiki/Special:FilePath/1950%20Ford%2076%20Custom%20De%20Luxe%20Convertible%20Coupe.jpg
http://www.wikidata.org/entity/Q1436772,Ford Customline,http://www.wikidata.org/entity/Q3231690,модель автомобиля,http://www.wikidata.org/entity/Q44294,Ford,США,,Ford Custom Deluxe,Ford Custom,,,,,http://commons.wikimedia.org/wiki/Special:FilePath/1954%20Ford%20De%20Luxe%20Fordor%20Sedan%20FSZ226.jpg
http://www.wikidata.org/entity/Q113460701,Ford E-Transit,http://www.wikidata.org/entity/Q3231690,модель автомобиля,http://www.wikidata.org/entity/Q44294,Ford,США,,,,,,,,
http://www.wikidata.org/entity/Q90702584,Ford EcoSport (2nd generation),http://www.wikidata.org/entity/Q3231690,модель автомобиля,http://www.wikidata.org/entity/Q44294,Ford,США,,,,,,,,http://commons.wikimedia.org/wiki/Special:FilePath/2012%20Ford%20EcoSport%20%28BK%29%20Titanium%20wagon%20%282012-10-26%29%2001.jpg
http://www.wikidata.org/entity/Q90702580,Ford Edge (second generation),http://www.wikidata.org/entity/Q3231690,модель автомобиля,http://www.wikidata.org/entity/Q44294,Ford,США,,,,,,,,http://commons.wikimedia.org/wiki/Special:FilePath/2017%20Ford%20Edge%20%281%29.jpg
http://www.wikidata.org/entity/Q96146405,Ford Escort RS,http://www.wikidata.org/entity/Q3231690,модель автомобиля,http://www.wikidata.org/entity/Q44294,Ford,США,,,,,,,,http://commons.wikimedia.org/wiki/Special:FilePath/1983%20Ford%20Escort%20RS1600i.jpg
http://www.wikidata.org/entity/Q90023707,Ford F-100 (1953),http://www.wikidata.org/entity/Q3231690,модель автомобиля,http://www.wikidata.org/entity/Q44294,Ford,США,,,,,,,,http://commons.wikimedia.org/wiki/Special:FilePath/1955%20Ford%20F-100%20front.jpg
http://www.wikidata.org/entity/Q99642802,Ford F-150 Lightning,http://www.wikidata.org/entity/Q3231690,модель автомобиля,http://www.wikidata.org/entity/Q44294,Ford,США,,,,5910,2030,2004,2948,http://commons.wikimedia.org/wiki/Special:FilePath/Ford%20F-150%20Lightning%20CRI%2005%202023%203639.jpg
http://www.wikidata.org/entity/Q5467743,Ford F-4EAT transmission,http://www.wikidata.org/entity/Q3231690,модель автомобиля,http://www.wikidata.org/entity/Q44294,Ford,США,,Ford ATX transmission,Ford 4F27E transmission,,,,,
http://www.wikidata.org/entity/Q5467745,Ford F-550,http://www.wikidata.org/entity/Q3231690,модель автомобиля,http://www.wikidata.org/entity/Q44294,Ford,США,,,,,,,,
http://www.wikidata.org/entity/Q5479926,Ford FK 1000,http://www.wikidata.org/entity/Q3231690,модель автомобиля,http://www.wikidata.org/entity/Q44294,Ford,США,,,,,,,,http://commons.wikimedia.org/wiki/Special:FilePath/Ford%20FK%201000%20Spielvogel%202014%202.jpg
http://www.wikidata.org/entity/Q5467764,Ford Fairlane Crown Victoria Skyliner,http://www.wikidata.org/entity/Q3231690,модель автомобиля,http://www.wikidata.org/entity/Q44294,Ford,США,,Ford Crestline Skyliner,Ford Skyliner,5042,1928,,,http://commons.wikimedia.org/wiki/Special:FilePath/1955%20Ford%20Crown%20Victoria%20Skyliner.JPG
http://www.wikidata.org/entity/Q31837515,Ford Fiesta (1995),http://www.wikidata.org/entity/Q3231690,модель автомобиля,http://www.wikidata.org/entity/Q44294,Ford,США,,Ford Fiesta third generation,Ford Fiesta (2002),,,,,http://commons.wikimedia.org/wiki/Special:FilePath/1996%20Ford%20Fiesta%201.3%20LX%20%2828212307366%29.jpg
http://www.wikidata.org/entity/Q31837515,Ford Fiesta (1995),http://www.wikidata.org/entity/Q3231690,модель автомобиля,http://www.wikidata.org/entity/Q44294,Ford,США,,Ford Fiesta third generation,Ford Fiesta (2002),,,,,http://commons.wikimedia.org/wiki/Special:FilePath/Ford%20Fiesta%20Zetec%20S%20Limited%20Edition%20%2845454424964%29.jpg
http://www.wikidata.org/entity/Q31837516,Ford Fiesta (2002),http://www.wikidata.org/entity/Q3231690,модель автомобиля,http://www.wikidata.org/entity/Q44294,Ford,США,,Ford Fiesta (1995),Ford Fiesta MK6,,1685,,,http://commons.wikimedia.org/wiki/Special:FilePath/2003%20Ford%20Fiesta%20Zetec%201.4%20Front.jpg
http://www.wikidata.org/entity/Q31837516,Ford Fiesta (2002),http://www.wikidata.org/entity/Q3231690,модель автомобиля,http://www.wikidata.org/entity/Q44294,Ford,США,,Ford Fiesta (1995),Ford Fiesta MK6,,1685,,,http://commons.wikimedia.org/wiki/Special:FilePath/Ford%20Fiesta%20VI%2020090822%20front.JPG
http://www.wikidata.org/entity/Q31837520,Ford Fiesta (2017),http://www.wikidata.org/entity/Q3231690,модель автомобиля,http://www.wikidata.org/entity/Q44294,Ford,США,,Ford Fiesta MK6,,4040,1734,1476,,http://commons.wikimedia.org/wiki/Special:FilePath/2017%20Ford%20Fiesta%20Zetec%20Turbo%201.0%20Front.jpg
http://www.wikidata.org/entity/Q90702639,Ford Fiesta Active MK7,http://www.wikidata.org/entity/Q3231690,модель автомобиля,http://www.wikidata.org/entity/Q44294,Ford,США,,,,,,,,http://commons.wikimedia.org/wiki/Special:FilePath/2018%20Ford%20Fiesta%20Active%20B%26O%20PLAY%201.0%20Front.jpg
http://www.wikidata.org/entity/Q12063185,Ford Fiesta MK6,http://www.wikidata.org/entity/Q3231690,модель автомобиля,http://www.wikidata.org/entity/Q44294,Ford,США,,Ford Fiesta (2002),Ford Fiesta (2017),,1722,,,http://commons.wikimedia.org/wiki/Special:FilePath/2010%20Ford%20Fiesta%20%28WT%29%20LX%205-door%20hatchback%20%282015-07-16%29%2001.jpg
http://www.wikidata.org/entity/Q12063185,Ford Fiesta MK6,http://www.wikidata.org/entity/Q3231690,модель автомобиля,http://www.wikidata.org/entity/Q44294,Ford,США,,Ford Fiesta (2002),Ford Fiesta (2017),,1722,,,http://commons.wikimedia.org/wiki/Special:FilePath/FordFiesta%202009%20%28cropped%29.jpg
http://www.wikidata.org/entity/Q90702622,Ford Fiesta MK7 Hybrid,http://www.wikidata.org/entity/Q3231690,модель автомобиля,http://www.wikidata.org/entity/Q44294,Ford,США,,,,,,,,http://commons.wikimedia.org/wiki/Special:FilePath/Ford%20Fiesta%20MK7%20Hybrid%20at%20IAA%202019%20IMG%200418.jpg
http://www.wikidata.org/entity/Q2554248,Ford Fiesta S2000,http://www.wikidata.org/entity/Q3231690,модель автомобиля,http://www.wikidata.org/entity/Q44294,Ford,США,,,,,,,,http://commons.wikimedia.org/wiki/Special:FilePath/Rally%20Finland%202010%20-%20shakedown%20-%20Nasser%20Al-Attiyah%201.jpg
http://www.wikidata.org/entity/Q90924138,Ford Fiesta ST MK6,http://www.wikidata.org/entity/Q3231690,модель автомобиля,http://www.wikidata.org/entity/Q44294,Ford,США,,,,,,,,http://commons.wikimedia.org/wiki/Special:FilePath/Ford%20Fiesta%20ST%20-%20Mondial%20de%20l%27Automobile%20de%20Paris%202014%20-%20003.jpg
http://www.wikidata.org/entity/Q90702637,Ford Fiesta ST MK7,http://www.wikidata.org/entity/Q3231690,модель автомобиля,http://www.wikidata.org/entity/Q44294,Ford,США,,,,,,,,http://commons.wikimedia.org/wiki/Special:FilePath/2018%20Ford%20Fiesta%20ST%201.5%20Front.jpg
http://www.wikidata.org/entity/Q90020578,Ford Focus Active Mk IV,http://www.wikidata.org/entity/Q3231690,модель автомобиля,http://www.wikidata.org/entity/Q44294,Ford,США,,,,,,,,http://commons.wikimedia.org/wiki/Special:FilePath/Ford%20Focus%20Turnier%20Active%20Mk%20IV%20Facelift%20DSC%200741.jpg
http://www.wikidata.org/entity/Q2545532,Ford Focus CC,http://www.wikidata.org/entity/Q3231690,модель автомобиля,http://www.wikidata.org/entity/Q44294,Ford,США,,,,,,,,http://commons.wikimedia.org/wiki/Special:FilePath/Ford%20Focus%20Cabrio%20blue%20vr%20EMS.jpg
http://www.wikidata.org/entity/Q5467783,Ford Focus Electric,http://www.wikidata.org/entity/Q3231690,модель автомобиля,http://www.wikidata.org/entity/Q44294,Ford,США,,,,,,,,http://commons.wikimedia.org/wiki/Special:FilePath/2012%20Ford%20Focus%20Electric%202011%20LA%20Auto%20Show.jpg
http://www.wikidata.org/entity/Q1436829,Ford Focus FCV Hybrid,http://www.wikidata.org/entity/Q3231690,модель автомобиля,http://www.wikidata.org/entity/Q44294,Ford,США,,,,4338,1758,1481,1500,http://commons.wikimedia.org/wiki/Special:FilePath/Ford%20Focus%202-Door%20Sedan%20%2707.JPG
http://www.wikidata.org/entity/Q4180769,Ford Focus RS,http://www.wikidata.org/entity/Q3231690,модель автомобиля,http://www.wikidata.org/entity/Q44294,Ford,США,,,,,,,,http://commons.wikimedia.org/wiki/Special:FilePath/Ford%20Focus%20RS%20Mk%20III%202015-03-27%20002.jpg
http://www.wikidata.org/entity/Q90919712,Ford Focus RS Mk I,http://www.wikidata.org/entity/Q3231690,модель автомобиля,http://www.wikidata.org/entity/Q44294,Ford,США,,,,,,,,http://commons.wikimedia.org/wiki/Special:FilePath/2003%20Ford%20Focus%20RS%20%2815111297539%29.jpg
http://www.wikidata.org/entity/Q90919706,Ford Focus RS Mk III,http://www.wikidata.org/entity/Q3231690,модель автомобиля,http://www.wikidata.org/entity/Q44294,Ford,США,,,,,,,,http://commons.wikimedia.org/wiki/Special:FilePath/2016%20Ford%20Focus%20RS%207.jpg
http://www.wikidata.org/entity/Q11698416,Ford Focus ST,http://www.wikidata.org/entity/Q3231690,модель автомобиля,http://www.wikidata.org/entity/Q44294,Ford,США,,,,,,,,http://commons.wikimedia.org/wiki/Special:FilePath/Ford%20Focus%20Mk%20IV%20Leonberg%202019%20IMG%200048.jpg
http://www.wikidata.org/entity/Q90924033,Ford Focus ST Mk III,http://www.wikidata.org/entity/Q3231690,модель автомобиля,http://www.wikidata.org/entity/Q44294,Ford,США,,,,,,,,http://commons.wikimedia.org/wiki/Special:FilePath/Ford%20Focus%20ST%20Mk%20III%20DSC%207261.jpg
http://www.wikidata.org/entity/Q5467781,Ford Fordor,http://www.wikidata.org/entity/Q3231690,модель автомобиля,http://www.wikidata.org/entity/Q44294,Ford,США,,,,,,,,
http://www.wikidata.org/entity/Q5467784,Ford Forty-Nine,http://www.wikidata.org/entity/Q3231690,модель автомобиля,http://www.wikidata.org/entity/Q44294,Ford,США,,,,,,,,http://commons.wikimedia.org/wiki/Special:FilePath/FordFortyNineConcept.jpg
http://www.wikidata.org/entity/Q1436844,Ford Freestyle,http://www.wikidata.org/entity/Q3231690,модель автомобиля,http://www.wikidata.org/entity/Q44294,Ford,США,,Ford Taurus,Ford Taurus X,,1890,,1796,http://commons.wikimedia.org/wiki/Special:FilePath/Ford%20Freestyle%20SEL.jpg
http://www.wikidata.org/entity/Q201700,Ford Futura,http://www.wikidata.org/entity/Q3231690,модель автомобиля,http://www.wikidata.org/entity/Q44294,Ford,США,,,,,,,,http://commons.wikimedia.org/wiki/Special:FilePath/Ford%20Futura%20Heck.JPG
http://www.wikidata.org/entity/Q23856323,Ford GT,http://www.wikidata.org/entity/Q3231690,модель автомобиля,http://www.wikidata.org/entity/Q44294,Ford,США,,Ford GT (2004–2006),,4762,2004,1110,1385,http://commons.wikimedia.org/wiki/Special:FilePath/Ford%20GT%20%282nd%20generation%29%20coupes%20IMG%200224.jpg
http://www.wikidata.org/entity/Q90416964,Ford GT (2004–2006),http://www.wikidata.org/entity/Q3231690,модель автомобиля,http://www.wikidata.org/entity/Q44294,Ford,США,,Ford GT40,Ford GT,4643,1953,1125,1595,http://commons.wikimedia.org/wiki/Special:FilePath/FordGT.jpg
http://www.wikidata.org/entity/Q1261627,Ford GT70,http://www.wikidata.org/entity/Q3231690,модель автомобиля,http://www.wikidata.org/entity/Q44294,Ford,США,,,,,,,,
http://www.wikidata.org/entity/Q56359579,Ford Grand C-Max,http://www.wikidata.org/entity/Q3231690,модель автомобиля,http://www.wikidata.org/entity/Q44294,Ford,США,,,,,,,,http://commons.wikimedia.org/wiki/Special:FilePath/Ford%20Grand%20C-Max%201.6%20TDCi%20Titanium%20%28II%29%20%E2%80%93%20Frontansicht%2C%202.%20April%202011%2C%20D%C3%BCsseldorf.jpg
http://www.wikidata.org/entity/Q88894022,Ford I-Max,http://www.wikidata.org/entity/Q3231690,модель автомобиля,http://www.wikidata.org/entity/Q44294,Ford,США,,,,,,,,http://commons.wikimedia.org/wiki/Special:FilePath/2007%20Ford%20i-Max%20%28front%29.jpg
http://www.wikidata.org/entity/Q5467822,Ford Interceptor,http://www.wikidata.org/entity/Q3231690,модель автомобиля,http://www.wikidata.org/entity/Q44294,Ford,США,,,,5121,1941,1392,,http://commons.wikimedia.org/wiki/Special:FilePath/Ford-Interceptor-DC.jpg
http://www.wikidata.org/entity/Q11859799,Ford Ka Mk II,http://www.wikidata.org/entity/Q3231690,модель автомобиля,http://www.wikidata.org/entity/Q44294,Ford,США,,,,,,,,
http://www.wikidata.org/entity/Q3542960,Ford Ka ST,http://www.wikidata.org/entity/Q3231690,модель автомобиля,http://www.wikidata.org/entity/Q44294,Ford,США,,,,,,,,
http://www.wikidata.org/entity/Q40033362,Ford Ka+,http://www.wikidata.org/entity/Q3231690,модель автомобиля,http://www.wikidata.org/entity/Q44294,Ford,США,,,,,,,,http://commons.wikimedia.org/wiki/Special:FilePath/Ford%20Figo%20Second%20Generation%20%282016%29.jpg
http://www.wikidata.org/entity/Q90702597,Ford Kuga (second generation),http://www.wikidata.org/entity/Q3231690,модель автомобиля,http://www.wikidata.org/entity/Q44294,Ford,США,,,,,,,,http://commons.wikimedia.org/wiki/Special:FilePath/2012-03-07%20Motorshow%20Geneva%204340.JPG
http://www.wikidata.org/entity/Q123084062,Ford Kuga Titanium WP 2013,http://www.wikidata.org/entity/Q3231690,модель автомобиля,http://www.wikidata.org/entity/Q44294,Ford,США,,,,,,,,
http://www.wikidata.org/entity/Q135552983,Ford LTD 1969–1972,http://www.wikidata.org/entity/Q3231690,модель автомобиля,http://www.wikidata.org/entity/Q44294,Ford,США,,,,,,,,
http://www.wikidata.org/entity/Q1436888,Ford Mainline,http://www.wikidata.org/entity/Q3231690,модель автомобиля,http://www.wikidata.org/entity/Q44294,Ford,США,,Ford deluxe,Ford Custom,,,,,http://commons.wikimedia.org/wiki/Special:FilePath/1952%20Ford%20Mainline%203.9.jpg
http://www.wikidata.org/entity/Q5467849,Ford Model 91,http://www.wikidata.org/entity/Q3231690,модель автомобиля,http://www.wikidata.org/entity/Q44294,Ford,США,,,Ford Pilot,4470,,,1320,http://commons.wikimedia.org/wiki/Special:FilePath/Ford-Vairogs-V8-front.jpg
http://www.wikidata.org/entity/Q1436911,Ford Model R,http://www.wikidata.org/entity/Q3231690,модель автомобиля,http://www.wikidata.org/entity/Q44294,Ford,США,,Ford Model N,Ford Model T,,,,634,http://commons.wikimedia.org/wiki/Special:FilePath/1907%20Ford%20Model%20R%20front%2034.png
http://www.wikidata.org/entity/Q5467872,Ford Mustang I,http://www.wikidata.org/entity/Q3231690,модель автомобиля,http://www.wikidata.org/entity/Q44294,Ford,США,,,,,,,,http://commons.wikimedia.org/wiki/Special:FilePath/Ford%20Mustang%20I%20Concept%20car.jpg
http://www.wikidata.org/entity/Q90023513,Ford Mustang IV SVT Cobra,http://www.wikidata.org/entity/Q3231690,модель автомобиля,http://www.wikidata.org/entity/Q44294,Ford,США,,,,,,,,http://commons.wikimedia.org/wiki/Special:FilePath/1998MustangCobra.JPG
http://www.wikidata.org/entity/Q5467873,Ford Mustang Mach 1,http://www.wikidata.org/entity/Q3231690,модель автомобиля,http://www.wikidata.org/entity/Q44294,Ford,США,,,,,,,,http://commons.wikimedia.org/wiki/Special:FilePath/1969%20Ford%20Mustang%20Mach%20I.jpg
http://www.wikidata.org/entity/Q23637348,Ford Mustang RTR,http://www.wikidata.org/entity/Q3231690,модель автомобиля,http://www.wikidata.org/entity/Q44294,Ford,США,,,,,,,,http://commons.wikimedia.org/wiki/Special:FilePath/Vaughn%20Gittin%20Jr..jpg
http://www.wikidata.org/entity/Q5467875,Ford Mustang SSP,http://www.wikidata.org/entity/Q3231690,модель автомобиля,http://www.wikidata.org/entity/Q44294,Ford,США,,,,,,,,http://commons.wikimedia.org/wiki/Special:FilePath/1987-1993%20Ford%20Mustang%20Police%20Car.jpg
http://www.wikidata.org/entity/Q5467874,Ford Mustang SVO,http://www.wikidata.org/entity/Q3231690,модель автомобиля,http://www.wikidata.org/entity/Q44294,Ford,США,,,Ford Mustang SVT Cobra,,,,,http://commons.wikimedia.org/wiki/Special:FilePath/1986%20Mustang%20SVO%20gray.jpg
http://www.wikidata.org/entity/Q19481231,Ford NAA tractor,http://www.wikidata.org/entity/Q3231690,модель автомобиля,http://www.wikidata.org/entity/Q44294,Ford,США,,Ford N-Series tractor,,,,,,http://commons.wikimedia.org/wiki/Special:FilePath/1953%20Ford%20Golden%20Jubilee-Restored-Right%20Side.JPG
http://www.wikidata.org/entity/Q1436948,Ford P7,http://www.wikidata.org/entity/Q3231690,модель автомобиля,http://www.wikidata.org/entity/Q44294,Ford,США,,Ford Taunus P5,Ford Granada,,1756,,,http://commons.wikimedia.org/wiki/Special:FilePath/Ford%2017M%20aka%20P7b%202%20door%20saloon%20at%20rest%20Schaffen-Diest%20Fly-drive%202013.JPG
http://www.wikidata.org/entity/Q16989696,Ford Pockar,http://www.wikidata.org/entity/Q3231690,модель автомобиля,http://www.wikidata.org/entity/Q44294,Ford,США,,,,,,,,
http://www.wikidata.org/entity/Q5467903,Ford Prodigy,http://www.wikidata.org/entity/Q3231690,модель автомобиля,http://www.wikidata.org/entity/Q44294,Ford,США,,,,,,,,
http://www.wikidata.org/entity/Q90023718,Ford Ranchero 6th generation,http://www.wikidata.org/entity/Q3231690,модель автомобиля,http://www.wikidata.org/entity/Q44294,Ford,США,,,,,,,,http://commons.wikimedia.org/wiki/Special:FilePath/1972%20Ford%20Ranchero%20GT%20%285133278792%29.jpg
http://www.wikidata.org/entity/Q109730647,"Ford Ranger (T6, first generation)",http://www.wikidata.org/entity/Q3231690,модель автомобиля,http://www.wikidata.org/entity/Q44294,Ford,США,,,"Ford Ranger (T6, second generation)",,,,,
http://www.wikidata.org/entity/Q109730648,"Ford Ranger (T6, second generation)",http://www.wikidata.org/entity/Q3231690,модель автомобиля,http://www.wikidata.org/entity/Q44294,Ford,США,,"Ford Ranger (T6, first generation)",,,,,,
http://www.wikidata.org/entity/Q5467911,Ford Reflex,http://www.wikidata.org/entity/Q3231690,модель автомобиля,http://www.wikidata.org/entity/Q44294,Ford,США,,,,,,,,http://commons.wikimedia.org/wiki/Special:FilePath/Ford%20Refl3x%20Concept%20passenger.jpg
http://www.wikidata.org/entity/Q5467923,Ford Royale,http://www.wikidata.org/entity/Q3231690,модель автомобиля,http://www.wikidata.org/entity/Q44294,Ford,США,,,,,,,,
http://www.wikidata.org/entity/Q2712696,Ford S,http://www.wikidata.org/entity/Q3231690,модель автомобиля,http://www.wikidata.org/entity/Q44294,Ford,США,,Ford Model N,Ford Model T,,,,634,http://commons.wikimedia.org/wiki/Special:FilePath/Ford%20Model%20S.jpg
http://www.wikidata.org/entity/Q5467930,Ford SYNus,http://www.wikidata.org/entity/Q3231690,модель автомобиля,http://www.wikidata.org/entity/Q44294,Ford,США,,,,,,,,http://commons.wikimedia.org/wiki/Special:FilePath/Ford%20SYNUS%20concept.jpg
http://www.wikidata.org/entity/Q3076969,Ford Shelby Cobra Concept,http://www.wikidata.org/entity/Q3231690,модель автомобиля,http://www.wikidata.org/entity/Q44294,Ford,США,,,,3947,1905,,1395,http://commons.wikimedia.org/wiki/Special:FilePath/2010%20Shelby%20DRB540%20Cobra%20%2822605298204%29.jpg
http://www.wikidata.org/entity/Q90020485,Ford Sierra Mk1,http://www.wikidata.org/entity/Q3231690,модель автомобиля,http://www.wikidata.org/entity/Q44294,Ford,США,,,,,,,,http://commons.wikimedia.org/wiki/Special:FilePath/1985%20Ford%20Sierra%202.0L.JPG
http://www.wikidata.org/entity/Q90924029,Ford Sierra Mk2,http://www.wikidata.org/entity/Q3231690,модель автомобиля,http://www.wikidata.org/entity/Q44294,Ford,США,,,,,,,,http://commons.wikimedia.org/wiki/Special:FilePath/1985%20%28%3F%29%20Ford%20Sierra%202.0%20Laser%20%2814470686514%29.jpg
http://www.wikidata.org/entity/Q4566760,Ford Sierra RS Cosworth,http://www.wikidata.org/entity/Q3231690,модель автомобиля,http://www.wikidata.org/entity/Q44294,Ford,США,,Ford RS200,Ford Escort RS Cosworth,,,,,http://commons.wikimedia.org/wiki/Special:FilePath/Cosworth800px.jpg
http://www.wikidata.org/entity/Q1436823,Ford Skyliner,http://www.wikidata.org/entity/Q3231690,модель автомобиля,http://www.wikidata.org/entity/Q44294,Ford,США,,Ford Fairlane Crown Victoria Skyliner,,,,,,http://commons.wikimedia.org/wiki/Special:FilePath/1958%20Ford%20Fairlane%20500%20Skyliner.JPG
http://www.wikidata.org/entity/Q5467934,Ford Starliner,http://www.wikidata.org/entity/Q3231690,модель автомобиля,http://www.wikidata.org/entity/Q44294,Ford,США,,,Ford Galaxie,,,,,http://commons.wikimedia.org/wiki/Special:FilePath/1960%20Ford%20Galaxie%20Starliner.jpg
http://www.wikidata.org/entity/Q3747979,Ford TH!NK,http://www.wikidata.org/entity/Q3231690,модель автомобиля,http://www.wikidata.org/entity/Q44294,Ford,США,,,,3000,1600,1600,943,http://commons.wikimedia.org/wiki/Special:FilePath/Think.jpg
http://www.wikidata.org/entity/Q1436978,Ford Taunus G93A,http://www.wikidata.org/entity/Q3231690,модель автомобиля,http://www.wikidata.org/entity/Q44294,Ford,США,,Ford Eifel,Ford Taunus P1,4080,1485,1600,,http://commons.wikimedia.org/wiki/Special:FilePath/Buckel1939.jpg
http://www.wikidata.org/entity/Q1436937,Ford Taunus P1,http://www.wikidata.org/entity/Q3231690,модель автомобиля,http://www.wikidata.org/entity/Q44294,Ford,США,,Ford Taunus G93A,Ford Taunus P4,4060,1580,1550,,http://commons.wikimedia.org/wiki/Special:FilePath/MHV%20Ford%20Taunus%20G13%2003.jpg
http://www.wikidata.org/entity/Q1436935,Ford Taunus P2,http://www.wikidata.org/entity/Q3231690,модель автомобиля,http://www.wikidata.org/entity/Q44294,Ford,США,,,Ford Taunus P3,4375,1670,1500,,http://commons.wikimedia.org/wiki/Special:FilePath/Ford%20Taunus%2017M%20deLuxe%201.JPG
http://www.wikidata.org/entity/Q2736658,Ford Taunus P3,http://www.wikidata.org/entity/Q3231690,модель автомобиля,http://www.wikidata.org/entity/Q44294,Ford,США,,Ford Taunus P2,Ford Taunus P5,,1670,,,http://commons.wikimedia.org/wiki/Special:FilePath/Ford%20Taunus%2017M%20TS%20dutch%20licence%20registration%20MM-87-28%20pic1.JPG
http://www.wikidata.org/entity/Q1436944,Ford Taunus P5,http://www.wikidata.org/entity/Q3231690,модель автомобиля,http://www.wikidata.org/entity/Q44294,Ford,США,,Ford Taunus P3,Ford P7,4585,1715,,,http://commons.wikimedia.org/wiki/Special:FilePath/Ford%20Taunus%20P5.jpg
http://www.wikidata.org/entity/Q1436946,Ford Taunus P6,http://www.wikidata.org/entity/Q3231690,модель автомобиля,http://www.wikidata.org/entity/Q44294,Ford,США,,Ford Taunus P4,Ford Taunus TC,4389,1603,,,http://commons.wikimedia.org/wiki/Special:FilePath/Ford%20Taunus%2015M%20P6%20Neustadt%2001.JPG
http://www.wikidata.org/entity/Q1436993,Ford Telstar,http://www.wikidata.org/entity/Q3231690,модель автомобиля,http://www.wikidata.org/entity/Q44294,Ford,США,,Ford Cortina,Ford Mondeo,,,,,http://commons.wikimedia.org/wiki/Special:FilePath/1984%20Ford%20Telstar%202.0%20Ghia%20%288144009276%29.jpg
http://www.wikidata.org/entity/Q5467957,Ford Thunderbird,http://www.wikidata.org/entity/Q3231690,модель автомобиля,http://www.wikidata.org/entity/Q44294,Ford,США,,Ford Thunderbird (tenth generation),,,,,,http://commons.wikimedia.org/wiki/Special:FilePath/2004%20Retro%20Bird%20-%20in%20Thunderbird%20Blue%20Metallic%20-%20minus%20top%20-%20fvl.jpg
http://www.wikidata.org/entity/Q5467962,Ford Thunderbird,http://www.wikidata.org/entity/Q3231690,модель автомобиля,http://www.wikidata.org/entity/Q44294,Ford,США,,Ford Thunderbird (sixth generation),Ford Thunderbird (eighth generation),,,,,http://commons.wikimedia.org/wiki/Special:FilePath/Nationale%20oldtimerdag%20Zandvoort%202010%2C%201977%20FORD%20THUNDERBIRD%2C%2057-YB-76%20pic1.JPG
http://www.wikidata.org/entity/Q5467954,Ford Thunderbird (eighth generation),http://www.wikidata.org/entity/Q3231690,модель автомобиля,http://www.wikidata.org/entity/Q44294,Ford,США,,Ford Thunderbird,Ford Thunderbird (ninth generation),,,,,http://commons.wikimedia.org/wiki/Special:FilePath/Ford%20Thunderbird%201980.jpg
http://www.wikidata.org/entity/Q5467959,Ford Thunderbird (fifth generation),http://www.wikidata.org/entity/Q3231690,модель автомобиля,http://www.wikidata.org/entity/Q44294,Ford,США,,Ford Thunderbird fourth generation,Ford Thunderbird (sixth generation),,,,,http://commons.wikimedia.org/wiki/Special:FilePath/1967%20Green%20Ford%20Thunderbird%20Fordor.jpg
http://www.wikidata.org/entity/Q5467955,Ford Thunderbird (first generation),http://www.wikidata.org/entity/Q3231690,модель автомобиля,http://www.wikidata.org/entity/Q44294,Ford,США,,,Ford Thunderbird (second generation),,,,,http://commons.wikimedia.org/wiki/Special:FilePath/1957%20Ford%20Thunderbird%20white.jpg
http://www.wikidata.org/entity/Q5467963,Ford Thunderbird (ninth generation),http://www.wikidata.org/entity/Q3231690,модель автомобиля,http://www.wikidata.org/entity/Q44294,Ford,США,,Ford Thunderbird (eighth generation),Ford Thunderbird (tenth generation),,,,,http://commons.wikimedia.org/wiki/Special:FilePath/Ford%20Thunderbird%201983-1987%20Aero%20Bird-1.jpg
http://www.wikidata.org/entity/Q4357474,Ford Thunderbird (second generation),http://www.wikidata.org/entity/Q3231690,модель автомобиля,http://www.wikidata.org/entity/Q44294,Ford,США,,Ford Thunderbird (first generation),Ford Thunderbird (third generation),,,,,http://commons.wikimedia.org/wiki/Special:FilePath/1959%20Ford%20Thunderbird%20Convertible.jpg
http://www.wikidata.org/entity/Q5467964,Ford Thunderbird (sixth generation),http://www.wikidata.org/entity/Q3231690,модель автомобиля,http://www.wikidata.org/entity/Q44294,Ford,США,,Ford Thunderbird (fifth generation),Ford Thunderbird,,,,,http://commons.wikimedia.org/wiki/Special:FilePath/1970-1971%20Ford%20Thunderbird.jpg
http://www.wikidata.org/entity/Q5467966,Ford Thunderbird (tenth generation),http://www.wikidata.org/entity/Q3231690,модель автомобиля,http://www.wikidata.org/entity/Q44294,Ford,США,,Ford Thunderbird (ninth generation),Ford Thunderbird,,,,,http://commons.wikimedia.org/wiki/Special:FilePath/%2794-%2795%20Ford%20Thunderbird.JPG
http://www.wikidata.org/entity/Q4357612,Ford Thunderbird (third generation),http://www.wikidata.org/entity/Q3231690,модель автомобиля,http://www.wikidata.org/entity/Q44294,Ford,США,,Ford Thunderbird (second generation),Ford Thunderbird fourth generation,,,,,http://commons.wikimedia.org/wiki/Special:FilePath/%2761%20Ford%20Thunderbird%20Convertible%20%28Auto%20classique%20Laval%20%2710%29.jpg
http://www.wikidata.org/entity/Q5467958,Ford Thunderbird fourth generation,http://www.wikidata.org/entity/Q3231690,модель автомобиля,http://www.wikidata.org/entity/Q44294,Ford,США,,Ford Thunderbird (third generation),Ford Thunderbird (fifth generation),,,,,http://commons.wikimedia.org/wiki/Special:FilePath/1965%20Ford%20Thunderbird%20Convertible.jpg
http://www.wikidata.org/entity/Q1361017,Ford Torino,http://www.wikidata.org/entity/Q3231690,модель автомобиля,http://www.wikidata.org/entity/Q44294,Ford,США,,Ford Fairlane,Ford LTD II,,2015,,,http://commons.wikimedia.org/wiki/Special:FilePath/1970%20ford%20torino%20cobra%20sportsroof%20chiolero.jpg
http://www.wikidata.org/entity/Q1437002,Ford Torino,http://www.wikidata.org/entity/Q3231690,модель автомобиля,http://www.wikidata.org/entity/Q44294,Ford,США,,Ford Torino,Ford LTD II,5425,2014,1440,,http://commons.wikimedia.org/wiki/Special:FilePath/%2774%20Ford%20Gran%20Torino%20Starsky%20%26%20Hutch%20%28Auto%20classique%20Jukebox%20Burgers%20%2711%29.JPG
http://www.wikidata.org/entity/Q90924026,Ford Torino GT,http://www.wikidata.org/entity/Q3231690,модель автомобиля,http://www.wikidata.org/entity/Q44294,Ford,США,,,,,,,,http://commons.wikimedia.org/wiki/Special:FilePath/1971%20Ford%20Torino%20GT%20Convertible.jpg
http://www.wikidata.org/entity/Q5467973,Ford Torino Talladega,http://www.wikidata.org/entity/Q3231690,модель автомобиля,http://www.wikidata.org/entity/Q44294,Ford,США,,,,5232,1895,1336,1712,http://commons.wikimedia.org/wiki/Special:FilePath/Talladegas%20at%20Talladega%20in%202009.jpg
http://www.wikidata.org/entity/Q90919719,Ford Tourneo Connect (2nd generation),http://www.wikidata.org/entity/Q3231690,модель автомобиля,http://www.wikidata.org/entity/Q44294,Ford,США,,,,,,,,http://commons.wikimedia.org/wiki/Special:FilePath/2014-03-04%20Geneva%20Motor%20Show%200863.JPG
http://www.wikidata.org/entity/Q859639,Ford Transit,http://www.wikidata.org/entity/Q3231690,модель автомобиля,http://www.wikidata.org/entity/Q44294,Ford,США,,,Ford Transit Custom,,,,,http://commons.wikimedia.org/wiki/Special:FilePath/2019%20Ford%20Transit%20350%20Leader%20Ecoblue%202.0.jpg
http://www.wikidata.org/entity/Q25461182,Ford Transit Mk2,http://www.wikidata.org/entity/Q3231690,модель автомобиля,http://www.wikidata.org/entity/Q44294,Ford,США,,,,,,,,
http://www.wikidata.org/entity/Q1437014,Ford V8,http://www.wikidata.org/entity/Q3231690,модель автомобиля,http://www.wikidata.org/entity/Q44294,Ford,США,,Ford Model B (1932),1937 Ford,,,,,http://commons.wikimedia.org/wiki/Special:FilePath/1936%20Ford%20Phaeton.jpg
http://www.wikidata.org/entity/Q5467995,Ford Vega,http://www.wikidata.org/entity/Q3231690,модель автомобиля,http://www.wikidata.org/entity/Q44294,Ford,США,,,,,,,,
http://www.wikidata.org/entity/Q3747991,Ford ZX2,http://www.wikidata.org/entity/Q3231690,модель автомобиля,http://www.wikidata.org/entity/Q44294,Ford,США,,Ford Probe,Ford Focus,4450,1710,1320,,http://commons.wikimedia.org/wiki/Special:FilePath/MyZX2.png
http://www.wikidata.org/entity/Q48791221,Ford police vehicles,http://www.wikidata.org/entity/Q3231690,модель автомобиля,http://www.wikidata.org/entity/Q44294,Ford,США,,,,,,,,http://commons.wikimedia.org/wiki/Special:FilePath/Bellingham%2C%20WA%20Police-%20Ford%20Police%20Utility%20%2817266247122%29.jpg
http://www.wikidata.org/entity/Q55611888,Ford-GM 10-speed automatic transmission,http://www.wikidata.org/entity/Q3231690,модель автомобиля,http://www.wikidata.org/entity/Q44294,Ford,США,,,,,,,,
http://www.wikidata.org/entity/Q1128805,Lincoln Continental Mark IV,http://www.wikidata.org/entity/Q3231690,модель автомобиля,http://www.wikidata.org/entity/Q44294,Ford,США,,Lincoln Continental Mark III,Lincoln Continental Mark V,,2025,1350,2630,http://commons.wikimedia.org/wiki/Special:FilePath/1975%20Lincoln%20Continental%20Mark%20IV%2C%20Dutch%20licence%20registration%2021-YB-60%20p1.JPG
http://www.wikidata.org/entity/Q1128811,Lincoln Continental Mark V,http://www.wikidata.org/entity/Q3231690,модель автомобиля,http://www.wikidata.org/entity/Q44294,Ford,США,,Lincoln Continental Mark IV,Lincoln Continental Mark VI,5850,2024,1356,,http://commons.wikimedia.org/wiki/Special:FilePath/Lincoln%20Continental%20Mark%20V%20%28Auto%20classique%20Laval%20%2710%29.jpg
http://www.wikidata.org/entity/Q370818,Lincoln Continental Mark VI,http://www.wikidata.org/entity/Q3231690,модель автомобиля,http://www.wikidata.org/entity/Q44294,Ford,США,,Lincoln Continental Mark V,Lincoln Continental Mark VII,,1980,,,http://commons.wikimedia.org/wiki/Special:FilePath/1980%20Mark%20VI%20Signature%20Series.jpg
http://www.wikidata.org/entity/Q1780946,Lincoln Versailles,http://www.wikidata.org/entity/Q3231690,модель автомобиля,http://www.wikidata.org/entity/Q44294,Ford,США,,,Lincoln Continental,5098,1892,1374,,http://commons.wikimedia.org/wiki/Special:FilePath/Lincoln%20Versailles.jpg
http://www.wikidata.org/entity/Q6551186,Lincoln Y-block V8 engine,http://www.wikidata.org/entity/Q3231690,модель автомобиля,http://www.wikidata.org/entity/Q44294,Ford,США,,,Ford MEL engine,,,,,http://commons.wikimedia.org/wiki/Special:FilePath/Lincoln%20Premiere%2C%201957%20%284%29.jpg
http://www.wikidata.org/entity/Q696344,Lincoln-Zephyr,http://www.wikidata.org/entity/Q3231690,модель автомобиля,http://www.wikidata.org/entity/Q44294,Ford,США,,,Lincoln Mark series,,,1753,,http://commons.wikimedia.org/wiki/Special:FilePath/Lincoln%20Zephyr%201939.jpg
http://www.wikidata.org/entity/Q19563182,M656,http://www.wikidata.org/entity/Q3231690,модель автомобиля,http://www.wikidata.org/entity/Q44294,Ford,США,,,,,,,,http://commons.wikimedia.org/wiki/Special:FilePath/Ford%20M656%205-ton%20truck%20c1965.jpg
http://www.wikidata.org/entity/Q40506131,Megastar II,http://www.wikidata.org/entity/Q3231690,модель автомобиля,http://www.wikidata.org/entity/Q44294,Ford,США,,,,,,,,
http://www.wikidata.org/entity/Q91342320,Mercury Marauder 2002,http://www.wikidata.org/entity/Q3231690,модель автомобиля,http://www.wikidata.org/entity/Q44294,Ford,США,,,,,,,,http://commons.wikimedia.org/wiki/Special:FilePath/Mercury%20Marauder.jpg
http://www.wikidata.org/entity/Q1921542,Mercury Meteor,http://www.wikidata.org/entity/Q3231690,модель автомобиля,http://www.wikidata.org/entity/Q44294,Ford,США,,,,,,,,http://commons.wikimedia.org/wiki/Special:FilePath/Meteorsunsetcliffs1.jpg
http://www.wikidata.org/entity/Q1921546,Mercury Montego 2nd generation,http://www.wikidata.org/entity/Q3231690,модель автомобиля,http://www.wikidata.org/entity/Q44294,Ford,США,,,,5425,2014,1440,,http://commons.wikimedia.org/wiki/Special:FilePath/1974%20Mercury%20Montego%20MX%20Brougham.jpg
http://www.wikidata.org/entity/Q91349919,Mercury Montego 3rd generation,http://www.wikidata.org/entity/Q3231690,модель автомобиля,http://www.wikidata.org/entity/Q44294,Ford,США,,,,,,,,http://commons.wikimedia.org/wiki/Special:FilePath/05-07%20Mercury%20Montego.jpg
http://www.wikidata.org/entity/Q16390422,Mercury Monterey minivan,http://www.wikidata.org/entity/Q3231690,модель автомобиля,http://www.wikidata.org/entity/Q44294,Ford,США,,Mercury Villager,,,,,,http://commons.wikimedia.org/wiki/Special:FilePath/MercuryMonterey.jpg
http://www.wikidata.org/entity/Q822670,Mercury Park Lane,http://www.wikidata.org/entity/Q3231690,модель автомобиля,http://www.wikidata.org/entity/Q44294,Ford,США,,,Mercury Marquis,,,,,http://commons.wikimedia.org/wiki/Special:FilePath/1968%20Mercury%20Park%20Lane%20Brougham.jpg
http://www.wikidata.org/entity/Q6818652,Mercury S-55,http://www.wikidata.org/entity/Q3231690,модель автомобиля,http://www.wikidata.org/entity/Q44294,Ford,США,,,,,,,,http://commons.wikimedia.org/wiki/Special:FilePath/1966%20Mercury%20S-55.jpg
http://www.wikidata.org/entity/Q40446043,Monarch,http://www.wikidata.org/entity/Q3231690,модель автомобиля,http://www.wikidata.org/entity/Q44294,Ford,США,,,,,,,,
http://www.wikidata.org/entity/Q40446628,O21 C,http://www.wikidata.org/entity/Q3231690,модель автомобиля,http://www.wikidata.org/entity/Q44294,Ford,США,,,,,,,,
http://www.wikidata.org/entity/Q40507671,ST 460,http://www.wikidata.org/entity/Q3231690,модель автомобиля,http://www.wikidata.org/entity/Q44294,Ford,США,,,,,,,,
http://www.wikidata.org/entity/Q90022278,Shelby GT350,http://www.wikidata.org/entity/Q3231690,модель автомобиля,http://www.wikidata.org/entity/Q44294,Ford,США,,,,,,,,http://commons.wikimedia.org/wiki/Special:FilePath/%2767%20Shelby%20Mustang%20%28Cruisin%27%20At%20The%20Boardwalk%20%2710%29.jpg
http://www.wikidata.org/entity/Q90154004,Shelby Mustang (S550),http://www.wikidata.org/entity/Q3231690,модель автомобиля,http://www.wikidata.org/entity/Q44294,Ford,США,,,,,,,,http://commons.wikimedia.org/wiki/Special:FilePath/2016%20Ford%20Mustang%20Shelby%20GT350.JPG
http://www.wikidata.org/entity/Q90996298,Shelby Mustang GT500,http://www.wikidata.org/entity/Q3231690,модель автомобиля,http://www.wikidata.org/entity/Q44294,Ford,США,,,,,,,,http://commons.wikimedia.org/wiki/Special:FilePath/01supersnake2011.jpg
http://www.wikidata.org/entity/Q40505847,Synergy 2010,http://www.wikidata.org/entity/Q3231690,модель автомобиля,http://www.wikidata.org/entity/Q44294,Ford,США,,,,,,,,
http://www.wikidata.org/entity/Q40507271,TE-50,http://www.wikidata.org/entity/Q3231690,модель автомобиля,http://www.wikidata.org/entity/Q44294,Ford,США,,,,,,,,
http://www.wikidata.org/entity/Q40507122,TL-50 ford,http://www.wikidata.org/entity/Q3231690,модель автомобиля,http://www.wikidata.org/entity/Q44294,Ford,США,,,,,,,,
http://www.wikidata.org/entity/Q40506722,TS-50,http://www.wikidata.org/entity/Q3231690,модель автомобиля,http://www.wikidata.org/entity/Q44294,Ford,США,,,,,,,,
http://www.wikidata.org/entity/Q40507824,Transit Wagon,http://www.wikidata.org/entity/Q3231690,модель автомобиля,http://www.wikidata.org/entity/Q44294,Ford,США,,,,,,,,
http://www.wikidata.org/entity/Q40445734,XR 8 Xplod,http://www.wikidata.org/entity/Q3231690,модель автомобиля,http://www.wikidata.org/entity/Q44294,Ford,США,,,,,,,,
http://www.wikidata.org/entity/Q8068291,Zebra Three,http://www.wikidata.org/entity/Q3231690,модель автомобиля,http://www.wikidata.org/entity/Q44294,Ford,США,,,,,,,,http://commons.wikimedia.org/wiki/Special:FilePath/1974%20Ford%20Torino%20from%20Starsky%20%26%20Hutch.JPG
http://www.wikidata.org/entity/Q40445978,e-Ka,http://www.wikidata.org/entity/Q3231690,модель автомобиля,http://www.wikidata.org/entity/Q44294,Ford,США,,,,,,,,
http://www.wikidata.org/entity/Q1436707,1949—1956 Ford,http://www.wikidata.org/entity/Q3231690,модель автомобиля,http://www.wikidata.org/entity/Q44294,Ford,США,,Ford deluxe,Ford 1952,4999,1849,,,http://commons.wikimedia.org/wiki/Special:FilePath/1949%20Ford%20custom%20300%20pic3.JPG
http://www.wikidata.org/entity/Q1436707,1949—1956 Ford,http://www.wikidata.org/entity/Q3231690,модель автомобиля,http://www.wikidata.org/entity/Q44294,Ford,США,,Ford 1941,Ford 1952,4999,1849,,,http://commons.wikimedia.org/wiki/Special:FilePath/1949%20Ford%20custom%20300%20pic3.JPG
http://www.wikidata.org/entity/Q1436707,1949—1956 Ford,http://www.wikidata.org/entity/Q3231690,модель автомобиля,http://www.wikidata.org/entity/Q44294,Ford,США,,Ford deluxe,Ford deluxe,4999,1849,,,http://commons.wikimedia.org/wiki/Special:FilePath/1949%20Ford%20custom%20300%20pic3.JPG
http://www.wikidata.org/entity/Q1436707,1949—1956 Ford,http://www.wikidata.org/entity/Q3231690,модель автомобиля,http://www.wikidata.org/entity/Q44294,Ford,США,,Ford 1941,Ford deluxe,4999,1849,,,http://commons.wikimedia.org/wiki/Special:FilePath/1949%20Ford%20custom%20300%20pic3.JPG
http://www.wikidata.org/entity/Q1128789,Continental Mark II,http://www.wikidata.org/entity/Q3231690,модель автомобиля,http://www.wikidata.org/entity/Q44294,Ford,США,,Lincoln-Zephyr,Lincoln Continental Mark III,5594,1969,1420,2412,http://commons.wikimedia.org/wiki/Special:FilePath/Continental%20Mark%20II.jpg
http://www.wikidata.org/entity/Q4564906,Ford 1941,http://www.wikidata.org/entity/Q3231690,модель автомобиля,http://www.wikidata.org/entity/Q44294,Ford,США,,Ford V8,1949—1956 Ford,,,,,http://commons.wikimedia.org/wiki/Special:FilePath/1941%20Ford%20Super%20Deluxe.jpg
http://www.wikidata.org/entity/Q4564906,Ford 1941,http://www.wikidata.org/entity/Q3231690,модель автомобиля,http://www.wikidata.org/entity/Q44294,Ford,США,,1937 Ford,1949—1956 Ford,,,,,http://commons.wikimedia.org/wiki/Special:FilePath/1941%20Ford%20Super%20Deluxe.jpg
http://www.wikidata.org/entity/Q4564906,Ford 1941,http://www.wikidata.org/entity/Q3231690,модель автомобиля,http://www.wikidata.org/entity/Q44294,Ford,США,,Ford V8,Ford Custom,,,,,http://commons.wikimedia.org/wiki/Special:FilePath/1941%20Ford%20Super%20Deluxe.jpg
http://www.wikidata.org/entity/Q4564906,Ford 1941,http://www.wikidata.org/entity/Q3231690,модель автомобиля,http://www.wikidata.org/entity/Q44294,Ford,США,,1937 Ford,Ford Custom,,,,,http://commons.wikimedia.org/wiki/Special:FilePath/1941%20Ford%20Super%20Deluxe.jpg
http://www.wikidata.org/entity/Q4564906,Ford 1941,http://www.wikidata.org/entity/Q3231690,модель автомобиля,http://www.wikidata.org/entity/Q44294,Ford,США,,Ford V8,1949—1956 Ford,,,,,http://commons.wikimedia.org/wiki/Special:FilePath/1941%20ford%20super%20deluxe.png
http://www.wikidata.org/entity/Q4564906,Ford 1941,http://www.wikidata.org/entity/Q3231690,модель автомобиля,http://www.wikidata.org/entity/Q44294,Ford,США,,1937 Ford,1949—1956 Ford,,,,,http://commons.wikimedia.org/wiki/Special:FilePath/1941%20ford%20super%20deluxe.png
http://www.wikidata.org/entity/Q4564906,Ford 1941,http://www.wikidata.org/entity/Q3231690,модель автомобиля,http://www.wikidata.org/entity/Q44294,Ford,США,,Ford V8,Ford Custom,,,,,http://commons.wikimedia.org/wiki/Special:FilePath/1941%20ford%20super%20deluxe.png
http://www.wikidata.org/entity/Q4564906,Ford 1941,http://www.wikidata.org/entity/Q3231690,модель автомобиля,http://www.wikidata.org/entity/Q44294,Ford,США,,1937 Ford,Ford Custom,,,,,http://commons.wikimedia.org/wiki/Special:FilePath/1941%20ford%20super%20deluxe.png
http://www.wikidata.org/entity/Q1436768,Ford 1952,http://www.wikidata.org/entity/Q3231690,модель автомобиля,http://www.wikidata.org/entity/Q44294,Ford,США,,1949—1956 Ford,1955 Ford,,,,,http://commons.wikimedia.org/wiki/Special:FilePath/1952%20Ford%20Crestline%20Victoria.jpg
http://www.wikidata.org/entity/Q1436994,Ford 7W,http://www.wikidata.org/entity/Q3231690,модель автомобиля,http://www.wikidata.org/entity/Q44294,Ford,США,,Ford Model C Ten,Ford Prefect,3960,1448,1600,810,http://commons.wikimedia.org/wiki/Special:FilePath/1938%20Ford%207W%20Ten%20Junior%20De%20Luxe%20Saloon%20HZY903.jpg
http://www.wikidata.org/entity/Q1436805,Ford 7Y,http://www.wikidata.org/entity/Q3231690,модель автомобиля,http://www.wikidata.org/entity/Q44294,Ford,США,,Ford Model Y,Ford Anglia,3760,1448,1600,670,http://commons.wikimedia.org/wiki/Special:FilePath/Ford%208%20%287Y%20bodied%20version%29%201937.JPG
http://www.wikidata.org/entity/Q1622915,Ford 999,http://www.wikidata.org/entity/Q3231690,модель автомобиля,http://www.wikidata.org/entity/Q44294,Ford,США,,,,,,,,http://commons.wikimedia.org/wiki/Special:FilePath/Henry%20Ford%20and%20Barney%20Oldfield%20with%20Old%20999%2C%201902.jpg
http://www.wikidata.org/entity/Q1436730,Ford A-Series,http://www.wikidata.org/entity/Q3231690,модель автомобиля,http://www.wikidata.org/entity/Q44294,Ford,США,,,Ford Transit,,,,,http://commons.wikimedia.org/wiki/Special:FilePath/Selly%20Oak%20Bus%20Garage%2C%201978%20-%20geograph.org.uk%20-%201801241.jpg
http://www.wikidata.org/entity/Q1389152,Ford Aerostar,http://www.wikidata.org/entity/Q3231690,модель автомобиля,http://www.wikidata.org/entity/Q44294,Ford,США,,,Ford Windstar,,,,,http://commons.wikimedia.org/wiki/Special:FilePath/Ford%20Aerostar%20LWB%201992-97.jpg
http://www.wikidata.org/entity/Q4038889,Ford Airstream,http://www.wikidata.org/entity/Q3231690,модель автомобиля,http://www.wikidata.org/entity/Q44294,Ford,США,,,,,,,,http://commons.wikimedia.org/wiki/Special:FilePath/Auto%20Show%20024.jpg
http://www.wikidata.org/entity/Q1133667,Ford Anglia,http://www.wikidata.org/entity/Q3231690,модель автомобиля,http://www.wikidata.org/entity/Q44294,Ford,США,,Ford 7Y,Ford Escort,,,,,http://commons.wikimedia.org/wiki/Special:FilePath/%2765%20Ford%20Anglia%20L200%20Coupe%20%28Orange%20Julep%29.JPG
http://www.wikidata.org/entity/Q1436751,Ford B-Max,http://www.wikidata.org/entity/Q3231690,модель автомобиля,http://www.wikidata.org/entity/Q44294,Ford,США,,Ford Fusion,Ford EcoSport,4077,1751,1588,1205,http://commons.wikimedia.org/wiki/Special:FilePath/Ford%20B-Max%20Titanium%20%E2%80%93%20Frontansicht%2C%2022.%20Februar%202014%2C%20Ratingen.jpg
http://www.wikidata.org/entity/Q2510516,Ford Bantam,http://www.wikidata.org/entity/Q3231690,модель автомобиля,http://www.wikidata.org/entity/Q44294,Ford,США,,,,,,,,http://commons.wikimedia.org/wiki/Special:FilePath/Ford%20Bantam%20%28second%20generation%29.jpg
http://www.wikidata.org/entity/Q88893773,Ford Bronco (2020),http://www.wikidata.org/entity/Q3231690,модель автомобиля,http://www.wikidata.org/entity/Q44294,Ford,США,,,,,,,,http://commons.wikimedia.org/wiki/Special:FilePath/2021%20Ford%20Bronco%20Big%20Bend%2C%20Front%20Right%2C%2007-11-2021.jpg
http://www.wikidata.org/entity/Q1436747,Ford Bronco II,http://www.wikidata.org/entity/Q3231690,модель автомобиля,http://www.wikidata.org/entity/Q44294,Ford,США,,,Ford Explorer,,,,,http://commons.wikimedia.org/wiki/Special:FilePath/Ford%20Bronco%20II.jpg
http://www.wikidata.org/entity/Q90665373,Ford Bronco Sport,http://www.wikidata.org/entity/Q3231690,модель автомобиля,http://www.wikidata.org/entity/Q44294,Ford,США,,,,4387,1887,1786,,http://commons.wikimedia.org/wiki/Special:FilePath/Ford%20Bronco%20Sport%20Badlands%201X7A0168.jpg
http://www.wikidata.org/entity/Q914079,Ford C-Max,http://www.wikidata.org/entity/Q3231690,модель автомобиля,http://www.wikidata.org/entity/Q44294,Ford,США,,,,4333,,,,http://commons.wikimedia.org/wiki/Special:FilePath/Ford%20C-Max%201.6%20TDCi%20Trend%20%28II%29%20%E2%80%93%20Frontansicht%20%281%29%2C%2030.%20Juli%202011%2C%20Mettmann.jpg
http://www.wikidata.org/entity/Q5467677,Ford CDW27,http://www.wikidata.org/entity/Q3231690,модель автомобиля,http://www.wikidata.org/entity/Q44294,Ford,США,,,,,,,,http://commons.wikimedia.org/wiki/Special:FilePath/Ford%20Mondeo%20MK2%20%281997-2000%29%20front.jpg
http://www.wikidata.org/entity/Q772857,Ford CX,http://www.wikidata.org/entity/Q3231690,модель автомобиля,http://www.wikidata.org/entity/Q44294,Ford,США,,,,,,,,http://commons.wikimedia.org/wiki/Special:FilePath/Ford%20CX%201172cc%20April%201936.JPG
http://www.wikidata.org/entity/Q126572368,Ford Capri EV,http://www.wikidata.org/entity/Q3231690,модель автомобиля,http://www.wikidata.org/entity/Q44294,Ford,США,,,,,,,,http://commons.wikimedia.org/wiki/Special:FilePath/Ford%20Capri%20%282024%29%20DSC%209246.jpg
http://www.wikidata.org/entity/Q16993635,Ford Carousel,http://www.wikidata.org/entity/Q3231690,модель автомобиля,http://www.wikidata.org/entity/Q44294,Ford,США,,,,,,,,
http://www.wikidata.org/entity/Q1273342,Ford Consul,http://www.wikidata.org/entity/Q3231690,модель автомобиля,http://www.wikidata.org/entity/Q44294,Ford,США,,Ford Pilot,Ford Cortina,,,,,http://commons.wikimedia.org/wiki/Special:FilePath/Ford%20Consul%20204E%201956%20front.jpg
http://www.wikidata.org/entity/Q1436782,Ford Contour,http://www.wikidata.org/entity/Q3231690,модель автомобиля,http://www.wikidata.org/entity/Q44294,Ford,США,,Ford Sierra,,4689,1755,1384,,http://commons.wikimedia.org/wiki/Special:FilePath/1998-2000%20Ford%20Contour%20SE.jpg
http://www.wikidata.org/entity/Q637592,Ford Cougar,http://www.wikidata.org/entity/Q3231690,модель автомобиля,http://www.wikidata.org/entity/Q44294,Ford,США,,Ford Probe,,4699,1780,1346,,http://commons.wikimedia.org/wiki/Special:FilePath/Ford%20Cougar%20front%2020071031.jpg
http://www.wikidata.org/entity/Q4038891,Ford Country Sedan,http://www.wikidata.org/entity/Q3231690,модель автомобиля,http://www.wikidata.org/entity/Q44294,Ford,США,,,,,,,,http://commons.wikimedia.org/wiki/Special:FilePath/1967%20Ford%20Country%20Sedan%20station%20wagon%20%288451923592%29.jpg
http://www.wikidata.org/entity/Q2591863,Ford Country Squire,http://www.wikidata.org/entity/Q3231690,модель автомобиля,http://www.wikidata.org/entity/Q44294,Ford,США,,,,,,,,http://commons.wikimedia.org/wiki/Special:FilePath/1982%20ltd%20country%20squire%20frontleft.jpg
http://www.wikidata.org/entity/Q3077083,Ford Courier,http://www.wikidata.org/entity/Q3231690,модель автомобиля,http://www.wikidata.org/entity/Q44294,Ford,США,,,,,,,,http://commons.wikimedia.org/wiki/Special:FilePath/Courier%20wikipedia.jpg
http://www.wikidata.org/entity/Q842010,Ford Crown Victoria,http://www.wikidata.org/entity/Q3231690,модель автомобиля,http://www.wikidata.org/entity/Q44294,Ford,США,,Ford LTD Crown Victoria,Ford Taurus (шестое поколение),5395,1976,1443,,http://commons.wikimedia.org/wiki/Special:FilePath/2003-2007%20Ford%20Crown%20Victoria.jpg
http://www.wikidata.org/entity/Q1257624,Ford Del Rey,http://www.wikidata.org/entity/Q3231690,модель автомобиля,http://www.wikidata.org/entity/Q44294,Ford,США,,,Ford Versailles Brazil,4500,1675,1350,,http://commons.wikimedia.org/wiki/Special:FilePath/Ford%20Del%20Rey%201982%20%2810546603165%29.jpg
http://www.wikidata.org/entity/Q4038893,Ford Del Rio,http://www.wikidata.org/entity/Q3231690,модель автомобиля,http://www.wikidata.org/entity/Q44294,Ford,США,,Ford Parklane,,5148,,,,http://commons.wikimedia.org/wiki/Special:FilePath/1957%20Ford%20Del%20Rio.jpg
http://www.wikidata.org/entity/Q5467712,Ford Durango,http://www.wikidata.org/entity/Q3231690,модель автомобиля,http://www.wikidata.org/entity/Q44294,Ford,США,,Ford Ranchero,,,,,,http://commons.wikimedia.org/wiki/Special:FilePath/Ford%20Durango.jpg
http://www.wikidata.org/entity/Q1436723,Ford E-Series,http://www.wikidata.org/entity/Q3231690,модель автомобиля,http://www.wikidata.org/entity/Q44294,Ford,США,,,Ford Transit,,,,,http://commons.wikimedia.org/wiki/Special:FilePath/Ford%20E-Series%20Ambulance1.png
http://www.wikidata.org/entity/Q644460,Ford EXP,http://www.wikidata.org/entity/Q3231690,модель автомобиля,http://www.wikidata.org/entity/Q44294,Ford,США,,,Ford Probe,4277,1674,1293,,http://commons.wikimedia.org/wiki/Special:FilePath/FordEXP1982.jpg
http://www.wikidata.org/entity/Q1436788,Ford Econovan,http://www.wikidata.org/entity/Q3231690,модель автомобиля,http://www.wikidata.org/entity/Q44294,Ford,США,,,,,,,,http://commons.wikimedia.org/wiki/Special:FilePath/1984%20Ford%20Econovan%20Maxi%20van%20%282009-02-05%29.jpg
http://www.wikidata.org/entity/Q962328,Ford Edge,http://www.wikidata.org/entity/Q3231690,модель автомобиля,http://www.wikidata.org/entity/Q44294,Ford,США,,,,4720,,,,http://commons.wikimedia.org/wiki/Special:FilePath/2023%20Chang%27an-Ford%20Edge%20L.jpg
http://www.wikidata.org/entity/Q1650501,Ford Eifel,http://www.wikidata.org/entity/Q3231690,модель автомобиля,http://www.wikidata.org/entity/Q44294,Ford,США,,Ford Köln,Ford Taunus,,1.43,,,http://commons.wikimedia.org/wiki/Special:FilePath/1938%20Ford%20Eifel%20Roadster%20Karmann%20Classic-Gala%202025%20DSC%200899.jpg
http://www.wikidata.org/entity/Q1436813,Ford Elite,http://www.wikidata.org/entity/Q3231690,модель автомобиля,http://www.wikidata.org/entity/Q44294,Ford,США,,,Ford LTD II,5489,1994,1349,,http://commons.wikimedia.org/wiki/Special:FilePath/7%D7%9E%D7%95%D7%A2%D7%93%D7%95%D7%9F%20%D7%94%D7%97%D7%9E%D7%A9.jpg
http://www.wikidata.org/entity/Q680524,Ford Escape,http://www.wikidata.org/entity/Q3231690,модель автомобиля,http://www.wikidata.org/entity/Q44294,Ford,США,,,Ford EcoSport,,,,,http://commons.wikimedia.org/wiki/Special:FilePath/2024%20Ford%20Escape%20ST-Line%20Elite%20in%20Star%20White%20Metallic%20Tri-Coat%2C%20front%20left%2C%202024-11-20.jpg
http://www.wikidata.org/entity/Q680524,Ford Escape,http://www.wikidata.org/entity/Q3231690,модель автомобиля,http://www.wikidata.org/entity/Q44294,Ford,США,,,Ford Kuga,,,,,http://commons.wikimedia.org/wiki/Special:FilePath/2024%20Ford%20Escape%20ST-Line%20Elite%20in%20Star%20White%20Metallic%20Tri-Coat%2C%20front%20left%2C%202024-11-20.jpg
http://www.wikidata.org/entity/Q1436810,Ford Escape Hybrid,http://www.wikidata.org/entity/Q3231690,модель автомобиля,http://www.wikidata.org/entity/Q44294,Ford,США,,,,4440,1820,1780,1715,http://commons.wikimedia.org/wiki/Special:FilePath/2008%20Ford%20Escape%20Hybrid.jpg
http://www.wikidata.org/entity/Q1436815,Ford Escort (Северная Америка),http://www.wikidata.org/entity/Q3231690,модель автомобиля,http://www.wikidata.org/entity/Q44294,Ford,США,,Ford Pinto,Ford Focus,,,,,http://commons.wikimedia.org/wiki/Special:FilePath/97-02%20Ford%20Escort%20sedan.jpg
http://www.wikidata.org/entity/Q3077075,Ford Everest,http://www.wikidata.org/entity/Q3231690,модель автомобиля,http://www.wikidata.org/entity/Q44294,Ford,США,,,,5000,,,,http://commons.wikimedia.org/wiki/Special:FilePath/Ford%20Everest%202023%20Limited%20in%20Aluminum%20metallic.jpg
http://www.wikidata.org/entity/Q106576911,Ford Evos,http://www.wikidata.org/entity/Q3231690,модель автомобиля,http://www.wikidata.org/entity/Q44294,Ford,США,,,,4920,1920,1600,,http://commons.wikimedia.org/wiki/Special:FilePath/Ford%20Evos%20IMG004.jpg
http://www.wikidata.org/entity/Q1325186,Ford Excursion,http://www.wikidata.org/entity/Q3231690,модель автомобиля,http://www.wikidata.org/entity/Q44294,Ford,США,,Форд Бронко,Ford Expedition,5758,,,3260,http://commons.wikimedia.org/wiki/Special:FilePath/2004%20Ford%20Excursion%20Limited%2C%20front%2011.4.19.jpg
http://www.wikidata.org/entity/Q1325186,Ford Excursion,http://www.wikidata.org/entity/Q3231690,модель автомобиля,http://www.wikidata.org/entity/Q44294,Ford,США,,Форд Бронко,Ford Expedition,5758,,,3260,http://commons.wikimedia.org/wiki/Special:FilePath/Ford%20Excursion%2C%2012.%20Internationales%20Maritimes-Fahrzeugtreffen%2C%20Ribnitz-Damgarten%20%28%201060472%29.jpg
http://www.wikidata.org/entity/Q117234931,Ford Explorer EV,http://www.wikidata.org/entity/Q3231690,модель автомобиля,http://www.wikidata.org/entity/Q44294,Ford,США,,,,,,,,http://commons.wikimedia.org/wiki/Special:FilePath/Ford%20Explorer%20EV%20Auto%20Zuerich%202024%20DSC%206360.jpg
http://www.wikidata.org/entity/Q287647,Ford Explorer Sport Trac,http://www.wikidata.org/entity/Q3231690,модель автомобиля,http://www.wikidata.org/entity/Q44294,Ford,США,,,,,,,,http://commons.wikimedia.org/wiki/Special:FilePath/1st%20Ford%20Explorer%20Sport%20Trac%20--%2003-21-2012.JPG
http://www.wikidata.org/entity/Q10283412,Ford F-1000,http://www.wikidata.org/entity/Q3231690,модель автомобиля,http://www.wikidata.org/entity/Q44294,Ford,США,,,,,,,,http://commons.wikimedia.org/wiki/Special:FilePath/DETRAN-DF%20%286030336362%29.jpg
http://www.wikidata.org/entity/Q5467744,Ford F-250 Super Chief,http://www.wikidata.org/entity/Q3231690,модель автомобиля,http://www.wikidata.org/entity/Q44294,Ford,США,,Ford Super Duty,,,,,,http://commons.wikimedia.org/wiki/Special:FilePath/Ford%20Super%20Chief.jpg
http://www.wikidata.org/entity/Q5467748,Ford F-Series (восьмое поколение),http://www.wikidata.org/entity/Q3231690,модель автомобиля,http://www.wikidata.org/entity/Q44294,Ford,США,,Ford F-Series (седьмое поколение),Ford F-Series (девятое поколение),,,,,http://commons.wikimedia.org/wiki/Special:FilePath/Ford%20F-150%20--%2009-07-2009.jpg
http://www.wikidata.org/entity/Q5467754,Ford F-Series (второе поколение),http://www.wikidata.org/entity/Q3231690,модель автомобиля,http://www.wikidata.org/entity/Q44294,Ford,США,,Ford F-Series (первое поколение),Ford F-Series (третье поколение),,,,,http://commons.wikimedia.org/wiki/Special:FilePath/1955%20Ford%20F-100%20front.jpg
http://www.wikidata.org/entity/Q5467760,Ford F-Series (двенадцатое поколение),http://www.wikidata.org/entity/Q3231690,модель автомобиля,http://www.wikidata.org/entity/Q44294,Ford,США,,Ford F-Series (одиннадцатое поколение),Ford F-Series (тринадцатое поколение),,,,,http://commons.wikimedia.org/wiki/Special:FilePath/Ford%20F-150%20XL%20SuperCrew%20--%2003-10-2010.jpg
http://www.wikidata.org/entity/Q5467753,Ford F-Series (девятое поколение),http://www.wikidata.org/entity/Q3231690,модель автомобиля,http://www.wikidata.org/entity/Q44294,Ford,США,,Ford F-Series (восьмое поколение),Ford F-Series (десятое поколение),,,,,http://commons.wikimedia.org/wiki/Special:FilePath/92-96%20Ford-F150.jpg
http://www.wikidata.org/entity/Q5467757,Ford F-Series (десятое поколение),http://www.wikidata.org/entity/Q3231690,модель автомобиля,http://www.wikidata.org/entity/Q44294,Ford,США,,Ford F-Series (девятое поколение),Ford F-Series (одиннадцатое поколение),,,,,http://commons.wikimedia.org/wiki/Special:FilePath/Ford%20F-150%20XL%20regular%20cab.jpg
http://www.wikidata.org/entity/Q5467747,Ford F-Series (одиннадцатое поколение),http://www.wikidata.org/entity/Q3231690,модель автомобиля,http://www.wikidata.org/entity/Q44294,Ford,США,,Ford F-Series (десятое поколение),Ford F-Series (двенадцатое поколение),,,,,http://commons.wikimedia.org/wiki/Special:FilePath/Ford%20F-150%20FX4%20--%2009-07-2009.jpg
http://www.wikidata.org/entity/Q5467751,Ford F-Series (первое поколение),http://www.wikidata.org/entity/Q3231690,модель автомобиля,http://www.wikidata.org/entity/Q44294,Ford,США,,,Ford F-Series (второе поколение),,,,,http://commons.wikimedia.org/wiki/Special:FilePath/%2C00%207938%20Pickup%20model%20%22Ford%20F-1%22.jpg
http://www.wikidata.org/entity/Q5467751,Ford F-Series (первое поколение),http://www.wikidata.org/entity/Q3231690,модель автомобиля,http://www.wikidata.org/entity/Q44294,Ford,США,,,Ford F-Series (второе поколение),,,,,http://commons.wikimedia.org/wiki/Special:FilePath/1950%20Ford%20F3.jpg
http://www.wikidata.org/entity/Q5467755,Ford F-Series (седьмое поколение),http://www.wikidata.org/entity/Q3231690,модель автомобиля,http://www.wikidata.org/entity/Q44294,Ford,США,,Ford F-Series (шестое поколение),Ford F-Series (восьмое поколение),,,,,http://commons.wikimedia.org/wiki/Special:FilePath/1985f250.JPG
http://www.wikidata.org/entity/Q5467758,Ford F-Series (третье поколение),http://www.wikidata.org/entity/Q3231690,модель автомобиля,http://www.wikidata.org/entity/Q44294,Ford,США,,Ford F-Series (второе поколение),Ford F-Series (четвёртое поколение),,,,,http://commons.wikimedia.org/wiki/Special:FilePath/1960%20Ford%20F-100%20Debadged.jpg
http://www.wikidata.org/entity/Q16993640,Ford F-Series (тринадцатое поколение),http://www.wikidata.org/entity/Q3231690,модель автомобиля,http://www.wikidata.org/entity/Q44294,Ford,США,,Ford F-Series (двенадцатое поколение),Ford F-Series (четырнадцатое поколение),,,,,http://commons.wikimedia.org/wiki/Special:FilePath/2017%20Ford%20F-150%20front%205.19.18.jpg
http://www.wikidata.org/entity/Q5467752,Ford F-Series (четвёртое поколение),http://www.wikidata.org/entity/Q3231690,модель автомобиля,http://www.wikidata.org/entity/Q44294,Ford,США,,Ford F-Series (третье поколение),Ford F-Series,,,,,http://commons.wikimedia.org/wiki/Special:FilePath/1963%20Ford%20F-100.jpg
http://www.wikidata.org/entity/Q96775393,Ford F-Series (четырнадцатое поколение),http://www.wikidata.org/entity/Q3231690,модель автомобиля,http://www.wikidata.org/entity/Q44294,Ford,США,,Ford F-Series (тринадцатое поколение),,,,,,http://commons.wikimedia.org/wiki/Special:FilePath/2021%20Ford%20F-150%20SuperCrew%2C%20front%204.28.21.jpg
http://www.wikidata.org/entity/Q5467756,Ford F-Series (шестое поколение),http://www.wikidata.org/entity/Q3231690,модель автомобиля,http://www.wikidata.org/entity/Q44294,Ford,США,,Ford F-Series,Ford F-Series (седьмое поколение),,,,,http://commons.wikimedia.org/wiki/Special:FilePath/1974%20Ford%20F100%20Pickup%20%2815957127573%29.jpg
http://www.wikidata.org/entity/Q572143,Ford Fairlane,http://www.wikidata.org/entity/Q3231690,модель автомобиля,http://www.wikidata.org/entity/Q44294,Ford,США,,,Ford Galaxie,,,,,http://commons.wikimedia.org/wiki/Special:FilePath/Ford%20Fairlane%20sedan.jpg
http://www.wikidata.org/entity/Q572143,Ford Fairlane,http://www.wikidata.org/entity/Q3231690,модель автомобиля,http://www.wikidata.org/entity/Q44294,Ford,США,,,Ford Torino,,,,,http://commons.wikimedia.org/wiki/Special:FilePath/Ford%20Fairlane%20sedan.jpg
http://www.wikidata.org/entity/Q5467767,Ford Fairlane Thunderbolt,http://www.wikidata.org/entity/Q3231690,модель автомобиля,http://www.wikidata.org/entity/Q44294,Ford,США,,,,5020,1840,,1453,http://commons.wikimedia.org/wiki/Special:FilePath/1964%20thunderbolt.jpg
http://www.wikidata.org/entity/Q597279,Ford Fairmont,http://www.wikidata.org/entity/Q3231690,модель автомобиля,http://www.wikidata.org/entity/Q44294,Ford,США,,Ford Maverick,Ford Tempo,,1803,,,http://commons.wikimedia.org/wiki/Special:FilePath/Ford%20Fairmont%20sedan%202.jpg
http://www.wikidata.org/entity/Q11023856,Ford Falcon (США),http://www.wikidata.org/entity/Q3231690,модель автомобиля,http://www.wikidata.org/entity/Q44294,Ford,США,,,Ford Maverick,,,,,http://commons.wikimedia.org/wiki/Special:FilePath/1963%20Ford%20Falcon%20Sprint%20Hardtop.JPG
http://www.wikidata.org/entity/Q3077085,Ford Figo,http://www.wikidata.org/entity/Q3231690,модель автомобиля,http://www.wikidata.org/entity/Q44294,Ford,США,,,,3800,,,,http://commons.wikimedia.org/wiki/Special:FilePath/Ford%20Figo%20front.JPG
http://www.wikidata.org/entity/Q188162,Ford Five Hundred,http://www.wikidata.org/entity/Q3231690,модель автомобиля,http://www.wikidata.org/entity/Q44294,Ford,США,,Ford Taurus,Ford Taurus (пятое поколение),5098,1892,1562,,http://commons.wikimedia.org/wiki/Special:FilePath/Ford500a.JPG
http://www.wikidata.org/entity/Q660121,Ford Flex,http://www.wikidata.org/entity/Q3231690,модель автомобиля,http://www.wikidata.org/entity/Q44294,Ford,США,,Ford Freestar,,5131,2032,1727,,http://commons.wikimedia.org/wiki/Special:FilePath/2010%20Ford%20Flex%20Limited%202%20--%2011-25-2009.jpg
http://www.wikidata.org/entity/Q660121,Ford Flex,http://www.wikidata.org/entity/Q3231690,модель автомобиля,http://www.wikidata.org/entity/Q44294,Ford,США,,Ford Taurus X,,5131,2032,1727,,http://commons.wikimedia.org/wiki/Special:FilePath/2010%20Ford%20Flex%20Limited%202%20--%2011-25-2009.jpg
http://www.wikidata.org/entity/Q2991815,Ford Focus,http://www.wikidata.org/entity/Q3231690,модель автомобиля,http://www.wikidata.org/entity/Q44294,Ford,США,,,,,,,,http://commons.wikimedia.org/wiki/Special:FilePath/2008%20Ford%20Focus%20Sedan%20%28Montreal%29.jpg
http://www.wikidata.org/entity/Q5467779,"Ford Focus (второе поколение, Европа)",http://www.wikidata.org/entity/Q3231690,модель автомобиля,http://www.wikidata.org/entity/Q44294,Ford,США,,Ford Focus (первое поколение),Ford Focus III,,,,,http://commons.wikimedia.org/wiki/Special:FilePath/2005%20Ford%20Focus%20%28LS%29%20CL%20sedan%20%282016-01-04%29%2001.jpg
http://www.wikidata.org/entity/Q5467778,"Ford Focus (второе поколение, Северная Америка)",http://www.wikidata.org/entity/Q3231690,модель автомобиля,http://www.wikidata.org/entity/Q44294,Ford,США,,Ford Focus (первое поколение),Ford Focus III,,,,,http://commons.wikimedia.org/wiki/Special:FilePath/2011%20Ford%20Focus%20SE%20in%20Natural%20Neutral%20Metallic%2C%20front%20left%2C%2004-04-2026.jpg
http://www.wikidata.org/entity/Q5467780,Ford Focus (первое поколение),http://www.wikidata.org/entity/Q3231690,модель автомобиля,http://www.wikidata.org/entity/Q44294,Ford,США,,Ford Escort,"Ford Focus (второе поколение, Северная Америка)",,,,,http://commons.wikimedia.org/wiki/Special:FilePath/Ford%20Focus%20Turnier%20I%201.8%20TDDi%20Facelift%20front%2020100509.jpg
http://www.wikidata.org/entity/Q5467780,Ford Focus (первое поколение),http://www.wikidata.org/entity/Q3231690,модель автомобиля,http://www.wikidata.org/entity/Q44294,Ford,США,,Ford Escort,"Ford Focus (второе поколение, Европа)",,,,,http://commons.wikimedia.org/wiki/Special:FilePath/Ford%20Focus%20Turnier%20I%201.8%20TDDi%20Facelift%20front%2020100509.jpg
http://www.wikidata.org/entity/Q4038895,Ford Focus III,http://www.wikidata.org/entity/Q3231690,модель автомобиля,http://www.wikidata.org/entity/Q44294,Ford,США,,"Ford Focus (второе поколение, Северная Америка)",Ford Focus (четвёртое поколение),,,,,http://commons.wikimedia.org/wiki/Special:FilePath/2017%20Ford%20Focus%20Zetec%20Edition%201.0%20Front.jpg
http://www.wikidata.org/entity/Q4038895,Ford Focus III,http://www.wikidata.org/entity/Q3231690,модель автомобиля,http://www.wikidata.org/entity/Q44294,Ford,США,,"Ford Focus (второе поколение, Европа)",Ford Focus (четвёртое поколение),,,,,http://commons.wikimedia.org/wiki/Special:FilePath/2017%20Ford%20Focus%20Zetec%20Edition%201.0%20Front.jpg
http://www.wikidata.org/entity/Q5467786,Ford Freda,http://www.wikidata.org/entity/Q3231690,модель автомобиля,http://www.wikidata.org/entity/Q44294,Ford,США,,,,,,,,http://commons.wikimedia.org/wiki/Special:FilePath/1996%20Ford%20Freda%20%286420206023%29.jpg
http://www.wikidata.org/entity/Q1436853,Ford Freestar,http://www.wikidata.org/entity/Q3231690,модель автомобиля,http://www.wikidata.org/entity/Q44294,Ford,США,,Ford Windstar,Ford Transit Connect,5105,,,,http://commons.wikimedia.org/wiki/Special:FilePath/2006%20Ford%20Freestar%20SE%20--%20NHTSA.jpg
http://www.wikidata.org/entity/Q1436853,Ford Freestar,http://www.wikidata.org/entity/Q3231690,модель автомобиля,http://www.wikidata.org/entity/Q44294,Ford,США,,Ford Windstar,Ford Taurus X,5105,,,,http://commons.wikimedia.org/wiki/Special:FilePath/2006%20Ford%20Freestar%20SE%20--%20NHTSA.jpg
http://www.wikidata.org/entity/Q920675,Ford Fusion,http://www.wikidata.org/entity/Q3231690,модель автомобиля,http://www.wikidata.org/entity/Q44294,Ford,США,,Ford Contour,Ford B-Max,,,,,http://commons.wikimedia.org/wiki/Special:FilePath/2006%20Ford%20Fusion%20--%20NHTSA.jpg
http://www.wikidata.org/entity/Q5467794,Ford Fusion Hybrid,http://www.wikidata.org/entity/Q3231690,модель автомобиля,http://www.wikidata.org/entity/Q44294,Ford,США,,,,,,,,http://commons.wikimedia.org/wiki/Special:FilePath/Ford%20Fusion%20%28CD391%29%20Washington%20DC%20Metro%20Area%2C%20USA%20%281%29.jpg
http://www.wikidata.org/entity/Q2274547,Ford GPA,http://www.wikidata.org/entity/Q3231690,модель автомобиля,http://www.wikidata.org/entity/Q44294,Ford,США,,,,4620,1630,1750,,http://commons.wikimedia.org/wiki/Special:FilePath/Ford%20GPA%20Amphibious%20Jeep%20pic1.JPG
http://www.wikidata.org/entity/Q653729,Ford GT90,http://www.wikidata.org/entity/Q3231690,модель автомобиля,http://www.wikidata.org/entity/Q44294,Ford,США,,,,,,,,http://commons.wikimedia.org/wiki/Special:FilePath/Ford%20GT90%20Front.jpg
http://www.wikidata.org/entity/Q686379,Ford Galaxie,http://www.wikidata.org/entity/Q3231690,модель автомобиля,http://www.wikidata.org/entity/Q44294,Ford,США,,Ford Fairlane,Ford LTD,,,,,http://commons.wikimedia.org/wiki/Special:FilePath/1966%20Ford%20Galaxie%207%20Liter.jpg
http://www.wikidata.org/entity/Q1436861,Ford Granada (Северная Америка),http://www.wikidata.org/entity/Q3231690,модель автомобиля,http://www.wikidata.org/entity/Q44294,Ford,США,,Ford Maverick,Ford Taurus,,,,,http://commons.wikimedia.org/wiki/Special:FilePath/1st%20generation%20Ford%20Granada%20coupe%20%28US%29%20in%20Hastings%2C%20Minnesota.jpg
http://www.wikidata.org/entity/Q1436869,Ford Ikon,http://www.wikidata.org/entity/Q3231690,модель автомобиля,http://www.wikidata.org/entity/Q44294,Ford,США,,,,414,1634,1379,,http://commons.wikimedia.org/wiki/Special:FilePath/Ford-Ikon.jpg
http://www.wikidata.org/entity/Q668293,Ford Kuga,http://www.wikidata.org/entity/Q3231690,модель автомобиля,http://www.wikidata.org/entity/Q44294,Ford,США,,Ford Maverick (Европа),,,,,,http://commons.wikimedia.org/wiki/Special:FilePath/Ford%20Kuga%202.5%20Duratec%20FHEV%20AWD%20Active%20%28III%2C%20Facelift%29%20%E2%80%93%20f%2001012025.jpg
http://www.wikidata.org/entity/Q175794,Ford LTD,http://www.wikidata.org/entity/Q3231690,модель автомобиля,http://www.wikidata.org/entity/Q44294,Ford,США,,Ford Galaxie,Ford LTD Crown Victoria,,,,,http://commons.wikimedia.org/wiki/Special:FilePath/Ford%20LTD.JPG
http://www.wikidata.org/entity/Q2986070,Ford LTD Crown Victoria,http://www.wikidata.org/entity/Q3231690,модель автомобиля,http://www.wikidata.org/entity/Q44294,Ford,США,,Ford LTD,Ford Crown Victoria,,,,,http://commons.wikimedia.org/wiki/Special:FilePath/Ford%20LTD%20Crown%20Victoria%20sedan%201.jpg
http://www.wikidata.org/entity/Q1436877,Ford LTD II,http://www.wikidata.org/entity/Q3231690,модель автомобиля,http://www.wikidata.org/entity/Q44294,Ford,США,,Ford Torino,,,1981,,,http://commons.wikimedia.org/wiki/Special:FilePath/Ford-LTD-II.jpg
http://www.wikidata.org/entity/Q1278275,Ford Maverick,http://www.wikidata.org/entity/Q3231690,модель автомобиля,http://www.wikidata.org/entity/Q44294,Ford,США,,Ford Falcon (США),Ford Fairmont,4700,1791,1344,,http://commons.wikimedia.org/wiki/Special:FilePath/1972%20Ford%20Maverick%20Sprint%20%28616806978%29.jpg
http://www.wikidata.org/entity/Q99643351,Ford Maverick,http://www.wikidata.org/entity/Q3231690,модель автомобиля,http://www.wikidata.org/entity/Q44294,Ford,США,,,,5072,1844,1745,1666,http://commons.wikimedia.org/wiki/Special:FilePath/2025%20Ford%20Maverick%20XLT%20FX4%2C%20front%204.15.25.jpg
http://www.wikidata.org/entity/Q515001,Ford Model A,http://www.wikidata.org/entity/Q3231690,модель автомобиля,http://www.wikidata.org/entity/Q44294,Ford,США,,Ford Model T,Ford Model B (1932),,,,,http://commons.wikimedia.org/wiki/Special:FilePath/East%20Texas%20Oil%20Museum%20July%202018%2003%20%28Ford%20Model%20A%29%20-%20%28Brighter%29.jpg
http://www.wikidata.org/entity/Q1167651,Ford Model A,http://www.wikidata.org/entity/Q3231690,модель автомобиля,http://www.wikidata.org/entity/Q44294,Ford,США,,Ford Quadricycle,Ford Model B,,,,567,http://commons.wikimedia.org/wiki/Special:FilePath/1903-ford-rc.jpg
http://www.wikidata.org/entity/Q4741476,Ford Model AA,http://www.wikidata.org/entity/Q3231690,модель автомобиля,http://www.wikidata.org/entity/Q44294,Ford,США,,Ford Model TT,,,,,,http://commons.wikimedia.org/wiki/Special:FilePath/Ford%20Model%20AA%20truck%20displayed%20in%20Kilgore%2C%20Texas%20East%20Texas%20Oil%20Museum%20%28Brighter%29.jpg
http://www.wikidata.org/entity/Q2485222,Ford Model B,http://www.wikidata.org/entity/Q3231690,модель автомобиля,http://www.wikidata.org/entity/Q44294,Ford,США,,Ford Model A,Ford Model K,,,,770,http://commons.wikimedia.org/wiki/Special:FilePath/Henry%20Ford%20Museum%20August%202012%2091%20%281905%20Ford%20Model%20B%29.jpg
http://www.wikidata.org/entity/Q1436903,Ford Model B (1932),http://www.wikidata.org/entity/Q3231690,модель автомобиля,http://www.wikidata.org/entity/Q44294,Ford,США,,Ford Model A,Ford V8,4204,,,,http://commons.wikimedia.org/wiki/Special:FilePath/%2734%20Ford%20Model%20B%20%28Auto%20classique%29.JPG
http://www.wikidata.org/entity/Q1436893,Ford Model C,http://www.wikidata.org/entity/Q3231690,модель автомобиля,http://www.wikidata.org/entity/Q44294,Ford,США,,Ford Model A,Ford Model F,,,,566,http://commons.wikimedia.org/wiki/Special:FilePath/1905%20Ford%20Model%20C%20Doctors%20Car.jpg
http://www.wikidata.org/entity/Q2039516,Ford Model C Ten,http://www.wikidata.org/entity/Q3231690,модель автомобиля,http://www.wikidata.org/entity/Q44294,Ford,США,,Ford Model Y,Ford 7W,3734,1448,1600,810,http://commons.wikimedia.org/wiki/Special:FilePath/1936%20Ford%20Model%20C%20Junior%20De%20Luxe%20Tudor%20Saloon%20DYJ078.jpg
http://www.wikidata.org/entity/Q1436907,Ford Model F,http://www.wikidata.org/entity/Q3231690,модель автомобиля,http://www.wikidata.org/entity/Q44294,Ford,США,,Ford Model C,Ford Model N,,,,635,http://commons.wikimedia.org/wiki/Special:FilePath/1904%20Ford%20Model%20F.jpg
http://www.wikidata.org/entity/Q1436904,Ford Model K,http://www.wikidata.org/entity/Q3231690,модель автомобиля,http://www.wikidata.org/entity/Q44294,Ford,США,,Ford Model B,,,,,566,http://commons.wikimedia.org/wiki/Special:FilePath/1907%20Ford%20Model%20K%20Tourer%20%28Warbirds%20%26%20Wheels%20museum%29.jpg
http://www.wikidata.org/entity/Q1436919,Ford Model N,http://www.wikidata.org/entity/Q3231690,модель автомобиля,http://www.wikidata.org/entity/Q44294,Ford,США,,Ford Model F,Ford Model T,,,,,http://commons.wikimedia.org/wiki/Special:FilePath/06%20Ford%20Model%20N%20Roadster%20%286031905013%29.jpg
http://www.wikidata.org/entity/Q2710117,Ford Model TT,http://www.wikidata.org/entity/Q3231690,модель автомобиля,http://www.wikidata.org/entity/Q44294,Ford,США,,,,,,,,http://commons.wikimedia.org/wiki/Special:FilePath/Ford%20Shell%20Fuel%20Lkw%20IMG%2020180417%20192801.jpg
http://www.wikidata.org/entity/Q18355800,Ford Mondeo (второе поколение),http://www.wikidata.org/entity/Q3231690,модель автомобиля,http://www.wikidata.org/entity/Q44294,Ford,США,,Ford Mondeo 1st generation,Ford Mondeo (третье поколение),,,,,http://commons.wikimedia.org/wiki/Special:FilePath/Ford%20Mondeo%20Kombi%20front%2020071029.jpg
http://www.wikidata.org/entity/Q18355800,Ford Mondeo (второе поколение),http://www.wikidata.org/entity/Q3231690,модель автомобиля,http://www.wikidata.org/entity/Q44294,Ford,США,,Ford Mondeo mk 2,Ford Mondeo (третье поколение),,,,,http://commons.wikimedia.org/wiki/Special:FilePath/Ford%20Mondeo%20Kombi%20front%2020071029.jpg
http://www.wikidata.org/entity/Q5467866,Ford Mustang,http://www.wikidata.org/entity/Q3231690,модель автомобиля,http://www.wikidata.org/entity/Q44294,Ford,США,,Ford Mustang,Ford Mustang,,,,,http://commons.wikimedia.org/wiki/Special:FilePath/2010%20Mustang%20Convertible%20%283978957062%29.jpg
http://www.wikidata.org/entity/Q5467867,Ford Mustang,http://www.wikidata.org/entity/Q3231690,модель автомобиля,http://www.wikidata.org/entity/Q44294,Ford,США,,Ford Mustang,Ford Mustang,,,,,http://commons.wikimedia.org/wiki/Special:FilePath/94-98%20Ford%20Mustang%20coupe.jpg
http://www.wikidata.org/entity/Q5467868,Ford Mustang,http://www.wikidata.org/entity/Q3231690,модель автомобиля,http://www.wikidata.org/entity/Q44294,Ford,США,,,Ford Mustang,,,,,http://commons.wikimedia.org/wiki/Special:FilePath/1st%20Ford%20Mustang%20coupe.jpg
http://www.wikidata.org/entity/Q5467869,Ford Mustang,http://www.wikidata.org/entity/Q3231690,модель автомобиля,http://www.wikidata.org/entity/Q44294,Ford,США,,Ford Mustang,Ford Mustang,,,,,http://commons.wikimedia.org/wiki/Special:FilePath/Ford%20Mustang%20convertible.jpg
http://www.wikidata.org/entity/Q5467870,Ford Mustang,http://www.wikidata.org/entity/Q3231690,модель автомобиля,http://www.wikidata.org/entity/Q44294,Ford,США,,Ford Mustang,Ford Mustang,,,,,http://commons.wikimedia.org/wiki/Special:FilePath/Ford%20Mustang%20II%20%28Centropolis%20Laval%20%2710%29.jpg
http://www.wikidata.org/entity/Q16993644,Ford Mustang,http://www.wikidata.org/entity/Q3231690,модель автомобиля,http://www.wikidata.org/entity/Q44294,Ford,США,,Ford Mustang,Ford Mustang,,,,,http://commons.wikimedia.org/wiki/Special:FilePath/2018%20Ford%20Mustang%205.0%20coupe.jpg
http://www.wikidata.org/entity/Q113986865,Ford Mustang,http://www.wikidata.org/entity/Q3231690,модель автомобиля,http://www.wikidata.org/entity/Q44294,Ford,США,,Ford Mustang,,,,,,http://commons.wikimedia.org/wiki/Special:FilePath/2024%20Ford%20Mustang%20GT%2C%20Kingsville%2C%20Ontario%2C%202025-06-29.jpg
http://www.wikidata.org/entity/Q75419891,Ford Mustang Mach-E,http://www.wikidata.org/entity/Q3231690,модель автомобиля,http://www.wikidata.org/entity/Q44294,Ford,США,,,,4724,1880,1600,,http://commons.wikimedia.org/wiki/Special:FilePath/2021%20Mustang%20Mach-E%20Red%20Ford.jpg
http://www.wikidata.org/entity/Q5467877,Ford Mustang SVT Cobra,http://www.wikidata.org/entity/Q3231690,модель автомобиля,http://www.wikidata.org/entity/Q44294,Ford,США,,,Shelby Mustang,,,,,http://commons.wikimedia.org/wiki/Special:FilePath/1998MustangCobra.JPG
http://www.wikidata.org/entity/Q511677,Ford Nucleon,http://www.wikidata.org/entity/Q3231690,модель автомобиля,http://www.wikidata.org/entity/Q44294,Ford,США,,,,,,,,http://commons.wikimedia.org/wiki/Special:FilePath/Deutsches%20Technikmuseum%20Berlin%20February%202008%200022.JPG
http://www.wikidata.org/entity/Q5467888,Ford P100,http://www.wikidata.org/entity/Q3231690,модель автомобиля,http://www.wikidata.org/entity/Q44294,Ford,США,,,,,,,,http://commons.wikimedia.org/wiki/Special:FilePath/Ford%20P100.jpg
http://www.wikidata.org/entity/Q5467899,Ford Parklane,http://www.wikidata.org/entity/Q3231690,модель автомобиля,http://www.wikidata.org/entity/Q44294,Ford,США,,Ford Ranch Wagon,Ford Del Rio,5019,1928,,,http://commons.wikimedia.org/wiki/Special:FilePath/1956%20Ford%20Parklane%20Stationwagon.jpg
http://www.wikidata.org/entity/Q1059377,Ford Pinto,http://www.wikidata.org/entity/Q3231690,модель автомобиля,http://www.wikidata.org/entity/Q44294,Ford,США,,Ford Cortina,Ford Escort (Северная Америка),4140,1763,1270,,http://commons.wikimedia.org/wiki/Special:FilePath/Ford%20Pinto.jpg
http://www.wikidata.org/entity/Q938781,Ford Probe,http://www.wikidata.org/entity/Q3231690,модель автомобиля,http://www.wikidata.org/entity/Q44294,Ford,США,,Ford Capri,Ford Cougar,,,,,http://commons.wikimedia.org/wiki/Special:FilePath/2nd%20Ford%20Probe%20GT.jpg
http://www.wikidata.org/entity/Q525684,Ford Puma,http://www.wikidata.org/entity/Q3231690,модель автомобиля,http://www.wikidata.org/entity/Q44294,Ford,США,,Ford Capri,,3984,1674,1345,,http://commons.wikimedia.org/wiki/Special:FilePath/English%20Ford%20Puma.jpg
http://www.wikidata.org/entity/Q2594091,Ford Quadricycle,http://www.wikidata.org/entity/Q3231690,модель автомобиля,http://www.wikidata.org/entity/Q44294,Ford,США,,,Ford Model A,,,,,http://commons.wikimedia.org/wiki/Special:FilePath/Ford%20quadricycle%20crop.jpg
http://www.wikidata.org/entity/Q1349841,Ford RS200,http://www.wikidata.org/entity/Q3231690,модель автомобиля,http://www.wikidata.org/entity/Q44294,Ford,США,,Ford Escort RS1800,Ford Sierra RS Cosworth,4000,1752,1345,1050,http://commons.wikimedia.org/wiki/Special:FilePath/Ford%20RS200.jpg
http://www.wikidata.org/entity/Q1436973,Ford Ranchero,http://www.wikidata.org/entity/Q3231690,модель автомобиля,http://www.wikidata.org/entity/Q44294,Ford,США,,,,,,,,http://commons.wikimedia.org/wiki/Special:FilePath/Ford%20Ranchero%20%28seventh%20generation%2C%201977-1979%29%20Kulmbach-20220626-RM-160247.jpg
http://www.wikidata.org/entity/Q915824,Ford Ranger,http://www.wikidata.org/entity/Q3231690,модель автомобиля,http://www.wikidata.org/entity/Q44294,Ford,США,,Ford Courier,,,,,,http://commons.wikimedia.org/wiki/Special:FilePath/2011%20Ford%20Ranger%20XLT%20--%20NHTSA.jpg
http://www.wikidata.org/entity/Q5467907,Ford Ranger (T6),http://www.wikidata.org/entity/Q3231690,модель автомобиля,http://www.wikidata.org/entity/Q44294,Ford,США,,,,,,,,http://commons.wikimedia.org/wiki/Special:FilePath/2017%20Ford%20Ranger%20Limited.jpg
http://www.wikidata.org/entity/Q5467910,Ford Ranger EV,http://www.wikidata.org/entity/Q3231690,модель автомобиля,http://www.wikidata.org/entity/Q44294,Ford,США,,,,,,,,http://commons.wikimedia.org/wiki/Special:FilePath/GSFRFrontQuarterView.jpg
http://www.wikidata.org/entity/Q737526,Ford S-Max,http://www.wikidata.org/entity/Q3231690,модель автомобиля,http://www.wikidata.org/entity/Q44294,Ford,США,,,,4770,1884,,,http://commons.wikimedia.org/wiki/Special:FilePath/Ford%20S-Max%20%282nd%20generation%29%20FL%20IMG%205297.jpg
http://www.wikidata.org/entity/Q260932,Ford Shelby GR-1,http://www.wikidata.org/entity/Q3231690,модель автомобиля,http://www.wikidata.org/entity/Q44294,Ford,США,,,,4412,1895,1168,1769,http://commons.wikimedia.org/wiki/Special:FilePath/Shelby%20GR-1%20at%20the%202005%20Chicago%20Auto%20Show.jpeg
http://www.wikidata.org/entity/Q130219703,Ford Six and Eight,http://www.wikidata.org/entity/Q3231690,модель автомобиля,http://www.wikidata.org/entity/Q44294,Ford,США,,,,,,,,http://commons.wikimedia.org/wiki/Special:FilePath/1947%20Ford%2080%20798T%20pic5.JPG
http://www.wikidata.org/entity/Q1436975,Ford Streetka,http://www.wikidata.org/entity/Q3231690,модель автомобиля,http://www.wikidata.org/entity/Q44294,Ford,США,,,,3650,1679,1342,1136,http://commons.wikimedia.org/wiki/Special:FilePath/Ford%20StreetKa%20%282003%E2%80%932005%29%20front%20MJ.JPG
http://www.wikidata.org/entity/Q1436977,Ford T-Series,http://www.wikidata.org/entity/Q3231690,модель автомобиля,http://www.wikidata.org/entity/Q44294,Ford,США,,Ford E-Series,,,,,,http://commons.wikimedia.org/wiki/Special:FilePath/NA%20Transit%202013.JPG
http://www.wikidata.org/entity/Q14545061,Ford Taunus Transit,http://www.wikidata.org/entity/Q3231690,модель автомобиля,http://www.wikidata.org/entity/Q44294,Ford,США,,,Ford Transit,4300,1740,1965,,http://commons.wikimedia.org/wiki/Special:FilePath/Ford%20Taunus%20Transit%20Feuerwehr.jpg
http://www.wikidata.org/entity/Q938795,Ford Taurus,http://www.wikidata.org/entity/Q3231690,модель автомобиля,http://www.wikidata.org/entity/Q44294,Ford,США,,Ford LTD,,4996,1878,1503,,http://commons.wikimedia.org/wiki/Special:FilePath/Ford%20Taurus%202.0L%20Ecoboost%20Limited%20D568%20FL%20Ingot%20Silver%20%281%29.jpg
http://www.wikidata.org/entity/Q5467948,Ford Taurus (второе поколение),http://www.wikidata.org/entity/Q3231690,модель автомобиля,http://www.wikidata.org/entity/Q44294,Ford,США,,Ford Taurus (первое поколение),Ford Taurus (третье поколение),,,,,http://commons.wikimedia.org/wiki/Special:FilePath/Ford%20Taurus%20--%2007-09-2009.jpg
http://www.wikidata.org/entity/Q5467945,Ford Taurus (первое поколение),http://www.wikidata.org/entity/Q3231690,модель автомобиля,http://www.wikidata.org/entity/Q44294,Ford,США,,Ford LTD,Ford Taurus (второе поколение),,,,,http://commons.wikimedia.org/wiki/Special:FilePath/1st%20Ford%20Taurus%20GL%20sedan.jpg
http://www.wikidata.org/entity/Q5467947,Ford Taurus (пятое поколение),http://www.wikidata.org/entity/Q3231690,модель автомобиля,http://www.wikidata.org/entity/Q44294,Ford,США,,Ford Taurus (четвёртое поколение),Ford Taurus (шестое поколение),,,,,http://commons.wikimedia.org/wiki/Special:FilePath/2008%20Ford%20Taurus%20SEL%20.jpg
http://www.wikidata.org/entity/Q8564504,Ford Taurus (третье поколение),http://www.wikidata.org/entity/Q3231690,модель автомобиля,http://www.wikidata.org/entity/Q44294,Ford,США,,Ford Taurus (второе поколение),Ford Taurus (четвёртое поколение),,,,,http://commons.wikimedia.org/wiki/Special:FilePath/96-97%20Ford%20Taurus.jpg
http://www.wikidata.org/entity/Q5467946,Ford Taurus (четвёртое поколение),http://www.wikidata.org/entity/Q3231690,модель автомобиля,http://www.wikidata.org/entity/Q44294,Ford,США,,Ford Taurus (третье поколение),Ford Taurus (пятое поколение),,,,,http://commons.wikimedia.org/wiki/Special:FilePath/05-07%20Ford%20Taurus%20SE%20sedan.jpg
http://www.wikidata.org/entity/Q5467949,Ford Taurus (шестое поколение),http://www.wikidata.org/entity/Q3231690,модель автомобиля,http://www.wikidata.org/entity/Q44294,Ford,США,,Ford Taurus (пятое поколение),,,,,,http://commons.wikimedia.org/wiki/Special:FilePath/2010%20Ford%20Taurus%20Limited%201%20--%2010-31-2009.jpg
http://www.wikidata.org/entity/Q3747980,Ford Taurus SHO,http://www.wikidata.org/entity/Q3231690,модель автомобиля,http://www.wikidata.org/entity/Q44294,Ford,США,,,,,,,,http://commons.wikimedia.org/wiki/Special:FilePath/2010%20Ford%20Taurus%20SHO%20--%2009-07-2009.jpg
http://www.wikidata.org/entity/Q1436998,Ford Taurus X,http://www.wikidata.org/entity/Q3231690,модель автомобиля,http://www.wikidata.org/entity/Q44294,Ford,США,,,Ford Explorer,5088,1902,1712,,http://commons.wikimedia.org/wiki/Special:FilePath/2008-Ford-Taurus-X-SEL.jpg
http://www.wikidata.org/entity/Q1436998,Ford Taurus X,http://www.wikidata.org/entity/Q3231690,модель автомобиля,http://www.wikidata.org/entity/Q44294,Ford,США,,,Ford Flex,5088,1902,1712,,http://commons.wikimedia.org/wiki/Special:FilePath/2008-Ford-Taurus-X-SEL.jpg
http://www.wikidata.org/entity/Q1436999,Ford Tempo,http://www.wikidata.org/entity/Q3231690,модель автомобиля,http://www.wikidata.org/entity/Q44294,Ford,США,,Ford Fairmont,Ford Contour,,,,,http://commons.wikimedia.org/wiki/Special:FilePath/92-94%20Ford%20Tempo.jpg
http://www.wikidata.org/entity/Q1436995,Ford Territory,http://www.wikidata.org/entity/Q3231690,модель автомобиля,http://www.wikidata.org/entity/Q44294,Ford,США,,,,4856,1898,1714,,http://commons.wikimedia.org/wiki/Special:FilePath/2009-2010%20Ford%20Territory%20%28SY%20II%29%20TX%20wagon%2001.jpg
http://www.wikidata.org/entity/Q1133834,Ford Thunderbird,http://www.wikidata.org/entity/Q3231690,модель автомобиля,http://www.wikidata.org/entity/Q44294,Ford,США,,,,5214,,,,http://commons.wikimedia.org/wiki/Special:FilePath/1957%20Ford%20Thunderbird%20%2828911503716%29%20%28cropped%29.jpg
http://www.wikidata.org/entity/Q3077118,Ford Tourneo,http://www.wikidata.org/entity/Q3231690,модель автомобиля,http://www.wikidata.org/entity/Q44294,Ford,США,,,,486,,,,http://commons.wikimedia.org/wiki/Special:FilePath/Ford%20Tourneo%2C%20Mark%205%2C%20rear%20view.jpg
http://www.wikidata.org/entity/Q2662186,Ford Tourneo Connect,http://www.wikidata.org/entity/Q3231690,модель автомобиля,http://www.wikidata.org/entity/Q44294,Ford,США,,,,,,,,http://commons.wikimedia.org/wiki/Special:FilePath/Ford%20Tourneo%20Connect%20Active%20%283rd%20generation%29%20Auto%20Zuerich%202021%20IMG%200400.jpg
http://www.wikidata.org/entity/Q567341,Ford Transit Connect,http://www.wikidata.org/entity/Q3231690,модель автомобиля,http://www.wikidata.org/entity/Q44294,Ford,США,,Ford Courier,,,,,,http://commons.wikimedia.org/wiki/Special:FilePath/2025%20Ford%20Transit%20Connect%20Limited%20PHEV%20-%201498cc%201.5%20%28150PS%29%20Plug-in%20Hybrid%20-%20Frozen%20White%20-%2003-2025%2C%20Front.jpg
http://www.wikidata.org/entity/Q13569368,Ford Transit Courier,http://www.wikidata.org/entity/Q3231690,модель автомобиля,http://www.wikidata.org/entity/Q44294,Ford,США,,Ford Courier,,4157,1976,1725,,http://commons.wikimedia.org/wiki/Special:FilePath/Ford%20Transit%20Courier%2C%20Nufam%202023%2C%20Rheinstetten%20%28P1130550%29.jpg
http://www.wikidata.org/entity/Q1437048,Ford Windstar,http://www.wikidata.org/entity/Q3231690,модель автомобиля,http://www.wikidata.org/entity/Q44294,Ford,США,,Ford Aerostar,Ford Freestar,,1915,1789,,http://commons.wikimedia.org/wiki/Special:FilePath/1st%20Ford%20Windstar.jpg
http://www.wikidata.org/entity/Q1436785,Ford deluxe,http://www.wikidata.org/entity/Q3231690,модель автомобиля,http://www.wikidata.org/entity/Q44294,Ford,США,,Ford V8,1949—1956 Ford,4559,,,,http://commons.wikimedia.org/wiki/Special:FilePath/Ford-Vairogs-V8-front.jpg
http://www.wikidata.org/entity/Q1760333,Lincoln Aviator,http://www.wikidata.org/entity/Q3231690,модель автомобиля,http://www.wikidata.org/entity/Q44294,Ford,США,,,Lincoln MKX,4909,1931,1814,2269,http://commons.wikimedia.org/wiki/Special:FilePath/Lincoln%20Aviator%20%28U611%29%20IAA%202025%20DSC%201441.jpg
http://www.wikidata.org/entity/Q1358633,Lincoln Continental,http://www.wikidata.org/entity/Q3231690,модель автомобиля,http://www.wikidata.org/entity/Q44294,Ford,США,,Lincoln MKS,Lincoln Town Car,,,,,http://commons.wikimedia.org/wiki/Special:FilePath/LINCOLN%20CONTINENTAL%20TENTH%20GENERATION%20China%20%282%29.jpg
http://www.wikidata.org/entity/Q593296,Lincoln Continental Mark III,http://www.wikidata.org/entity/Q3231690,модель автомобиля,http://www.wikidata.org/entity/Q44294,Ford,США,,Continental Mark II,Lincoln Continental Mark IV,5486,2020,1350,2207,http://commons.wikimedia.org/wiki/Special:FilePath/69MarkIIIa.jpg
http://www.wikidata.org/entity/Q65075518,Lincoln Corsair,http://www.wikidata.org/entity/Q3231690,модель автомобиля,http://www.wikidata.org/entity/Q44294,Ford,США,,Lincoln MKC,,,,,,http://commons.wikimedia.org/wiki/Special:FilePath/2020%20Lincoln%20Corsair%20%27Signature%27%202.0L%20Ecoboost%2C%20front%202.20.20.jpg
http://www.wikidata.org/entity/Q1825753,Lincoln Futura,http://www.wikidata.org/entity/Q3231690,модель автомобиля,http://www.wikidata.org/entity/Q44294,Ford,США,,,,,,,,http://commons.wikimedia.org/wiki/Special:FilePath/1955%20Lincoln%20Futura%20takenonmycamera%20November%207th%202009.jpg
http://www.wikidata.org/entity/Q1225861,Lincoln MKT,http://www.wikidata.org/entity/Q3231690,модель автомобиля,http://www.wikidata.org/entity/Q44294,Ford,США,,Lincoln Town Car,,5273,1930,1715,,http://commons.wikimedia.org/wiki/Special:FilePath/2010%20Lincoln%20MKT%20--%2011-25-2009.jpg
http://www.wikidata.org/entity/Q1825796,Lincoln MKX,http://www.wikidata.org/entity/Q3231690,модель автомобиля,http://www.wikidata.org/entity/Q44294,Ford,США,,Lincoln Aviator,Lincoln Nautilus,4735,1925,,,http://commons.wikimedia.org/wiki/Special:FilePath/LINCOLN%20MKX%20SECOND%20GENERATION%20China%20%287%29.jpg
http://www.wikidata.org/entity/Q1753849,Lincoln MKZ,http://www.wikidata.org/entity/Q3231690,модель автомобиля,http://www.wikidata.org/entity/Q44294,Ford,США,,Lincoln LS,,4820,,,,http://commons.wikimedia.org/wiki/Special:FilePath/Lincoln%20MKZ%20II%20facelift%20001%20China%202017-03-24.jpg
http://www.wikidata.org/entity/Q1425644,Lincoln Navigator,http://www.wikidata.org/entity/Q3231690,модель автомобиля,http://www.wikidata.org/entity/Q44294,Ford,США,,,,5202,,,,http://commons.wikimedia.org/wiki/Special:FilePath/2025%20Lincoln%20Navigator%20au%20SIAM%202025.jpg
http://www.wikidata.org/entity/Q516413,Lincoln Town Car,http://www.wikidata.org/entity/Q3231690,модель автомобиля,http://www.wikidata.org/entity/Q44294,Ford,США,,Lincoln Continental,Lincoln MKS,5565,,,,http://commons.wikimedia.org/wiki/Special:FilePath/1996%20Lincoln%20Town%20Car%20Diamond%20Anniversary%20Edition.jpg
http://www.wikidata.org/entity/Q1234272,M151 MUTT,http://www.wikidata.org/entity/Q3231690,модель автомобиля,http://www.wikidata.org/entity/Q44294,Ford,США,,Willys M38A1,HMMWV,,,,,http://commons.wikimedia.org/wiki/Special:FilePath/JeepFrontM151.jpg
http://www.wikidata.org/entity/Q1131665,Mercedes-Benz Bionic,http://www.wikidata.org/entity/Q3231690,модель автомобиля,http://www.wikidata.org/entity/Q44294,Ford,США,,,,4242,,,,http://commons.wikimedia.org/wiki/Special:FilePath/Mercedes-Benz%20bionic%20car.jpg
http://www.wikidata.org/entity/Q1921524,Mercury Bobcat,http://www.wikidata.org/entity/Q3231690,модель автомобиля,http://www.wikidata.org/entity/Q44294,Ford,США,,,Mercury Lynx,,1770,,,http://commons.wikimedia.org/wiki/Special:FilePath/Mercury%20Bobcat%20Pincat.JPG
http://www.wikidata.org/entity/Q887416,Mercury Capri,http://www.wikidata.org/entity/Q3231690,модель автомобиля,http://www.wikidata.org/entity/Q44294,Ford,США,,,,,,,,http://commons.wikimedia.org/wiki/Special:FilePath/1971%20Mercury%20Capri%20%2829776067015%29.jpg
http://www.wikidata.org/entity/Q1698340,Mercury Comet,http://www.wikidata.org/entity/Q3231690,модель автомобиля,http://www.wikidata.org/entity/Q44294,Ford,США,,,Ford Fairmont,,,,,http://commons.wikimedia.org/wiki/Special:FilePath/Mercury%20Comet%201973%20ca%204100cc%20at%20Knebworth%202013.JPG
http://www.wikidata.org/entity/Q764093,Mercury Cougar,http://www.wikidata.org/entity/Q3231690,модель автомобиля,http://www.wikidata.org/entity/Q44294,Ford,США,,,Mercury Marquis,,,,,http://commons.wikimedia.org/wiki/Special:FilePath/1997%20Mercury%20Cougar%20XR7%20Sport%20in%20Silver%20Frost.jpg
http://www.wikidata.org/entity/Q120125,Mercury Cyclone,http://www.wikidata.org/entity/Q3231690,модель автомобиля,http://www.wikidata.org/entity/Q44294,Ford,США,,Mercury Comet,Mercury Montego,,1875,1397,,http://commons.wikimedia.org/wiki/Special:FilePath/1971%20Mercury%20Montego%20Cyclone.jpg
http://www.wikidata.org/entity/Q16988988,Mercury Cyclone Spoiler II,http://www.wikidata.org/entity/Q3231690,модель автомобиля,http://www.wikidata.org/entity/Q44294,Ford,США,,,,,,,,http://commons.wikimedia.org/wiki/Special:FilePath/Mercury%20Cyclone%20Spoiler%20II%20Dan%20Gurney.jpg
http://www.wikidata.org/entity/Q1360787,Mercury Grand Marquis,http://www.wikidata.org/entity/Q3231690,модель автомобиля,http://www.wikidata.org/entity/Q44294,Ford,США,,Mercury Marquis,,,,,,http://commons.wikimedia.org/wiki/Special:FilePath/03-05%20Mercury%20Grand%20Marquis%20.jpg
http://www.wikidata.org/entity/Q763495,Mercury Marauder,http://www.wikidata.org/entity/Q3231690,модель автомобиля,http://www.wikidata.org/entity/Q44294,Ford,США,,,,,,,,http://commons.wikimedia.org/wiki/Special:FilePath/Marauder%20f.jpg
http://www.wikidata.org/entity/Q369305,Mercury Marquis,http://www.wikidata.org/entity/Q3231690,модель автомобиля,http://www.wikidata.org/entity/Q44294,Ford,США,,Mercury Montclair,Mercury Grand Marquis,,,,,http://commons.wikimedia.org/wiki/Special:FilePath/69%20mercury%20marquis%20in%20australia.JPG
http://www.wikidata.org/entity/Q1473330,Mercury Monarch,http://www.wikidata.org/entity/Q3231690,модель автомобиля,http://www.wikidata.org/entity/Q44294,Ford,США,,Mercury Comet,,5020,1880,1360,1490,http://commons.wikimedia.org/wiki/Special:FilePath/1976%20Mercury%20Monarch%20%2818847628439%29.jpg
http://www.wikidata.org/entity/Q762335,Mercury Montego,http://www.wikidata.org/entity/Q3231690,модель автомобиля,http://www.wikidata.org/entity/Q44294,Ford,США,,Mercury Comet,Mercury Cougar,,,,,http://commons.wikimedia.org/wiki/Special:FilePath/05-07%20Mercury%20Montego.jpg
http://www.wikidata.org/entity/Q1385746,Mercury Monterey,http://www.wikidata.org/entity/Q3231690,модель автомобиля,http://www.wikidata.org/entity/Q44294,Ford,США,,Mercury Eight,Mercury Marquis,,,,,http://commons.wikimedia.org/wiki/Special:FilePath/1972%20Mercury%20Monterey%20%2814813625152%29.jpg
http://www.wikidata.org/entity/Q1921560,Mercury Mystique,http://www.wikidata.org/entity/Q3231690,модель автомобиля,http://www.wikidata.org/entity/Q44294,Ford,США,,Mercury Topaz,,,,,,http://commons.wikimedia.org/wiki/Special:FilePath/1998-2000%20Mercury%20Mystique%20--%2003-24-2012.JPG
http://www.wikidata.org/entity/Q953798,Mercury Sable,http://www.wikidata.org/entity/Q3231690,модель автомобиля,http://www.wikidata.org/entity/Q44294,Ford,США,,Mercury Marquis,Mercury Montego,,,,,http://commons.wikimedia.org/wiki/Special:FilePath/08-Mercury-Sable-1.jpg
http://www.wikidata.org/entity/Q821637,Mercury Zephyr,http://www.wikidata.org/entity/Q3231690,модель автомобиля,http://www.wikidata.org/entity/Q44294,Ford,США,,Mercury Comet,Mercury Topaz,,,,,http://commons.wikimedia.org/wiki/Special:FilePath/Mercury%20Zephyr%20front.jpg
http://www.wikidata.org/entity/Q10858367,Merkur XR4Ti,http://www.wikidata.org/entity/Q3231690,модель автомобиля,http://www.wikidata.org/entity/Q44294,Ford,США,,,,,,,,http://commons.wikimedia.org/wiki/Special:FilePath/MerkurXr4ti.JPG
http://www.wikidata.org/entity/Q282617,Shelby Mustang,http://www.wikidata.org/entity/Q3231690,модель автомобиля,http://www.wikidata.org/entity/Q44294,Ford,США,,Ford Mustang SVT Cobra,,,,,,http://commons.wikimedia.org/wiki/Special:FilePath/Ford%20Mustang%20Shelby%20G.T.%20500.jpg
http://www.wikidata.org/entity/Q495075,Willys MB,http://www.wikidata.org/entity/Q3231690,модель автомобиля,http://www.wikidata.org/entity/Q44294,Ford,США,,,Jeep CJ,3327,1575,,1040,http://commons.wikimedia.org/wiki/Special:FilePath/Jeep%20-%20Bedfordshire%20Steam%20%26%20Country%20Fayre%202017%20%2836515507253%29.jpg
http://www.wikidata.org/entity/Q495075,Willys MB,http://www.wikidata.org/entity/Q3231690,модель автомобиля,http://www.wikidata.org/entity/Q44294,Ford,США,,,Willys M38,3327,1575,,1040,http://commons.wikimedia.org/wiki/Special:FilePath/Jeep%20-%20Bedfordshire%20Steam%20%26%20Country%20Fayre%202017%20%2836515507253%29.jpg
http://www.wikidata.org/entity/Q5467656,Платформа Ford B,http://www.wikidata.org/entity/Q3231690,модель автомобиля,http://www.wikidata.org/entity/Q44294,Ford,США,,,Ford B,,,,,http://commons.wikimedia.org/wiki/Special:FilePath/Ford%20Fiesta%20MK3%20front%2020070926.jpg
http://www.wikidata.org/entity/Q534238,Форд Бронко,http://www.wikidata.org/entity/Q3231690,модель автомобиля,http://www.wikidata.org/entity/Q44294,Ford,США,,,Ford Expedition,,,,,http://commons.wikimedia.org/wiki/Special:FilePath/Ford%20Bronco%20%286th%20generation%29%201X7A0874.jpg
http://www.wikidata.org/entity/Q5354209,Элеанор,http://www.wikidata.org/entity/Q3231690,модель автомобиля,http://www.wikidata.org/entity/Q44294,Ford,США,,,,,,,,http://commons.wikimedia.org/wiki/Special:FilePath/1967%20Ford%20Mustang%20Shelby%20GT-500%20Eleanor.jpg
http://www.wikidata.org/entity/Q182323,Ford Model T,http://www.wikidata.org/entity/Q3231690,модель автомобиля,http://www.wikidata.org/entity/Q44294,Ford,США,1908-08-12T00:00:00Z,Ford Model N,Ford Model A,,,,540,http://commons.wikimedia.org/wiki/Special:FilePath/Ford%20T%20Jon%20Sullivan.jpg
http://www.wikidata.org/entity/Q634213,Ford Consul Classic,http://www.wikidata.org/entity/Q3231690,модель автомобиля,http://www.wikidata.org/entity/Q44294,Ford,США,1961-01-01T00:00:00Z,Ford Consul,Ford Corsair,4337,1651,1422,940,http://commons.wikimedia.org/wiki/Special:FilePath/Ford%20Classic%20four%20door%20registered%20May%201962%201498%20cc.JPG
http://www.wikidata.org/entity/Q1880975,M39 cannon,http://www.wikidata.org/entity/Q124056273,модель артиллерийского орудия,http://www.wikidata.org/entity/Q44294,Ford,США,,,,,,,,http://commons.wikimedia.org/wiki/Special:FilePath/M-39%20Cannon%20at%20the%20PAF%20Aerospace%20Museum.jpg
http://www.wikidata.org/entity/Q739124,M1918,http://www.wikidata.org/entity/Q100710213,модель боевой машины,http://www.wikidata.org/entity/Q44294,Ford,США,,,,4.3,1.8,1.8,,http://commons.wikimedia.org/wiki/Special:FilePath/M1918-ford-3-ton-tank.jpg
http://www.wikidata.org/entity/Q475616,M8,http://www.wikidata.org/entity/Q100710213,модель боевой машины,http://www.wikidata.org/entity/Q44294,Ford,США,,,,5003,2540,2235,7.8,http://commons.wikimedia.org/wiki/Special:FilePath/M8old1.JPG
http://www.wikidata.org/entity/Q917405,MIM-72 Chaparral,http://www.wikidata.org/entity/Q100710213,модель боевой машины,http://www.wikidata.org/entity/Q44294,Ford,США,,,,2.9,,,86,http://commons.wikimedia.org/wiki/Special:FilePath/MIM-72%20Chaparral%2007.jpg
http://www.wikidata.org/entity/Q61763413,T17 (бронеавтомобиль),http://www.wikidata.org/entity/Q100710213,модель боевой машины,http://www.wikidata.org/entity/Q44294,Ford,США,,,,5537,2591,2311,,http://commons.wikimedia.org/wiki/Special:FilePath/T17-Deerhound-armored-car-2.jpg
http://www.wikidata.org/entity/Q56302662,Q56302662,http://www.wikidata.org/entity/Q90834785,модель гоночного автомобиля,http://www.wikidata.org/entity/Q44294,Ford,США,,,,,,,,http://commons.wikimedia.org/wiki/Special:FilePath/2015-03-03%20Geneva%20Motor%20Show%203461.JPG
http://www.wikidata.org/entity/Q94993547,Ford Escort RS1700T,http://www.wikidata.org/entity/Q90834785,модель гоночного автомобиля,http://www.wikidata.org/entity/Q44294,Ford,США,,,,,,,,http://commons.wikimedia.org/wiki/Special:FilePath/Ford%20Escort%20RS1700T%20Msport.jpg
http://www.wikidata.org/entity/Q11859797,Ford Focus RS WRC 06,http://www.wikidata.org/entity/Q90834785,модель гоночного автомобиля,http://www.wikidata.org/entity/Q44294,Ford,США,,,,,,,,http://commons.wikimedia.org/wiki/Special:FilePath/Ford%20Foucus%20WRC05.JPG
http://www.wikidata.org/entity/Q25396089,Ford GT (GT1),http://www.wikidata.org/entity/Q90834785,модель гоночного автомобиля,http://www.wikidata.org/entity/Q44294,Ford,США,,,,,,,,http://commons.wikimedia.org/wiki/Special:FilePath/Ford%20Chip%20Ganassi%20Team%20USA%27s%20Ford%20GT%20No.%2069.jpg
http://www.wikidata.org/entity/Q60851743,Ford GT (GTE),http://www.wikidata.org/entity/Q90834785,модель гоночного автомобиля,http://www.wikidata.org/entity/Q44294,Ford,США,,,,,,,,
http://www.wikidata.org/entity/Q121316018,Ford Mustang GT3,http://www.wikidata.org/entity/Q90834785,модель гоночного автомобиля,http://www.wikidata.org/entity/Q44294,Ford,США,,,,,,,,
http://www.wikidata.org/entity/Q2584029,Ford Escort WRC,http://www.wikidata.org/entity/Q90834785,модель гоночного автомобиля,http://www.wikidata.org/entity/Q44294,Ford,США,,Ford Escort RS Cosworth,Ford Focus WRC,,,,,http://commons.wikimedia.org/wiki/Special:FilePath/Ford%20Escort%20%28group%20A%29.jpg
http://www.wikidata.org/entity/Q304756,Ford Fiesta RS WRC,http://www.wikidata.org/entity/Q90834785,модель гоночного автомобиля,http://www.wikidata.org/entity/Q44294,Ford,США,,Ford Focus WRC,Ford Fiesta WRC,3963,1820,1356,1200,http://commons.wikimedia.org/wiki/Special:FilePath/Mondial%20de%20l%27Automobile%202010%2C%20Paris%20-%20France%20%285058191112%29.jpg
http://www.wikidata.org/entity/Q1945493,Ford Focus WRC,http://www.wikidata.org/entity/Q90834785,модель гоночного автомобиля,http://www.wikidata.org/entity/Q44294,Ford,США,,Ford Escort WRC,Ford Fiesta RS WRC,4152,1770,1420,1330,http://commons.wikimedia.org/wiki/Special:FilePath/Rally%20Finland%202010%20-%20shakedown%20-%20Jari-Matti%20Latvala%203.jpg
http://www.wikidata.org/entity/Q291149,Ford GT40,http://www.wikidata.org/entity/Q90834785,модель гоночного автомобиля,http://www.wikidata.org/entity/Q44294,Ford,США,,,Ford P68,4064,1778,1029,980,http://commons.wikimedia.org/wiki/Special:FilePath/GT40%20at%20Goodwood.jpg
http://www.wikidata.org/entity/Q10278967,Ford F-350,http://www.wikidata.org/entity/Q21546143,модель грузовика,http://www.wikidata.org/entity/Q44294,Ford,США,,,,,,,,http://commons.wikimedia.org/wiki/Special:FilePath/Ford%20F-350%20%28City%20Of%20Beaconsfield%29.jpg
http://www.wikidata.org/entity/Q1436835,Ford G398,http://www.wikidata.org/entity/Q21546143,модель грузовика,http://www.wikidata.org/entity/Q44294,Ford,США,,,,,,,,
http://www.wikidata.org/entity/Q1437008,"Ford G917T, G987T, G997T",http://www.wikidata.org/entity/Q21546143,модель грузовика,http://www.wikidata.org/entity/Q44294,Ford,США,,,,,,,,
http://www.wikidata.org/entity/Q129317696,Fordson Thames E4,http://www.wikidata.org/entity/Q21546143,модель грузовика,http://www.wikidata.org/entity/Q44294,Ford,США,,,,,,,,http://commons.wikimedia.org/wiki/Special:FilePath/FordThames%20frontsideview.JPG
http://www.wikidata.org/entity/Q5467668,Ford C-Series,http://www.wikidata.org/entity/Q21546143,модель грузовика,http://www.wikidata.org/entity/Q44294,Ford,США,,Ford F-Series (второе поколение),Ford Cargo,,,,,http://commons.wikimedia.org/wiki/Special:FilePath/Helena%20Fire%20Department%20Engine%2062%20Helena%20Alabama.JPG
http://www.wikidata.org/entity/Q1436779,Ford D-Series,http://www.wikidata.org/entity/Q21546143,модель грузовика,http://www.wikidata.org/entity/Q44294,Ford,США,,Thames Trader,Ford Cargo,,,,,http://commons.wikimedia.org/wiki/Special:FilePath/Ford%20D%20series%20light%20truck%20October%201977.JPG
http://www.wikidata.org/entity/Q1437066,Ford E83W,http://www.wikidata.org/entity/Q21546143,модель грузовика,http://www.wikidata.org/entity/Q44294,Ford,США,,,Ford Thames 400E,4000,1626,,670,http://commons.wikimedia.org/wiki/Special:FilePath/Ford%20Thames%20E83W%20dropside%201957.jpg
http://www.wikidata.org/entity/Q5467750,Ford F-650,http://www.wikidata.org/entity/Q21546143,модель грузовика,http://www.wikidata.org/entity/Q44294,Ford,США,,,,,,,,http://commons.wikimedia.org/wiki/Special:FilePath/Ford%20F650%20flatbed.jpg
http://www.wikidata.org/entity/Q1146685,Ford F-Series,http://www.wikidata.org/entity/Q21546143,модель грузовика,http://www.wikidata.org/entity/Q44294,Ford,США,,,Ford Super Duty,,,,,http://commons.wikimedia.org/wiki/Special:FilePath/2024%20Ford%20F-150%20SuperCrew%20Tremor%20in%20Avalanche%2C%20front%20right%2C%202024-09-03.jpg
http://www.wikidata.org/entity/Q5467826,Ford L-Series,http://www.wikidata.org/entity/Q21546143,модель грузовика,http://www.wikidata.org/entity/Q44294,Ford,США,,,Sterling trucks,,,,,http://commons.wikimedia.org/wiki/Special:FilePath/1989%20Ford%20LN8000%20Diesel%20dump%20truck%2C%20red.jpg
http://www.wikidata.org/entity/Q3747973,Ford LCF,http://www.wikidata.org/entity/Q21546143,модель грузовика,http://www.wikidata.org/entity/Q44294,Ford,США,,Ford Cargo,,,2.11,2.29,,http://commons.wikimedia.org/wiki/Special:FilePath/2006%20Ford%20LCF%20box%20truck.jpg
http://www.wikidata.org/entity/Q3267790,Ford Super Duty,http://www.wikidata.org/entity/Q21546143,модель грузовика,http://www.wikidata.org/entity/Q44294,Ford,США,,Ford F-Series (девятое поколение),,,,,,http://commons.wikimedia.org/wiki/Special:FilePath/2011%20Ford%20F-250%20XLT%20--%2007-10-2010.jpg
http://www.wikidata.org/entity/Q15809957,Ford V3000S,http://www.wikidata.org/entity/Q21546143,модель грузовика,http://www.wikidata.org/entity/Q44294,Ford,США,,Ford Model BB,Ford Rhein/Ruhr,,,,,http://commons.wikimedia.org/wiki/Special:FilePath/Flickr%20-%20Hugo90%20-%20Ford%20Tanker.jpg
http://www.wikidata.org/entity/Q14541503,Fordson Thames 7V,http://www.wikidata.org/entity/Q21546143,модель грузовика,http://www.wikidata.org/entity/Q44294,Ford,США,,Ford Model BB,Fordson Thames ET,,,,,http://commons.wikimedia.org/wiki/Special:FilePath/1947%20Fordson%207V%20tractor%20unit%20OMT%20479%2C%202007%20HCVS%20London%20to%20Brighton%20run.jpg
http://www.wikidata.org/entity/Q107547397,Ford Duratec RS engine,http://www.wikidata.org/entity/Q15057021,модель двигателя,http://www.wikidata.org/entity/Q44294,Ford,США,,,,,,,,
http://www.wikidata.org/entity/Q110077996,Ford Duratorq ZSD-422,http://www.wikidata.org/entity/Q15057021,модель двигателя,http://www.wikidata.org/entity/Q44294,Ford,США,,,,,,,,
http://www.wikidata.org/entity/Q122958696,Ford Duratorq ZSD-424,http://www.wikidata.org/entity/Q15057021,модель двигателя,http://www.wikidata.org/entity/Q44294,Ford,США,,,,,,,,
http://www.wikidata.org/entity/Q108030762,Ford Ecoboost 2.0 L engine,http://www.wikidata.org/entity/Q15057021,модель двигателя,http://www.wikidata.org/entity/Q44294,Ford,США,,,,,,,,
http://www.wikidata.org/entity/Q16160162,Jaguar AJ-V6 engine,http://www.wikidata.org/entity/Q15057021,модель двигателя,http://www.wikidata.org/entity/Q44294,Ford,США,,,,,,,,
http://www.wikidata.org/entity/Q15138408,Liberty L-12A,http://www.wikidata.org/entity/Q15057021,модель двигателя,http://www.wikidata.org/entity/Q44294,Ford,США,,,,,,,,
http://www.wikidata.org/entity/Q5467944,Ford Taunus V4,http://www.wikidata.org/entity/Q15057021,модель двигателя,http://www.wikidata.org/entity/Q44294,Ford,США,,,,,,,,
http://www.wikidata.org/entity/Q5468026,Ford Zeta,http://www.wikidata.org/entity/Q15057021,модель двигателя,http://www.wikidata.org/entity/Q44294,Ford,США,,,,,,,,http://commons.wikimedia.org/wiki/Special:FilePath/Zetec%20E%2018%201.jpg
http://www.wikidata.org/entity/Q19058994,4-AT-A Trimotor,http://www.wikidata.org/entity/Q15056995,модель летательного аппарата,http://www.wikidata.org/entity/Q44294,Ford,США,,,,,,,,
http://www.wikidata.org/entity/Q19120638,4-AT-B Trimotor,http://www.wikidata.org/entity/Q15056995,модель летательного аппарата,http://www.wikidata.org/entity/Q44294,Ford,США,,,,,,,,http://commons.wikimedia.org/wiki/Special:FilePath/EL-2002-00560.jpg
http://www.wikidata.org/entity/Q19206722,4-AT-D Trimotor,http://www.wikidata.org/entity/Q15056995,модель летательного аппарата,http://www.wikidata.org/entity/Q44294,Ford,США,,,,,,,,
http://www.wikidata.org/entity/Q19206741,4-AT-E Trimotor,http://www.wikidata.org/entity/Q15056995,модель летательного аппарата,http://www.wikidata.org/entity/Q44294,Ford,США,,,,,,,,http://commons.wikimedia.org/wiki/Special:FilePath/EAA%20Ford%20Trimotor.jpg
http://www.wikidata.org/entity/Q19206764,5-AT Trimotor,http://www.wikidata.org/entity/Q15056995,модель летательного аппарата,http://www.wikidata.org/entity/Q44294,Ford,США,,,,50.3,,13,13500,
http://www.wikidata.org/entity/Q19206779,5-AT-A Trimotor,http://www.wikidata.org/entity/Q15056995,модель летательного аппарата,http://www.wikidata.org/entity/Q44294,Ford,США,,,,,,,,
http://www.wikidata.org/entity/Q19206799,5-AT-B Trimotor,http://www.wikidata.org/entity/Q15056995,модель летательного аппарата,http://www.wikidata.org/entity/Q44294,Ford,США,,,,,,,,http://commons.wikimedia.org/wiki/Special:FilePath/EL-2002-00560.jpg
http://www.wikidata.org/entity/Q47531827,5-AT-D Trimotor,http://www.wikidata.org/entity/Q15056995,модель летательного аппарата,http://www.wikidata.org/entity/Q44294,Ford,США,,,,,,,,
http://www.wikidata.org/entity/Q5467909,Ford Ranger (омонимия),http://www.wikidata.org/entity/Q10929058,модель объекта производства,http://www.wikidata.org/entity/Q44294,Ford,США,,Ford Courier,,,,,,http://commons.wikimedia.org/wiki/Special:FilePath/Ford%20Ranger%20Raptor%20%28P703%29%201X7A6776.jpg
http://www.wikidata.org/entity/Q620224,Republic JB-2 Loon,http://www.wikidata.org/entity/Q18487055,модель ракеты,http://www.wikidata.org/entity/Q44294,Ford,США,,,,,,,2300,http://commons.wikimedia.org/wiki/Special:FilePath/JB-2%20Loon%20%28V-1%20Buzz%20Bomb%29%20USAF.jpg
http://www.wikidata.org/entity/Q18124882,Ford 3000,http://www.wikidata.org/entity/Q55725952,модель трактора,http://www.wikidata.org/entity/Q44294,Ford,США,,,,,,,,http://commons.wikimedia.org/wiki/Special:FilePath/Ford%203000%20closed-cab.JPG
http://www.wikidata.org/entity/Q95576265,Ford 4600,http://www.wikidata.org/entity/Q55725952,модель трактора,http://www.wikidata.org/entity/Q44294,Ford,США,,,,,,,,http://commons.wikimedia.org/wiki/Special:FilePath/Ford%204600%20%2802%29.jpg
http://www.wikidata.org/entity/Q5467633,Ford 5000,http://www.wikidata.org/entity/Q55725952,модель трактора,http://www.wikidata.org/entity/Q44294,Ford,США,,,,3600,1740,1610,,http://commons.wikimedia.org/wiki/Special:FilePath/Ford5000.jpg
http://www.wikidata.org/entity/Q98542991,Ford 600,http://www.wikidata.org/entity/Q55725952,модель трактора,http://www.wikidata.org/entity/Q44294,Ford,США,,,,,,,,http://commons.wikimedia.org/wiki/Special:FilePath/Trator%20Ford%20600%20-%201955%2001.jpg
http://www.wikidata.org/entity/Q98541482,Ford 6600,http://www.wikidata.org/entity/Q55725952,модель трактора,http://www.wikidata.org/entity/Q44294,Ford,США,,,,,,,,http://commons.wikimedia.org/wiki/Special:FilePath/Ford%206600%20%2828704686866%29.jpg
http://www.wikidata.org/entity/Q106981972,Ford 6810,http://www.wikidata.org/entity/Q55725952,модель трактора,http://www.wikidata.org/entity/Q44294,Ford,США,,,,,,,,http://commons.wikimedia.org/wiki/Special:FilePath/Tractor%20Ford%206810%20en%20Cisterna%20%28Vinhais%29.jpg
http://www.wikidata.org/entity/Q98541313,Ford 7810,http://www.wikidata.org/entity/Q55725952,модель трактора,http://www.wikidata.org/entity/Q44294,Ford,США,,,,,,,4300,http://commons.wikimedia.org/wiki/Special:FilePath/Ford%207810%20Traktor.JPG
http://www.wikidata.org/entity/Q98542393,Ford 7840,http://www.wikidata.org/entity/Q55725952,модель трактора,http://www.wikidata.org/entity/Q44294,Ford,США,,,,,,,,http://commons.wikimedia.org/wiki/Special:FilePath/Ford%207840%20Powerstar%20SLE%20Traktor%20%282023%29.jpg
http://www.wikidata.org/entity/Q1436710,Ford N-Series tractor,http://www.wikidata.org/entity/Q55725952,модель трактора,http://www.wikidata.org/entity/Q44294,Ford,США,,Фордзон,Ford NAA tractor,2921,1645,,1093,http://commons.wikimedia.org/wiki/Special:FilePath/Ford%208N.jpg
http://www.wikidata.org/entity/Q11859808,Фордзон-Путиловец,http://www.wikidata.org/entity/Q55725952,модель трактора,http://www.wikidata.org/entity/Q44294,Ford,США,,,,,,,,http://commons.wikimedia.org/wiki/Special:FilePath/Fordson-putil.jpg
http://www.wikidata.org/entity/Q9261320,Ford GP,http://www.wikidata.org/entity/Q29048322,модель транспортного средства,http://www.wikidata.org/entity/Q44294,Ford,США,,,Willys MB,,,,,http://commons.wikimedia.org/wiki/Special:FilePath/Ford%20gp%20jeep%201942%20holabird%20sm.jpg
http://www.wikidata.org/entity/Q282617,Shelby Mustang,http://www.wikidata.org/entity/Q29048322,модель транспортного средства,http://www.wikidata.org/entity/Q44294,Ford,США,,Ford Mustang SVT Cobra,,,,,,http://commons.wikimedia.org/wiki/Special:FilePath/Ford%20Mustang%20Shelby%20G.T.%20500.jpg
http://www.wikidata.org/entity/Q12063185,Ford Fiesta MK6,http://www.wikidata.org/entity/Q59773381,модельный ряд автомобилей,http://www.wikidata.org/entity/Q44294,Ford,США,,Ford Fiesta (2002),Ford Fiesta (2017),,1722,,,http://commons.wikimedia.org/wiki/Special:FilePath/2010%20Ford%20Fiesta%20%28WT%29%20LX%205-door%20hatchback%20%282015-07-16%29%2001.jpg
http://www.wikidata.org/entity/Q12063185,Ford Fiesta MK6,http://www.wikidata.org/entity/Q59773381,модельный ряд автомобилей,http://www.wikidata.org/entity/Q44294,Ford,США,,Ford Fiesta (2002),Ford Fiesta (2017),,1722,,,http://commons.wikimedia.org/wiki/Special:FilePath/FordFiesta%202009%20%28cropped%29.jpg
http://www.wikidata.org/entity/Q10283415,Ford Fiesta Sedan,http://www.wikidata.org/entity/Q59773381,модельный ряд автомобилей,http://www.wikidata.org/entity/Q44294,Ford,США,,,,,,,,
http://www.wikidata.org/entity/Q5507971,full-size Ford,http://www.wikidata.org/entity/Q59773381,модельный ряд автомобилей,http://www.wikidata.org/entity/Q44294,Ford,США,,,,,,,,http://commons.wikimedia.org/wiki/Special:FilePath/Ford%20A%20Tudor%20Sedan%2C%201930.jpg
http://www.wikidata.org/entity/Q1339764,Ford Expedition,http://www.wikidata.org/entity/Q59773381,модельный ряд автомобилей,http://www.wikidata.org/entity/Q44294,Ford,США,,Форд Бронко,,,,,,http://commons.wikimedia.org/wiki/Special:FilePath/2025%20Ford%20Expedition%20Platinum%20MAX%2C%20front%20NYIAS%202025.jpg
http://www.wikidata.org/entity/Q3077171,Ford Fiesta,http://www.wikidata.org/entity/Q59773381,модельный ряд автомобилей,http://www.wikidata.org/entity/Q44294,Ford,США,,,,,,,,http://commons.wikimedia.org/wiki/Special:FilePath/Ford%20Fiesta%20ST%20Line%20B479%20Chrome%20Blue%20%281%29.jpg
http://www.wikidata.org/entity/Q209029,Ford Focus,http://www.wikidata.org/entity/Q59773381,модельный ряд автомобилей,http://www.wikidata.org/entity/Q44294,Ford,США,,,,,,,,http://commons.wikimedia.org/wiki/Special:FilePath/2018%20Ford%20Focus%20ST-Line%20X%201.0.jpg
http://www.wikidata.org/entity/Q750788,Ford GT,http://www.wikidata.org/entity/Q59773381,модельный ряд автомобилей,http://www.wikidata.org/entity/Q44294,Ford,США,,Ford GT40,,,,,,http://commons.wikimedia.org/wiki/Special:FilePath/Ford%20GT%20%281st%20generation%29%20coupes%20Motorworld%20Munich%201X7A0045.jpg
http://www.wikidata.org/entity/Q183476,Ford Mustang,http://www.wikidata.org/entity/Q59773381,модельный ряд автомобилей,http://www.wikidata.org/entity/Q44294,Ford,США,,,,,,,,http://commons.wikimedia.org/wiki/Special:FilePath/2024%20Ford%20Mustang%20GT%20Las%20Vegas%202025%20%28cropped%29.jpg
http://www.wikidata.org/entity/Q5467909,Ford Ranger (омонимия),http://www.wikidata.org/entity/Q59773381,модельный ряд автомобилей,http://www.wikidata.org/entity/Q44294,Ford,США,,Ford Courier,,,,,,http://commons.wikimedia.org/wiki/Special:FilePath/Ford%20Ranger%20Raptor%20%28P703%29%201X7A6776.jpg
http://www.wikidata.org/entity/Q85761610,Ford Raptor,http://www.wikidata.org/entity/Q59773381,модельный ряд автомобилей,http://www.wikidata.org/entity/Q44294,Ford,США,,,,,,,,http://commons.wikimedia.org/wiki/Special:FilePath/Austrian%20500%20US-CAR%20DAYS%202019%2024.jpg
http://www.wikidata.org/entity/Q3562451,Presidential State Car,http://www.wikidata.org/entity/Q1372628,официальный служебный автомобиль,http://www.wikidata.org/entity/Q44294,Ford,США,,,,,,,,http://commons.wikimedia.org/wiki/Special:FilePath/Brazilian%20Presidential%20Motorcade.jpg
http://www.wikidata.org/entity/Q5467756,Ford F-Series (шестое поколение),http://www.wikidata.org/entity/Q215601,пикап,http://www.wikidata.org/entity/Q44294,Ford,США,,Ford F-Series,Ford F-Series (седьмое поколение),,,,,http://commons.wikimedia.org/wiki/Special:FilePath/1974%20Ford%20F100%20Pickup%20%2815957127573%29.jpg
http://www.wikidata.org/entity/Q1451157,Ford Crown Victoria Police Interceptor,http://www.wikidata.org/entity/Q632300,платформа,http://www.wikidata.org/entity/Q44294,Ford,США,,,,,,,,http://commons.wikimedia.org/wiki/Special:FilePath/Indianapolis%20Metropolitan%20police%20cruiser%201.jpg
http://www.wikidata.org/entity/Q2101436,Ford C1,http://www.wikidata.org/entity/Q632300,платформа,http://www.wikidata.org/entity/Q44294,Ford,США,,Ford C170,,,,,,http://commons.wikimedia.org/wiki/Special:FilePath/Ford%20Focus%20II%20%28Modellpflege%2C%20seit%202008%29%20front%20MJ.JPG
http://www.wikidata.org/entity/Q4038888,Ford C170,http://www.wikidata.org/entity/Q632300,платформа,http://www.wikidata.org/entity/Q44294,Ford,США,,,Ford C1,,,,,http://commons.wikimedia.org/wiki/Special:FilePath/00-04%20Ford%20Focus%20SE%20Sedan.jpg
http://www.wikidata.org/entity/Q5467675,Ford CD4,http://www.wikidata.org/entity/Q632300,платформа,http://www.wikidata.org/entity/Q44294,Ford,США,,Ford CD3,,,,,,http://commons.wikimedia.org/wiki/Special:FilePath/Ford%20Fusion%20at%20NAIAS%202012%20004.jpg
http://www.wikidata.org/entity/Q5467677,Ford CDW27,http://www.wikidata.org/entity/Q632300,платформа,http://www.wikidata.org/entity/Q44294,Ford,США,,,,,,,,http://commons.wikimedia.org/wiki/Special:FilePath/Ford%20Mondeo%20MK2%20%281997-2000%29%20front.jpg
http://www.wikidata.org/entity/Q1836478,Ford D3,http://www.wikidata.org/entity/Q632300,платформа,http://www.wikidata.org/entity/Q44294,Ford,США,,,,,,,,http://commons.wikimedia.org/wiki/Special:FilePath/2010%20Ford%20Taurus%20SHO%20--%2009-07-2009.jpg
http://www.wikidata.org/entity/Q5467707,Ford DN5,http://www.wikidata.org/entity/Q632300,платформа,http://www.wikidata.org/entity/Q44294,Ford,США,,,,,,,,http://commons.wikimedia.org/wiki/Special:FilePath/1995-1997%20Lincoln%20Continental.jpg
http://www.wikidata.org/entity/Q5467656,Платформа Ford B,http://www.wikidata.org/entity/Q632300,платформа,http://www.wikidata.org/entity/Q44294,Ford,США,,,Ford B,,,,,http://commons.wikimedia.org/wiki/Special:FilePath/Ford%20Fiesta%20MK3%20front%2020070926.jpg
http://www.wikidata.org/entity/Q48791221,Ford police vehicles,http://www.wikidata.org/entity/Q868601,полицейский автомобиль,http://www.wikidata.org/entity/Q44294,Ford,США,,,,,,,,http://commons.wikimedia.org/wiki/Special:FilePath/Bellingham%2C%20WA%20Police-%20Ford%20Police%20Utility%20%2817266247122%29.jpg
http://www.wikidata.org/entity/Q19058976,4-AT Trimotor,http://www.wikidata.org/entity/Q15126161,прототип летательного аппарата,http://www.wikidata.org/entity/Q44294,Ford,США,,,,,,,,
http://www.wikidata.org/entity/Q160327,M48,http://www.wikidata.org/entity/Q100709275,семейство боевых машин,http://www.wikidata.org/entity/Q44294,Ford,США,,M47,M60,,3.62,3.12,,http://commons.wikimedia.org/wiki/Special:FilePath/M48A1-Patton-tank.jpg
http://www.wikidata.org/entity/Q11332989,Cosworth HB engine,http://www.wikidata.org/entity/Q15057020,семейство двигателей,http://www.wikidata.org/entity/Q44294,Ford,США,,,,,,,,http://commons.wikimedia.org/wiki/Special:FilePath/1989-1993%20Ford%20Cosworth%20HB%20Formula%20One%20engine%20%282015-01-01%29%2002.jpg
http://www.wikidata.org/entity/Q1423959,Duratec,http://www.wikidata.org/entity/Q15057020,семейство двигателей,http://www.wikidata.org/entity/Q44294,Ford,США,,,,,,,,http://commons.wikimedia.org/wiki/Special:FilePath/LincolnMKZEngine.JPG
http://www.wikidata.org/entity/Q5467900,Ford Power Stroke,http://www.wikidata.org/entity/Q15057020,семейство двигателей,http://www.wikidata.org/entity/Q44294,Ford,США,,,,,,,,http://commons.wikimedia.org/wiki/Special:FilePath/Small%20team%20gets%20BLM%20firetrucks%20to%20America%E2%80%99s%20wildfires%20%2822646510940%29.jpg
http://www.wikidata.org/entity/Q2040634,Ford Sigma,http://www.wikidata.org/entity/Q15057020,семейство двигателей,http://www.wikidata.org/entity/Q44294,Ford,США,,Ford CVH,экобуст 1 л,,,,,http://commons.wikimedia.org/wiki/Special:FilePath/Ford%20Fiesta%202001%20Motor.jpg
http://www.wikidata.org/entity/Q2040634,Ford Sigma,http://www.wikidata.org/entity/Q15057020,семейство двигателей,http://www.wikidata.org/entity/Q44294,Ford,США,,Ford Kent,экобуст 1 л,,,,,http://commons.wikimedia.org/wiki/Special:FilePath/Ford%20Fiesta%202001%20Motor.jpg
http://www.wikidata.org/entity/Q1738041,Liberty L-12,http://www.wikidata.org/entity/Q15057020,семейство двигателей,http://www.wikidata.org/entity/Q44294,Ford,США,,,,,,,,http://commons.wikimedia.org/wiki/Special:FilePath/Liberty%20L-12-1.jpg
http://www.wikidata.org/entity/Q12016755,4-AT Trimotor,http://www.wikidata.org/entity/Q15056993,семейство летательных аппаратов,http://www.wikidata.org/entity/Q44294,Ford,США,,,,49.1,,13,10000,http://commons.wikimedia.org/wiki/Special:FilePath/Ford%204-AT-E%20N9642%20%285124033865%29.jpg
http://www.wikidata.org/entity/Q220759,Consolidated B-24 Liberator,http://www.wikidata.org/entity/Q15056993,семейство летательных аппаратов,http://www.wikidata.org/entity/Q44294,Ford,США,,,,20.47,,5.37,,http://commons.wikimedia.org/wiki/Special:FilePath/B24J-The%20Dragon%20And%20His%20Tail.jpg
http://www.wikidata.org/entity/Q134821567,Lincoln Continental,http://www.wikidata.org/entity/Q811701,серия моделей,http://www.wikidata.org/entity/Q44294,Ford,США,,,,,,,,http://commons.wikimedia.org/wiki/Special:FilePath/Lincoln%20Continental%20%28Fox%29%20front.jpg
http://www.wikidata.org/entity/Q123196160,Q123196160,http://www.wikidata.org/entity/Q1300510,спортивная команда,http://www.wikidata.org/entity/Q44294,Ford,США,,,,,,,,
http://www.wikidata.org/entity/Q7863770,Kia Avella,http://www.wikidata.org/entity/Q15623926,статья-список имён собственных в проекте Викимедиа,http://www.wikidata.org/entity/Q44294,Ford,США,,,,,,,,
http://www.wikidata.org/entity/Q5467792,Ford GT,http://www.wikidata.org/entity/Q4167410,страница значений в проекте Викимедиа,http://www.wikidata.org/entity/Q44294,Ford,США,,,,,,,,
http://www.wikidata.org/entity/Q5467939,Ford Sunliner,http://www.wikidata.org/entity/Q4167410,страница значений в проекте Викимедиа,http://www.wikidata.org/entity/Q44294,Ford,США,,,,,,,,
http://www.wikidata.org/entity/Q10283410,Ford Escort,http://www.wikidata.org/entity/Q4167410,страница значений в проекте Викимедиа,http://www.wikidata.org/entity/Q44294,Ford,США,,,,,,,,
http://www.wikidata.org/entity/Q410854,Ford Falcon,http://www.wikidata.org/entity/Q4167410,страница значений в проекте Викимедиа,http://www.wikidata.org/entity/Q44294,Ford,США,,,,,,,,
http://www.wikidata.org/entity/Q394826,Ford Model A,http://www.wikidata.org/entity/Q4167410,страница значений в проекте Викимедиа,http://www.wikidata.org/entity/Q44294,Ford,США,,,,,,,,
http://www.wikidata.org/entity/Q3077060,Ford Model B,http://www.wikidata.org/entity/Q4167410,страница значений в проекте Викимедиа,http://www.wikidata.org/entity/Q44294,Ford,США,,,,,,,,
http://www.wikidata.org/entity/Q179622,Merkur,http://www.wikidata.org/entity/Q167270,товарный знак,http://www.wikidata.org/entity/Q44294,Ford,США,,,,,,,,http://commons.wikimedia.org/wiki/Special:FilePath/MerkurXr4ti.JPG
http://www.wikidata.org/entity/Q7630296,Су-Ки,http://www.wikidata.org/entity/Q8275011,Q8275011,http://www.wikidata.org/entity/Q53268,Toyota,Франция,,,,,2.2,,,http://commons.wikimedia.org/wiki/Special:FilePath/Su-Ki%20Amphibious%20Truck.jpg
http://www.wikidata.org/entity/Q7830857,Toyota Prius,http://www.wikidata.org/entity/Q11083590,hybrid electric vehicle,http://www.wikidata.org/entity/Q53268,Toyota,Франция,,Toyota Prius (первое поколение),Toyota Prius (третье поколение),4445,1725,1490,,http://commons.wikimedia.org/wiki/Special:FilePath/2nd%20Toyota%20Prius.jpg
http://www.wikidata.org/entity/Q7830856,Toyota Prius (первое поколение),http://www.wikidata.org/entity/Q11083590,hybrid electric vehicle,http://www.wikidata.org/entity/Q53268,Toyota,Франция,,,Toyota Prius,,,,,http://commons.wikimedia.org/wiki/Special:FilePath/TOYOTA%20Prius.jpg
http://www.wikidata.org/entity/Q90013778,Toyota Corolla E50,http://www.wikidata.org/entity/Q243543,Toyota Corolla,http://www.wikidata.org/entity/Q53268,Toyota,Франция,,,,,,,,http://commons.wikimedia.org/wiki/Special:FilePath/Toyota%20Liftback%20KE50.JPG
http://www.wikidata.org/entity/Q64410329,Trueno,http://www.wikidata.org/entity/Q1377219,Toyota AE86,http://www.wikidata.org/entity/Q53268,Toyota,Франция,,,,,,,,http://commons.wikimedia.org/wiki/Special:FilePath/Sprinter%20Trueno%201600%20GT%20%28AE86%29.jpg
http://www.wikidata.org/entity/Q90927953,Toyota Celica coupe (T160),http://www.wikidata.org/entity/Q334040,Toyota Celica,http://www.wikidata.org/entity/Q53268,Toyota,Франция,,,,,,,,http://commons.wikimedia.org/wiki/Special:FilePath/2006FOS%201987ToyotaCelicaTurboGTO.jpg
http://www.wikidata.org/entity/Q90153906,Toyota Corona (T100/T110/T120),http://www.wikidata.org/entity/Q1150087,Toyota Corona,http://www.wikidata.org/entity/Q53268,Toyota,Франция,,,,,,,,http://commons.wikimedia.org/wiki/Special:FilePath/Toyota%20Corona%20%2821217991558%29.jpg
http://www.wikidata.org/entity/Q91450545,Toyota Prius (XW11),http://www.wikidata.org/entity/Q213115,Toyota Prius,http://www.wikidata.org/entity/Q53268,Toyota,Франция,,,,,,,,http://commons.wikimedia.org/wiki/Special:FilePath/2002%20Toyota%20Prius%20%283%29.jpg
http://www.wikidata.org/entity/Q1508311,Lexus CT,http://www.wikidata.org/entity/Q5581707,Автомобиль класса люкс,http://www.wikidata.org/entity/Q53268,Toyota,Франция,,,,4350,1765,1455,,http://commons.wikimedia.org/wiki/Special:FilePath/2020%20Lexus%20CT%20200H%20F%20Sport%20CVT.jpg
http://www.wikidata.org/entity/Q99076662,Lunar Cruiser,http://www.wikidata.org/entity/Q909558,Автомобиль на топливных элементах,http://www.wikidata.org/entity/Q53268,Toyota,Франция,,,,6000,5200,3800,,
http://www.wikidata.org/entity/Q1508311,Lexus CT,http://www.wikidata.org/entity/Q193075,Гибридный автомобиль,http://www.wikidata.org/entity/Q53268,Toyota,Франция,,,,4350,1765,1455,,http://commons.wikimedia.org/wiki/Special:FilePath/2020%20Lexus%20CT%20200H%20F%20Sport%20CVT.jpg
http://www.wikidata.org/entity/Q1851045,Lexus HS,http://www.wikidata.org/entity/Q193075,Гибридный автомобиль,http://www.wikidata.org/entity/Q53268,Toyota,Франция,,,,4710,1785,1495,1640,http://commons.wikimedia.org/wiki/Special:FilePath/2010%20Lexus%20HS250h%20--%2011-23-2009.png
http://www.wikidata.org/entity/Q7830919,Toyota i-Road,http://www.wikidata.org/entity/Q360369,Мотоколяска,http://www.wikidata.org/entity/Q53268,Toyota,Франция,,,,,,,,http://commons.wikimedia.org/wiki/Special:FilePath/I-road%20-%20Grenoble.JPG
http://www.wikidata.org/entity/Q30915217,Toyota FC Bus,http://www.wikidata.org/entity/Q5638,автобус,http://www.wikidata.org/entity/Q53268,Toyota,Франция,2017-02-01T00:00:00Z,,,,,,,http://commons.wikimedia.org/wiki/Special:FilePath/FCHV-BUS2.jpg
http://www.wikidata.org/entity/Q56343498,Toyota Sora,http://www.wikidata.org/entity/Q5638,автобус,http://www.wikidata.org/entity/Q53268,Toyota,Франция,2017-10-01T00:00:00Z,,,,,,,http://commons.wikimedia.org/wiki/Special:FilePath/Toyota%20Sora%20fuel%20cell%20bus%202017%20Tokyo%20Motor%20Show%20front.jpg
http://www.wikidata.org/entity/Q136524273,Toyopet Crown (first edition),http://www.wikidata.org/entity/Q1420,автомобиль,http://www.wikidata.org/entity/Q53268,Toyota,Франция,,,,,,,,http://commons.wikimedia.org/wiki/Special:FilePath/Toyota-crown-1st-generation01.jpg
http://www.wikidata.org/entity/Q1551664,Toyota WiLL,http://www.wikidata.org/entity/Q10429667,автомобильная марка,http://www.wikidata.org/entity/Q53268,Toyota,Франция,,,,,,,,http://commons.wikimedia.org/wiki/Special:FilePath/Toyota%20WiLL%20Vi.jpg
http://www.wikidata.org/entity/Q7830899,2uz-fe,http://www.wikidata.org/entity/Q502048,бензиновый двигатель внутреннего сгорания,http://www.wikidata.org/entity/Q53268,Toyota,Франция,,,,,,,,http://commons.wikimedia.org/wiki/Special:FilePath/Lexus%203UZ-FE.jpg
http://www.wikidata.org/entity/Q7830911,Toyota 4Y,http://www.wikidata.org/entity/Q502048,бензиновый двигатель внутреннего сгорания,http://www.wikidata.org/entity/Q53268,Toyota,Франция,,,,,,,,http://commons.wikimedia.org/wiki/Special:FilePath/Toyota%202Y-PU.jpg
http://www.wikidata.org/entity/Q11321624,Toyota ZR,http://www.wikidata.org/entity/Q502048,бензиновый двигатель внутреннего сгорания,http://www.wikidata.org/entity/Q53268,Toyota,Франция,,,,,,,,http://commons.wikimedia.org/wiki/Special:FilePath/3ZR-FAE.jpg
http://www.wikidata.org/entity/Q7830779,Двигатель Toyota E,http://www.wikidata.org/entity/Q502048,бензиновый двигатель внутреннего сгорания,http://www.wikidata.org/entity/Q53268,Toyota,Франция,,,,,,,,http://commons.wikimedia.org/wiki/Special:FilePath/Toyota%201E.jpg
http://www.wikidata.org/entity/Q7830785,Двигатель Toyota F,http://www.wikidata.org/entity/Q502048,бензиновый двигатель внутреннего сгорания,http://www.wikidata.org/entity/Q53268,Toyota,Франция,,,,,,,,
http://www.wikidata.org/entity/Q7830783,Двигатель Toyota FZ,http://www.wikidata.org/entity/Q502048,бензиновый двигатель внутреннего сгорания,http://www.wikidata.org/entity/Q53268,Toyota,Франция,,,,,,,,
http://www.wikidata.org/entity/Q7830788,Двигатель Toyota GR,http://www.wikidata.org/entity/Q502048,бензиновый двигатель внутреннего сгорания,http://www.wikidata.org/entity/Q53268,Toyota,Франция,,,,,,,,http://commons.wikimedia.org/wiki/Special:FilePath/2008%20Toyota%20Aurion%20%28GSV40R%29%20Sportivo%20ZR6%20sedan%20%282008-10-10%29%2003.jpg
http://www.wikidata.org/entity/Q7830850,Двигатель Toyota P,http://www.wikidata.org/entity/Q502048,бензиновый двигатель внутреннего сгорания,http://www.wikidata.org/entity/Q53268,Toyota,Франция,,,,,,,,
http://www.wikidata.org/entity/Q11321622,Двигатель Toyota T,http://www.wikidata.org/entity/Q502048,бензиновый двигатель внутреннего сгорания,http://www.wikidata.org/entity/Q53268,Toyota,Франция,,,,,,,,http://commons.wikimedia.org/wiki/Special:FilePath/TE71%202T-GEU.jpg
http://www.wikidata.org/entity/Q7830882,Двигатель Toyota TZ,http://www.wikidata.org/entity/Q502048,бензиновый двигатель внутреннего сгорания,http://www.wikidata.org/entity/Q53268,Toyota,Франция,,,,,,,,
http://www.wikidata.org/entity/Q4118249,Двигатель Toyota UR,http://www.wikidata.org/entity/Q502048,бензиновый двигатель внутреннего сгорания,http://www.wikidata.org/entity/Q53268,Toyota,Франция,,,,,,,,http://commons.wikimedia.org/wiki/Special:FilePath/Lexus%20IS%20F%2007.JPG
http://www.wikidata.org/entity/Q7830904,Двигатель Toyota VZ,http://www.wikidata.org/entity/Q502048,бензиновый двигатель внутреннего сгорания,http://www.wikidata.org/entity/Q53268,Toyota,Франция,,,,,,,,http://commons.wikimedia.org/wiki/Special:FilePath/Toyota%202VZ-FE%20engine.jpg
http://www.wikidata.org/entity/Q7830914,Двигатель Toyota ZZ,http://www.wikidata.org/entity/Q502048,бензиновый двигатель внутреннего сгорания,http://www.wikidata.org/entity/Q53268,Toyota,Франция,,,,,,,,http://commons.wikimedia.org/wiki/Special:FilePath/2005%20toyota%20corolla%20s%20engine%201.jpg
http://www.wikidata.org/entity/Q64410329,Trueno,http://www.wikidata.org/entity/Q15707563,вымышленный автомобиль,http://www.wikidata.org/entity/Q53268,Toyota,Франция,,,,,,,,http://commons.wikimedia.org/wiki/Special:FilePath/Sprinter%20Trueno%201600%20GT%20%28AE86%29.jpg
http://www.wikidata.org/entity/Q11598450,TOM'S 84C,http://www.wikidata.org/entity/Q673687,гоночный автомобиль,http://www.wikidata.org/entity/Q53268,Toyota,Франция,,,,,,,,http://commons.wikimedia.org/wiki/Special:FilePath/2012%20Grand%20Prix%20of%20Long%20Beach%20P1020021%20%286935688314%29.jpg
http://www.wikidata.org/entity/Q7830753,Двигатель Toyota B,http://www.wikidata.org/entity/Q174174,дизельный двигатель,http://www.wikidata.org/entity/Q53268,Toyota,Франция,,,,,,,,
http://www.wikidata.org/entity/Q7830758,Двигатель Toyota C,http://www.wikidata.org/entity/Q174174,дизельный двигатель,http://www.wikidata.org/entity/Q53268,Toyota,Франция,,,,,,,,
http://www.wikidata.org/entity/Q7830756,Двигатель Toyota CD,http://www.wikidata.org/entity/Q174174,дизельный двигатель,http://www.wikidata.org/entity/Q53268,Toyota,Франция,,,,,,,,
http://www.wikidata.org/entity/Q7830796,Двигатель Toyota H,http://www.wikidata.org/entity/Q174174,дизельный двигатель,http://www.wikidata.org/entity/Q53268,Toyota,Франция,,,,,,,,
http://www.wikidata.org/entity/Q7830793,Двигатель Toyota HD,http://www.wikidata.org/entity/Q174174,дизельный двигатель,http://www.wikidata.org/entity/Q53268,Toyota,Франция,,,,,,,,
http://www.wikidata.org/entity/Q7830795,Двигатель Toyota HZ,http://www.wikidata.org/entity/Q174174,дизельный двигатель,http://www.wikidata.org/entity/Q53268,Toyota,Франция,,,,,,,,http://commons.wikimedia.org/wiki/Special:FilePath/TOYOTA%201HZ%20engine%2001.jpg
http://www.wikidata.org/entity/Q3093803,Двигатель Toyota J,http://www.wikidata.org/entity/Q174174,дизельный двигатель,http://www.wikidata.org/entity/Q53268,Toyota,Франция,,,,,,,,
http://www.wikidata.org/entity/Q7830809,Двигатель Toyota L,http://www.wikidata.org/entity/Q174174,дизельный двигатель,http://www.wikidata.org/entity/Q53268,Toyota,Франция,,,,,,,,http://commons.wikimedia.org/wiki/Special:FilePath/Toyota%20Hilux%20engine.jpg
http://www.wikidata.org/entity/Q7830845,Двигатель Toyota N,http://www.wikidata.org/entity/Q174174,дизельный двигатель,http://www.wikidata.org/entity/Q53268,Toyota,Франция,,,,,,,,
http://www.wikidata.org/entity/Q7830848,Двигатель Toyota PZ,http://www.wikidata.org/entity/Q174174,дизельный двигатель,http://www.wikidata.org/entity/Q53268,Toyota,Франция,,,,,,,,
http://www.wikidata.org/entity/Q11321623,Двигатель Toyota W,http://www.wikidata.org/entity/Q174174,дизельный двигатель,http://www.wikidata.org/entity/Q53268,Toyota,Франция,,,,,,,,
http://www.wikidata.org/entity/Q28154283,Двигатель Toyota WW,http://www.wikidata.org/entity/Q174174,дизельный двигатель,http://www.wikidata.org/entity/Q53268,Toyota,Франция,,,,,,,,
http://www.wikidata.org/entity/Q65117624,Toyota automatic transmission fluid,http://www.wikidata.org/entity/Q4826615,жидкость для трансмиссии,http://www.wikidata.org/entity/Q53268,Toyota,Франция,,,,,,,,http://commons.wikimedia.org/wiki/Special:FilePath/Toyota%20Dexron-III%20ATF.jpg
http://www.wikidata.org/entity/Q6537915,Lexus 2054,http://www.wikidata.org/entity/Q850270,концепт-кар,http://www.wikidata.org/entity/Q53268,Toyota,Франция,,,,,,,,http://commons.wikimedia.org/wiki/Special:FilePath/Lexus%202054%20Minority%20Report%20concept.jpg
http://www.wikidata.org/entity/Q87408596,Lexus LC Convertible Concept,http://www.wikidata.org/entity/Q850270,концепт-кар,http://www.wikidata.org/entity/Q53268,Toyota,Франция,,,,,,,,http://commons.wikimedia.org/wiki/Special:FilePath/Lexus%20LC%20Convertible%20Concept%20Genf%202019%201Y7A5653.jpg
http://www.wikidata.org/entity/Q6537929,Lexus LF-Gh,http://www.wikidata.org/entity/Q850270,концепт-кар,http://www.wikidata.org/entity/Q53268,Toyota,Франция,,,,,,,,http://commons.wikimedia.org/wiki/Special:FilePath/Lexus%20LF-Gh%202011%20AIMS%20Melbourne%20display.jpg
http://www.wikidata.org/entity/Q107140450,Lexus LF-Z Electrified Concept,http://www.wikidata.org/entity/Q850270,концепт-кар,http://www.wikidata.org/entity/Q53268,Toyota,Франция,,,,4880,1960,1600,2100,http://commons.wikimedia.org/wiki/Special:FilePath/Lexus%20LF-Z%20at%20Taipei%2C%20front%201.jpg
http://www.wikidata.org/entity/Q119855356,Lexus Landau Concept,http://www.wikidata.org/entity/Q850270,концепт-кар,http://www.wikidata.org/entity/Q53268,Toyota,Франция,,,,,,,,
http://www.wikidata.org/entity/Q7830766,Toyota Camry TS-01,http://www.wikidata.org/entity/Q850270,концепт-кар,http://www.wikidata.org/entity/Q53268,Toyota,Франция,,,,,,,,http://commons.wikimedia.org/wiki/Special:FilePath/2005%20Toyota%20Camry%20TS-01%20concept%2001.jpg
http://www.wikidata.org/entity/Q114347752,Toyota Corolla Cross H2 Concept,http://www.wikidata.org/entity/Q850270,концепт-кар,http://www.wikidata.org/entity/Q53268,Toyota,Франция,,,,4490,1825,1620,,http://commons.wikimedia.org/wiki/Special:FilePath/TOYOTA%20COROLLA%20CROSS%20H2%20CONCEPT%20-%202.jpg
http://www.wikidata.org/entity/Q492109,Toyota FCHV,http://www.wikidata.org/entity/Q850270,концепт-кар,http://www.wikidata.org/entity/Q53268,Toyota,Франция,,,,,,,,http://commons.wikimedia.org/wiki/Special:FilePath/TOYOTA%20FCHV%2001.jpg
http://www.wikidata.org/entity/Q14607513,Toyota FT-86,http://www.wikidata.org/entity/Q850270,концепт-кар,http://www.wikidata.org/entity/Q53268,Toyota,Франция,,,,4235,,,,http://commons.wikimedia.org/wiki/Special:FilePath/ToyotaFT-86II.jpg
http://www.wikidata.org/entity/Q50396665,Toyota Fine N,http://www.wikidata.org/entity/Q850270,концепт-кар,http://www.wikidata.org/entity/Q53268,Toyota,Франция,,,,,,,,http://commons.wikimedia.org/wiki/Special:FilePath/Toyota%20Fine%20N%20Diagonal.jpg
http://www.wikidata.org/entity/Q42850495,Toyota Fine-Comfort Ride Concept,http://www.wikidata.org/entity/Q850270,концепт-кар,http://www.wikidata.org/entity/Q53268,Toyota,Франция,,,,,,,,http://commons.wikimedia.org/wiki/Special:FilePath/Toyota%20Fine-Comfort%20Ride%20concept%202017%20Tokyo%20Motor%20Show.jpg
http://www.wikidata.org/entity/Q129803551,Toyota LQ Concept (2019),http://www.wikidata.org/entity/Q850270,концепт-кар,http://www.wikidata.org/entity/Q53268,Toyota,Франция,,,,,,,,http://commons.wikimedia.org/wiki/Special:FilePath/2023%20Denver%20Auto%20Show%20Toyota%20LQ%20Concept%20front%20quarter.jpg
http://www.wikidata.org/entity/Q50397498,Toyota RAV4 Sports Concept,http://www.wikidata.org/entity/Q850270,концепт-кар,http://www.wikidata.org/entity/Q53268,Toyota,Франция,,,,,,,,http://commons.wikimedia.org/wiki/Special:FilePath/2006-03-03%20Motorshow%20Geneva%20025.JPG
http://www.wikidata.org/entity/Q25380053,Toyota S-FR,http://www.wikidata.org/entity/Q850270,концепт-кар,http://www.wikidata.org/entity/Q53268,Toyota,Франция,,,,,,,,http://commons.wikimedia.org/wiki/Special:FilePath/Toyota%20S-FR%20at%20the%20Tokyo%20Motor%20Show%202015.JPG
http://www.wikidata.org/entity/Q115629988,Toyota Tundra FCEV,http://www.wikidata.org/entity/Q850270,концепт-кар,http://www.wikidata.org/entity/Q53268,Toyota,Франция,,,,,,,,http://commons.wikimedia.org/wiki/Special:FilePath/The%20frontview%20of%20Toyota%20TUNDRA%20FCEV.jpg
http://www.wikidata.org/entity/Q50397507,Toyota Yaris HSD Concept,http://www.wikidata.org/entity/Q850270,концепт-кар,http://www.wikidata.org/entity/Q53268,Toyota,Франция,,,,,,,,http://commons.wikimedia.org/wiki/Special:FilePath/2011-03-04%20Autosalon%20Genf%201395.JPG
http://www.wikidata.org/entity/Q2297903,Toyota i-REAL,http://www.wikidata.org/entity/Q850270,концепт-кар,http://www.wikidata.org/entity/Q53268,Toyota,Франция,,Toyota i-unit,,,,,,http://commons.wikimedia.org/wiki/Special:FilePath/2007%20Toyota%20i-Real%2002.jpg
http://www.wikidata.org/entity/Q2980556,Toyota FT-HS,http://www.wikidata.org/entity/Q850270,концепт-кар,http://www.wikidata.org/entity/Q53268,Toyota,Франция,,Toyota Supra,,,,,,http://commons.wikimedia.org/wiki/Special:FilePath/Toyota%20FT-HS%20at%20NYIAS.jpg
http://www.wikidata.org/entity/Q7830782,Toyota FX-1,http://www.wikidata.org/entity/Q850270,концепт-кар,http://www.wikidata.org/entity/Q53268,Toyota,Франция,,,,,,,,http://commons.wikimedia.org/wiki/Special:FilePath/Autotentoonstelling%20RAI%20opent%20de%207e%2C%20Bestanddeelnr%20933-2262.jpg
http://www.wikidata.org/entity/Q17613073,Toyota Hybrid X,http://www.wikidata.org/entity/Q850270,концепт-кар,http://www.wikidata.org/entity/Q53268,Toyota,Франция,,,,,,,,http://commons.wikimedia.org/wiki/Special:FilePath/2007%20Toyota%20Hybrid%20X%20liftback%20%28concept%29%2002.jpg
http://www.wikidata.org/entity/Q2579575,Toyota eCom,http://www.wikidata.org/entity/Q850270,концепт-кар,http://www.wikidata.org/entity/Q53268,Toyota,Франция,,,,,,,,http://commons.wikimedia.org/wiki/Special:FilePath/Toyota%20e-com%2001.jpg
http://www.wikidata.org/entity/Q2369459,Toyota i-unit,http://www.wikidata.org/entity/Q850270,концепт-кар,http://www.wikidata.org/entity/Q53268,Toyota,Франция,,,,,,,,http://commons.wikimedia.org/wiki/Special:FilePath/Toyota%20I-Unit%20low%20position%20with%20passenger.jpg
http://www.wikidata.org/entity/Q99076662,Lunar Cruiser,http://www.wikidata.org/entity/Q40218,космический аппарат,http://www.wikidata.org/entity/Q53268,Toyota,Франция,,,,6000,5200,3800,,
http://www.wikidata.org/entity/Q7630296,Су-Ки,http://www.wikidata.org/entity/Q474698,машина-амфибия,http://www.wikidata.org/entity/Q53268,Toyota,Франция,,,,,2.2,,,http://commons.wikimedia.org/wiki/Special:FilePath/Su-Ki%20Amphibious%20Truck.jpg
http://www.wikidata.org/entity/Q17238781,IMTS,http://www.wikidata.org/entity/Q23039057,модель автобуса,http://www.wikidata.org/entity/Q53268,Toyota,Франция,,,,,,,,http://commons.wikimedia.org/wiki/Special:FilePath/TOYOTA%20IMTS%2006.jpg
http://www.wikidata.org/entity/Q11186586,IMTS-00 series,http://www.wikidata.org/entity/Q23039057,модель автобуса,http://www.wikidata.org/entity/Q53268,Toyota,Франция,,,,,,,,http://commons.wikimedia.org/wiki/Special:FilePath/TOYOTA%20IMTS%2004.jpg
http://www.wikidata.org/entity/Q4389938,Hino Liesse,http://www.wikidata.org/entity/Q23039057,модель автобуса,http://www.wikidata.org/entity/Q53268,Toyota,Франция,,Hino Rainbow,,,2500,3000,,http://commons.wikimedia.org/wiki/Special:FilePath/ShuhokuBus%2094%20Hamanasugo.jpg
http://www.wikidata.org/entity/Q581385,Toyota Coaster,http://www.wikidata.org/entity/Q23039057,модель автобуса,http://www.wikidata.org/entity/Q53268,Toyota,Франция,,,,,,,,http://commons.wikimedia.org/wiki/Special:FilePath/080003%20ToyotacoasterNA220%2CNT407A.jpg
http://www.wikidata.org/entity/Q25403423,Q25403423,http://www.wikidata.org/entity/Q3231690,модель автомобиля,http://www.wikidata.org/entity/Q53268,Toyota,Франция,,Toyota Supra,,,,,,http://commons.wikimedia.org/wiki/Special:FilePath/Toyota%20FT-1%20Concept%2013.jpg
http://www.wikidata.org/entity/Q3536072,Q3536072,http://www.wikidata.org/entity/Q3231690,модель автомобиля,http://www.wikidata.org/entity/Q53268,Toyota,Франция,,,,4280,,,,http://commons.wikimedia.org/wiki/Special:FilePath/1953%20Toyopet%20Super%20RHN%2001.jpg
http://www.wikidata.org/entity/Q3536074,Q3536074,http://www.wikidata.org/entity/Q3231690,модель автомобиля,http://www.wikidata.org/entity/Q53268,Toyota,Франция,,,,,,,,http://commons.wikimedia.org/wiki/Special:FilePath/Toyota-crown-1st-generation01.jpg
http://www.wikidata.org/entity/Q1157550,Daihatsu Charade (XP90),http://www.wikidata.org/entity/Q3231690,модель автомобиля,http://www.wikidata.org/entity/Q53268,Toyota,Франция,,,,3785,1695,1530,,http://commons.wikimedia.org/wiki/Special:FilePath/Daihatsu%20Charade%201.33%20Basis%20%28V%29%20%E2%80%93%20Frontansicht%2C%2021.%20Juni%202011%2C%20Ratingen.jpg
http://www.wikidata.org/entity/Q968202,Dario Terios,http://www.wikidata.org/entity/Q3231690,модель автомобиля,http://www.wikidata.org/entity/Q53268,Toyota,Франция,,Toyota Kijang,Daihatsu Be-go,3845,1555,1760,,http://commons.wikimedia.org/wiki/Special:FilePath/Dario%20Terios%20Sanming%2001%202023-03-01.jpg
http://www.wikidata.org/entity/Q6537920,Lexus GS,http://www.wikidata.org/entity/Q3231690,модель автомобиля,http://www.wikidata.org/entity/Q53268,Toyota,Франция,,,,,,,,http://commons.wikimedia.org/wiki/Special:FilePath/Lexus%20GS%20350%20Black%20Sapphire%20Pearl.jpg
http://www.wikidata.org/entity/Q90925643,Lexus GS F,http://www.wikidata.org/entity/Q3231690,модель автомобиля,http://www.wikidata.org/entity/Q53268,Toyota,Франция,,,,,,,,http://commons.wikimedia.org/wiki/Special:FilePath/2016%20Lexus%20GS-F%20Fujiweiss%20Vorderansicht%20links.jpg
http://www.wikidata.org/entity/Q6537926,Lexus IS (XE20),http://www.wikidata.org/entity/Q3231690,модель автомобиля,http://www.wikidata.org/entity/Q53268,Toyota,Франция,,Toyota Altezza,Lexus RC,,,,,http://commons.wikimedia.org/wiki/Special:FilePath/Lexus%20IS250%20silver.jpg
http://www.wikidata.org/entity/Q6537926,Lexus IS (XE20),http://www.wikidata.org/entity/Q3231690,модель автомобиля,http://www.wikidata.org/entity/Q53268,Toyota,Франция,,Q21235365,Lexus RC,,,,,http://commons.wikimedia.org/wiki/Special:FilePath/Lexus%20IS250%20silver.jpg
http://www.wikidata.org/entity/Q6537926,Lexus IS (XE20),http://www.wikidata.org/entity/Q3231690,модель автомобиля,http://www.wikidata.org/entity/Q53268,Toyota,Франция,,Toyota Altezza,Lexus IS (XE30),,,,,http://commons.wikimedia.org/wiki/Special:FilePath/Lexus%20IS250%20silver.jpg
http://www.wikidata.org/entity/Q6537926,Lexus IS (XE20),http://www.wikidata.org/entity/Q3231690,модель автомобиля,http://www.wikidata.org/entity/Q53268,Toyota,Франция,,Q21235365,Lexus IS (XE30),,,,,http://commons.wikimedia.org/wiki/Special:FilePath/Lexus%20IS250%20silver.jpg
http://www.wikidata.org/entity/Q21208921,Lexus IS (XE30),http://www.wikidata.org/entity/Q3231690,модель автомобиля,http://www.wikidata.org/entity/Q53268,Toyota,Франция,,Lexus IS (XE20),,4665,1810,1430,,http://commons.wikimedia.org/wiki/Special:FilePath/2021%20Lexus%20IS%20300%20AWD%2C%20front%20%282%29%203.26.21.jpg
http://www.wikidata.org/entity/Q21208921,Lexus IS (XE30),http://www.wikidata.org/entity/Q3231690,модель автомобиля,http://www.wikidata.org/entity/Q53268,Toyota,Франция,,Lexus IS (XE20),,4710,1810,1430,,http://commons.wikimedia.org/wiki/Special:FilePath/2021%20Lexus%20IS%20300%20AWD%2C%20front%20%282%29%203.26.21.jpg
http://www.wikidata.org/entity/Q21208921,Lexus IS (XE30),http://www.wikidata.org/entity/Q3231690,модель автомобиля,http://www.wikidata.org/entity/Q53268,Toyota,Франция,,Lexus IS (XE20),,4665,1840,1430,,http://commons.wikimedia.org/wiki/Special:FilePath/2021%20Lexus%20IS%20300%20AWD%2C%20front%20%282%29%203.26.21.jpg
http://www.wikidata.org/entity/Q21208921,Lexus IS (XE30),http://www.wikidata.org/entity/Q3231690,модель автомобиля,http://www.wikidata.org/entity/Q53268,Toyota,Франция,,Lexus IS (XE20),,4710,1840,1430,,http://commons.wikimedia.org/wiki/Special:FilePath/2021%20Lexus%20IS%20300%20AWD%2C%20front%20%282%29%203.26.21.jpg
http://www.wikidata.org/entity/Q21208921,Lexus IS (XE30),http://www.wikidata.org/entity/Q3231690,модель автомобиля,http://www.wikidata.org/entity/Q53268,Toyota,Франция,,Lexus IS (XE20),,4665,1810,1435,,http://commons.wikimedia.org/wiki/Special:FilePath/2021%20Lexus%20IS%20300%20AWD%2C%20front%20%282%29%203.26.21.jpg
http://www.wikidata.org/entity/Q21208921,Lexus IS (XE30),http://www.wikidata.org/entity/Q3231690,модель автомобиля,http://www.wikidata.org/entity/Q53268,Toyota,Франция,,Lexus IS (XE20),,4710,1810,1435,,http://commons.wikimedia.org/wiki/Special:FilePath/2021%20Lexus%20IS%20300%20AWD%2C%20front%20%282%29%203.26.21.jpg
http://www.wikidata.org/entity/Q21208921,Lexus IS (XE30),http://www.wikidata.org/entity/Q3231690,модель автомобиля,http://www.wikidata.org/entity/Q53268,Toyota,Франция,,Lexus IS (XE20),,4665,1840,1435,,http://commons.wikimedia.org/wiki/Special:FilePath/2021%20Lexus%20IS%20300%20AWD%2C%20front%20%282%29%203.26.21.jpg
http://www.wikidata.org/entity/Q21208921,Lexus IS (XE30),http://www.wikidata.org/entity/Q3231690,модель автомобиля,http://www.wikidata.org/entity/Q53268,Toyota,Франция,,Lexus IS (XE20),,4710,1840,1435,,http://commons.wikimedia.org/wiki/Special:FilePath/2021%20Lexus%20IS%20300%20AWD%2C%20front%20%282%29%203.26.21.jpg
http://www.wikidata.org/entity/Q1477236,Lexus LS600h,http://www.wikidata.org/entity/Q3231690,модель автомобиля,http://www.wikidata.org/entity/Q53268,Toyota,Франция,,Lexus UCF30,Lexus USF50,,1875,1480,,http://commons.wikimedia.org/wiki/Special:FilePath/LS%20600h%20L%20Verdigris%20Mica.jpg
http://www.wikidata.org/entity/Q109043423,Lexus NX (AZ20),http://www.wikidata.org/entity/Q3231690,модель автомобиля,http://www.wikidata.org/entity/Q53268,Toyota,Франция,,,,4660,1865,1660,,http://commons.wikimedia.org/wiki/Special:FilePath/Lexus%20NX%20350h%20%28AAZH20%2CAAZH25%29%20IMG%206332.jpg
http://www.wikidata.org/entity/Q50398420,Lexus RC F,http://www.wikidata.org/entity/Q3231690,модель автомобиля,http://www.wikidata.org/entity/Q53268,Toyota,Франция,,,,4710,1845,1390,,http://commons.wikimedia.org/wiki/Special:FilePath/2015%20Lexus%20RC%20F%20Auto%203.jpg
http://www.wikidata.org/entity/Q7433964,Scion Fuse,http://www.wikidata.org/entity/Q3231690,модель автомобиля,http://www.wikidata.org/entity/Q53268,Toyota,Франция,,,,,,,,http://commons.wikimedia.org/wiki/Special:FilePath/Scion%20Fuse%20%28MIAS%29.JPG
http://www.wikidata.org/entity/Q7433965,Scion Hako Coupe,http://www.wikidata.org/entity/Q3231690,модель автомобиля,http://www.wikidata.org/entity/Q53268,Toyota,Франция,,,,,,,,http://commons.wikimedia.org/wiki/Special:FilePath/Scion%20Hako%20NY.jpg
http://www.wikidata.org/entity/Q7433968,Scion bbX,http://www.wikidata.org/entity/Q3231690,модель автомобиля,http://www.wikidata.org/entity/Q53268,Toyota,Франция,,,,,,,,
http://www.wikidata.org/entity/Q7433967,Scion ccX,http://www.wikidata.org/entity/Q3231690,модель автомобиля,http://www.wikidata.org/entity/Q53268,Toyota,Франция,,,,,,,,
http://www.wikidata.org/entity/Q138865859,Subaru Getaway,http://www.wikidata.org/entity/Q3231690,модель автомобиля,http://www.wikidata.org/entity/Q53268,Toyota,Франция,,,,,1989,1709,,http://commons.wikimedia.org/wiki/Special:FilePath/2027%20Subaru%20Getaway%20%282026-04-03%29.jpg
http://www.wikidata.org/entity/Q7670733,TMG EV P001,http://www.wikidata.org/entity/Q3231690,модель автомобиля,http://www.wikidata.org/entity/Q53268,Toyota,Франция,,,,,,,,
http://www.wikidata.org/entity/Q7830735,Toyota AE85,http://www.wikidata.org/entity/Q3231690,модель автомобиля,http://www.wikidata.org/entity/Q53268,Toyota,Франция,,,,,1630,1340,,http://commons.wikimedia.org/wiki/Special:FilePath/1983%20Toyota%20Corolla-Levin%2001.jpg
http://www.wikidata.org/entity/Q111021193,Toyota Allex,http://www.wikidata.org/entity/Q3231690,модель автомобиля,http://www.wikidata.org/entity/Q53268,Toyota,Франция,,,Toyota Blade,4175,1695,1460,1070,http://commons.wikimedia.org/wiki/Special:FilePath/2004-2006%20Toyota%20Allex.jpg
http://www.wikidata.org/entity/Q24576578,Toyota Auris Touring Sports,http://www.wikidata.org/entity/Q3231690,модель автомобиля,http://www.wikidata.org/entity/Q53268,Toyota,Франция,,,Toyota Corolla Touring,4560,1760,1475,,http://commons.wikimedia.org/wiki/Special:FilePath/Toyota%20Auris%20Touring%20Sports%20Hybrid%20Executive%20%28II%29%20%E2%80%93%20Frontansicht%2C%2025.%20August%202013%2C%20D%C3%BCsseldorf.jpg
http://www.wikidata.org/entity/Q14552566,Toyota Avensis Verso,http://www.wikidata.org/entity/Q3231690,модель автомобиля,http://www.wikidata.org/entity/Q53268,Toyota,Франция,,Toyota Picnic,Toyota Verso,4650,1760,,,http://commons.wikimedia.org/wiki/Special:FilePath/Toyota%20Avensis%20Verso%2020090215%20front.jpg
http://www.wikidata.org/entity/Q133261543,Toyota C-HR (AX10/AX50),http://www.wikidata.org/entity/Q3231690,модель автомобиля,http://www.wikidata.org/entity/Q53268,Toyota,Франция,,,,4360,1795,1550,,http://commons.wikimedia.org/wiki/Special:FilePath/2017%20Toyota%20C-HR%20%28NGX10R%29%20Koba%202WD%20hatchback%20%282018-08-06%29%2001.jpg
http://www.wikidata.org/entity/Q124672626,Toyota C-HR (AX20),http://www.wikidata.org/entity/Q3231690,модель автомобиля,http://www.wikidata.org/entity/Q53268,Toyota,Франция,,,,4360,1830,1540,,http://commons.wikimedia.org/wiki/Special:FilePath/Toyota%20C-HR%20Hybrid%20%28AX20%29%20DSC%207238.jpg
http://www.wikidata.org/entity/Q136384012,"Toyota Camry (XV40, Asia)",http://www.wikidata.org/entity/Q3231690,модель автомобиля,http://www.wikidata.org/entity/Q53268,Toyota,Франция,,,,,,,,http://commons.wikimedia.org/wiki/Special:FilePath/TOYOTA%20CAMRY%20%28XV40%2C%20ASIA%29%20China%20%2824%29.jpg
http://www.wikidata.org/entity/Q136383947,"Toyota Camry (XV50, Asia)",http://www.wikidata.org/entity/Q3231690,модель автомобиля,http://www.wikidata.org/entity/Q53268,Toyota,Франция,,,,,,,,http://commons.wikimedia.org/wiki/Special:FilePath/TOYOTA%20CAMRY%20%28XV50%2C%20ASIA%29%20HONG%20KONG%20%284%29.jpg
http://www.wikidata.org/entity/Q125228953,Toyota Camry (XV80),http://www.wikidata.org/entity/Q3231690,модель автомобиля,http://www.wikidata.org/entity/Q53268,Toyota,Франция,,Toyota Camry (XV70),,,,,,http://commons.wikimedia.org/wiki/Special:FilePath/%28SGP-Singapore%29%20Private%20Toyota%20Camry%20SPE4141Y%202026-03-23.jpg
http://www.wikidata.org/entity/Q136384976,"Toyota Camry (XV80, China)",http://www.wikidata.org/entity/Q3231690,модель автомобиля,http://www.wikidata.org/entity/Q53268,Toyota,Франция,,,,,,,,http://commons.wikimedia.org/wiki/Special:FilePath/TOYOTA%20CAMRY%20%28XV80%29%20China%20%2832%29.jpg
http://www.wikidata.org/entity/Q136384018,Toyota Camry Classical,http://www.wikidata.org/entity/Q3231690,модель автомобиля,http://www.wikidata.org/entity/Q53268,Toyota,Франция,,,,,,,,http://commons.wikimedia.org/wiki/Special:FilePath/TOYOTA%20CAMRY%20CLASSICAL%20XV40%20%287%29.jpg
http://www.wikidata.org/entity/Q2622901,Toyota Cavalier,http://www.wikidata.org/entity/Q3231690,модель автомобиля,http://www.wikidata.org/entity/Q53268,Toyota,Франция,,,Toyota Allion,,,,,http://commons.wikimedia.org/wiki/Special:FilePath/Toyota%20Cavalier%201.JPG
http://www.wikidata.org/entity/Q90928181,Toyota Celica (T230),http://www.wikidata.org/entity/Q3231690,модель автомобиля,http://www.wikidata.org/entity/Q53268,Toyota,Франция,,,,,,,,http://commons.wikimedia.org/wiki/Special:FilePath/2002%20Toyota%20Celica%2001.jpg
http://www.wikidata.org/entity/Q90927953,Toyota Celica coupe (T160),http://www.wikidata.org/entity/Q3231690,модель автомобиля,http://www.wikidata.org/entity/Q53268,Toyota,Франция,,,,,,,,http://commons.wikimedia.org/wiki/Special:FilePath/2006FOS%201987ToyotaCelicaTurboGTO.jpg
http://www.wikidata.org/entity/Q90154013,Toyota Celica coupe (T200),http://www.wikidata.org/entity/Q3231690,модель автомобиля,http://www.wikidata.org/entity/Q53268,Toyota,Франция,,,,,,,,http://commons.wikimedia.org/wiki/Special:FilePath/Toyota%20Celica%20coupe.jpg
http://www.wikidata.org/entity/Q55815362,Toyota Conquest,http://www.wikidata.org/entity/Q3231690,модель автомобиля,http://www.wikidata.org/entity/Q53268,Toyota,Франция,,,,,,,,http://commons.wikimedia.org/wiki/Special:FilePath/ToyotaTazzFLfront%20%28cropped%29.jpeg
http://www.wikidata.org/entity/Q20826097,Toyota Corolla Altis,http://www.wikidata.org/entity/Q3231690,модель автомобиля,http://www.wikidata.org/entity/Q53268,Toyota,Франция,,Toyota Corolla (E110),,,,,,http://commons.wikimedia.org/wiki/Special:FilePath/2010%20Toyota%20Corolla%20Altis%202.0%20V%20ZRE143R%20%2820190623%29.jpg
http://www.wikidata.org/entity/Q2447082,Toyota Corolla Axio,http://www.wikidata.org/entity/Q3231690,модель автомобиля,http://www.wikidata.org/entity/Q53268,Toyota,Франция,,Toyota Allex,Toyota Corolla (E210),,1695,,,http://commons.wikimedia.org/wiki/Special:FilePath/2006%20Toyota%20Corolla-Axio%2002.jpg
http://www.wikidata.org/entity/Q90013778,Toyota Corolla E50,http://www.wikidata.org/entity/Q3231690,модель автомобиля,http://www.wikidata.org/entity/Q53268,Toyota,Франция,,,,,,,,http://commons.wikimedia.org/wiki/Special:FilePath/Toyota%20Liftback%20KE50.JPG
http://www.wikidata.org/entity/Q92314244,Toyota Corolla EX,http://www.wikidata.org/entity/Q3231690,модель автомобиля,http://www.wikidata.org/entity/Q53268,Toyota,Франция,,,тойота королла Е140,4530,1705,1490,,http://commons.wikimedia.org/wiki/Special:FilePath/2013%20FAW-Toyota%20Corolla%20EX%20%28front%29.jpg
http://www.wikidata.org/entity/Q10383914,Toyota Corolla Fielder,http://www.wikidata.org/entity/Q3231690,модель автомобиля,http://www.wikidata.org/entity/Q53268,Toyota,Франция,,toyota corolla g-touring wagon,Toyota Corolla Touring,,1695,,,http://commons.wikimedia.org/wiki/Special:FilePath/Toyota%20Corolla%20Fielder%20S%2040th%20Anniversary%20Limited.jpg
http://www.wikidata.org/entity/Q11321631,Toyota Corolla II,http://www.wikidata.org/entity/Q3231690,модель автомобиля,http://www.wikidata.org/entity/Q53268,Toyota,Франция,,,,,,,,http://commons.wikimedia.org/wiki/Special:FilePath/Toyota-CorollaIISR.JPG
http://www.wikidata.org/entity/Q116149159,Toyota Corolla Quest,http://www.wikidata.org/entity/Q3231690,модель автомобиля,http://www.wikidata.org/entity/Q53268,Toyota,Франция,,,,,,,,
http://www.wikidata.org/entity/Q85872501,Toyota Corolla Touring,http://www.wikidata.org/entity/Q3231690,модель автомобиля,http://www.wikidata.org/entity/Q53268,Toyota,Франция,,Toyota Corolla Fielder,,4495,1745,1460,,http://commons.wikimedia.org/wiki/Special:FilePath/Toyota%20COROLLA%20TOURING%20HYBRID%20W%C3%97B%202WD%20%286AA-ZWE211W-AWXSB%29%20front.jpg
http://www.wikidata.org/entity/Q85872501,Toyota Corolla Touring,http://www.wikidata.org/entity/Q3231690,модель автомобиля,http://www.wikidata.org/entity/Q53268,Toyota,Франция,,Toyota Auris Touring Sports,,4495,1745,1460,,http://commons.wikimedia.org/wiki/Special:FilePath/Toyota%20COROLLA%20TOURING%20HYBRID%20W%C3%97B%202WD%20%286AA-ZWE211W-AWXSB%29%20front.jpg
http://www.wikidata.org/entity/Q90153906,Toyota Corona (T100/T110/T120),http://www.wikidata.org/entity/Q3231690,модель автомобиля,http://www.wikidata.org/entity/Q53268,Toyota,Франция,,,,,,,,http://commons.wikimedia.org/wiki/Special:FilePath/Toyota%20Corona%20%2821217991558%29.jpg
http://www.wikidata.org/entity/Q2447105,Toyota Corona Coupé,http://www.wikidata.org/entity/Q3231690,модель автомобиля,http://www.wikidata.org/entity/Q53268,Toyota,Франция,,,Toyota Corona EXiV,4475,1690,1310,1230,http://commons.wikimedia.org/wiki/Special:FilePath/1988%20Toyota%20Celica%20GT.jpg
http://www.wikidata.org/entity/Q131071674,Toyota Cresta (X100),http://www.wikidata.org/entity/Q3231690,модель автомобиля,http://www.wikidata.org/entity/Q53268,Toyota,Франция,,,,,,,,
http://www.wikidata.org/entity/Q139582273,"Toyota Crown (S180, China)",http://www.wikidata.org/entity/Q3231690,модель автомобиля,http://www.wikidata.org/entity/Q53268,Toyota,Франция,,,,,,,,http://commons.wikimedia.org/wiki/Special:FilePath/TOYOTA%20CROWN%20%28S180%29%20China%20%28107%29.jpg
http://www.wikidata.org/entity/Q17164209,Toyota Crown Comfort,http://www.wikidata.org/entity/Q3231690,модель автомобиля,http://www.wikidata.org/entity/Q53268,Toyota,Франция,,,,,,,,http://commons.wikimedia.org/wiki/Special:FilePath/NagatoSandenTaxi%20Nagato%20City%20Noriaitaxi%20216.jpg
http://www.wikidata.org/entity/Q113135463,Toyota Crown Crossover,http://www.wikidata.org/entity/Q3231690,модель автомобиля,http://www.wikidata.org/entity/Q53268,Toyota,Франция,,Toyota Avalon,,4930,1840,1540,1750,http://commons.wikimedia.org/wiki/Special:FilePath/2023%20Toyota%20Crown%20Platinum%20in%20Oxygen%20White%2C%20Front%20Left%2C%2003-05-2023.jpg
http://www.wikidata.org/entity/Q109289855,Toyota Crown Kluger,http://www.wikidata.org/entity/Q3231690,модель автомобиля,http://www.wikidata.org/entity/Q53268,Toyota,Франция,,,,5015,1930,1750,,http://commons.wikimedia.org/wiki/Special:FilePath/TOYOTA%20CROWN%20KLUGER%20%2838%29.jpg
http://www.wikidata.org/entity/Q130367682,Toyota Crown Signia,http://www.wikidata.org/entity/Q3231690,модель автомобиля,http://www.wikidata.org/entity/Q53268,Toyota,Франция,,Toyota Venza,,4930,1880,1620,,http://commons.wikimedia.org/wiki/Special:FilePath/2025%20Toyota%20Crown%20Signia%20Hybrid%20Limited%20%28United%20States%29%20front%20view.png
http://www.wikidata.org/entity/Q118120953,Toyota Crown Sport,http://www.wikidata.org/entity/Q3231690,модель автомобиля,http://www.wikidata.org/entity/Q53268,Toyota,Франция,,,,4720,1880,1565,1810,http://commons.wikimedia.org/wiki/Special:FilePath/Brown%20Toyota%20CROWN%22SPORT%20Z%22%20%286AA-AZSH36W-BNXGB%29.jpg
http://www.wikidata.org/entity/Q112111632,Toyota Crown Vellfire,http://www.wikidata.org/entity/Q3231690,модель автомобиля,http://www.wikidata.org/entity/Q53268,Toyota,Франция,,Toyota Vellfire,,4975,1850,1945,,http://commons.wikimedia.org/wiki/Special:FilePath/Toyota%20Crown%20Vellfire%20Aero%20China%20%28cropped%29.jpg
http://www.wikidata.org/entity/Q112111632,Toyota Crown Vellfire,http://www.wikidata.org/entity/Q3231690,модель автомобиля,http://www.wikidata.org/entity/Q53268,Toyota,Франция,,Toyota Vellfire,,4995,1850,1945,,http://commons.wikimedia.org/wiki/Special:FilePath/Toyota%20Crown%20Vellfire%20Aero%20China%20%28cropped%29.jpg
http://www.wikidata.org/entity/Q492109,Toyota FCHV,http://www.wikidata.org/entity/Q3231690,модель автомобиля,http://www.wikidata.org/entity/Q53268,Toyota,Франция,,,,,,,,http://commons.wikimedia.org/wiki/Special:FilePath/TOYOTA%20FCHV%2001.jpg
http://www.wikidata.org/entity/Q104611750,Toyota FunCruiser,http://www.wikidata.org/entity/Q3231690,модель автомобиля,http://www.wikidata.org/entity/Q53268,Toyota,Франция,,,,,,,,http://commons.wikimedia.org/wiki/Special:FilePath/1997%20Toyota%20RAV4%20FunCruiser%202.0i%20%2852779317461%29.jpg
http://www.wikidata.org/entity/Q111021364,Toyota GR GT,http://www.wikidata.org/entity/Q3231690,модель автомобиля,http://www.wikidata.org/entity/Q53268,Toyota,Франция,,,,4820,2000,1195,1750,http://commons.wikimedia.org/wiki/Special:FilePath/Toyota%20GR%20GT%20prototype%20%28front%20three-quarter%20view%29%20at%20Osaka%20Auto%20Messe%202026.jpg
http://www.wikidata.org/entity/Q42850356,Toyota GR HV Sports Concept,http://www.wikidata.org/entity/Q3231690,модель автомобиля,http://www.wikidata.org/entity/Q53268,Toyota,Франция,,,,,,,,http://commons.wikimedia.org/wiki/Special:FilePath/TMS17%20Toyota%20GR%20HV%20Sports%20Concept%201.jpg
http://www.wikidata.org/entity/Q85872506,Toyota GranAce,http://www.wikidata.org/entity/Q3231690,модель автомобиля,http://www.wikidata.org/entity/Q53268,Toyota,Франция,,Toyota Granvia,,5300,1970,1990,,http://commons.wikimedia.org/wiki/Special:FilePath/2019-2021%20Toyota%20GranAce%20Premium%202.8%203DA-GDH303W%20%2820220829%29.jpg
http://www.wikidata.org/entity/Q85872506,Toyota GranAce,http://www.wikidata.org/entity/Q3231690,модель автомобиля,http://www.wikidata.org/entity/Q53268,Toyota,Франция,,Toyota Grand HiAce,,5300,1970,1990,,http://commons.wikimedia.org/wiki/Special:FilePath/2019-2021%20Toyota%20GranAce%20Premium%202.8%203DA-GDH303W%20%2820220829%29.jpg
http://www.wikidata.org/entity/Q11321641,Toyota Grand HiAce,http://www.wikidata.org/entity/Q3231690,модель автомобиля,http://www.wikidata.org/entity/Q53268,Toyota,Франция,,,Toyota Vellfire,,,,,http://commons.wikimedia.org/wiki/Special:FilePath/Toyota%20Grand%20Hiace%20CH10%20001.JPG
http://www.wikidata.org/entity/Q11321641,Toyota Grand HiAce,http://www.wikidata.org/entity/Q3231690,модель автомобиля,http://www.wikidata.org/entity/Q53268,Toyota,Франция,,,Toyota Alphard,,,,,http://commons.wikimedia.org/wiki/Special:FilePath/Toyota%20Grand%20Hiace%20CH10%20001.JPG
http://www.wikidata.org/entity/Q11321641,Toyota Grand HiAce,http://www.wikidata.org/entity/Q3231690,модель автомобиля,http://www.wikidata.org/entity/Q53268,Toyota,Франция,,,Toyota GranAce,,,,,http://commons.wikimedia.org/wiki/Special:FilePath/Toyota%20Grand%20Hiace%20CH10%20001.JPG
http://www.wikidata.org/entity/Q97183332,Toyota Highlander (XU40),http://www.wikidata.org/entity/Q3231690,модель автомобиля,http://www.wikidata.org/entity/Q53268,Toyota,Франция,,,,4785,1910,1760,,http://commons.wikimedia.org/wiki/Special:FilePath/2008%20Toyota%20Highlander.jpg
http://www.wikidata.org/entity/Q97183339,Toyota Highlander (XU70),http://www.wikidata.org/entity/Q3231690,модель автомобиля,http://www.wikidata.org/entity/Q53268,Toyota,Франция,,,,4950,1930,1730,,http://commons.wikimedia.org/wiki/Special:FilePath/2020%20Toyota%20Highlander%20XLE%20AWD%2C%20front.jpg
http://www.wikidata.org/entity/Q16046970,Toyota Hilux Surf,http://www.wikidata.org/entity/Q3231690,модель автомобиля,http://www.wikidata.org/entity/Q53268,Toyota,Франция,,,,,,,,http://commons.wikimedia.org/wiki/Special:FilePath/Toyota%20Hilux%20Surf%20N130.jpg
http://www.wikidata.org/entity/Q115971231,Toyota Izoa,http://www.wikidata.org/entity/Q3231690,модель автомобиля,http://www.wikidata.org/entity/Q53268,Toyota,Франция,,,,,,,,http://commons.wikimedia.org/wiki/Special:FilePath/TOYOTA%20IZOA%20%28TOYOTA%20C-HR%29%20China.jpg
http://www.wikidata.org/entity/Q90998778,Toyota Land Cruiser (J100),http://www.wikidata.org/entity/Q3231690,модель автомобиля,http://www.wikidata.org/entity/Q53268,Toyota,Франция,,Toyota Land Cruiser (J80),Toyota Land Cruiser (J200),,,,,http://commons.wikimedia.org/wiki/Special:FilePath/2001%20Toyota%20Land%20Cruiser%20Amazon%20GX%20TDA%204.2%20facelift%20Front.jpg
http://www.wikidata.org/entity/Q3536065,Toyota Land Cruiser (J200),http://www.wikidata.org/entity/Q3231690,модель автомобиля,http://www.wikidata.org/entity/Q53268,Toyota,Франция,,Toyota Land Cruiser (J100),Toyota Land Cruiser (J300),,,,,http://commons.wikimedia.org/wiki/Special:FilePath/2011%20Toyota%20Land%20Cruiser%20%28UZJ200R%29%20Sahara%20wagon%20%282011-11-18%29%2001.jpg
http://www.wikidata.org/entity/Q110899824,Toyota Land Cruiser (J300),http://www.wikidata.org/entity/Q3231690,модель автомобиля,http://www.wikidata.org/entity/Q53268,Toyota,Франция,,Toyota Land Cruiser (J200),,,,,,http://commons.wikimedia.org/wiki/Special:FilePath/2021%20Toyota%20Land%20Cruiser%20300%203.4%20ZX%20%28Colombia%29%20front%20view%2004.png
http://www.wikidata.org/entity/Q110903164,Toyota Land Cruiser (J60),http://www.wikidata.org/entity/Q3231690,модель автомобиля,http://www.wikidata.org/entity/Q53268,Toyota,Франция,,,Toyota Land Cruiser (J80),,,,,http://commons.wikimedia.org/wiki/Special:FilePath/Toyota%20Land%20Cruiser%2060%20001.JPG
http://www.wikidata.org/entity/Q110899968,Toyota Land Cruiser (J80),http://www.wikidata.org/entity/Q3231690,модель автомобиля,http://www.wikidata.org/entity/Q53268,Toyota,Франция,,Toyota Land Cruiser (J60),Toyota Land Cruiser (J100),,,,,http://commons.wikimedia.org/wiki/Special:FilePath/1995-1998%20Toyota%20Land%20Cruiser%20%28FZJ80R%29%20GXL%20wagon%20%282011-11-17%29%2001.jpg
http://www.wikidata.org/entity/Q136545775,Toyota Land Cruiser FJ,http://www.wikidata.org/entity/Q3231690,модель автомобиля,http://www.wikidata.org/entity/Q53268,Toyota,Франция,,Toyota FJ Cruiser,,4575,1855,1960,,http://commons.wikimedia.org/wiki/Special:FilePath/Toyota%20Land%20Cruiser%20FJ%20prototype.jpg
http://www.wikidata.org/entity/Q25505721,Toyota Land Cruiser Prado (J150),http://www.wikidata.org/entity/Q3231690,модель автомобиля,http://www.wikidata.org/entity/Q53268,Toyota,Франция,,,Toyota Land Cruiser Prado (J250),,,,,http://commons.wikimedia.org/wiki/Special:FilePath/2009-2011%20Toyota%20Land%20Cruiser%20Prado%20%28KDJ150R%29%20VX%205-door%20wagon%20%282011-10-25%29%2001.jpg
http://www.wikidata.org/entity/Q126453955,Toyota Land Cruiser Prado (J250),http://www.wikidata.org/entity/Q3231690,модель автомобиля,http://www.wikidata.org/entity/Q53268,Toyota,Франция,,Toyota Land Cruiser Prado (J150),,,,,,http://commons.wikimedia.org/wiki/Special:FilePath/TLCP%20J250%20front%20%28cropped%29.jpg
http://www.wikidata.org/entity/Q90153733,Toyota MR2 (W10),http://www.wikidata.org/entity/Q3231690,модель автомобиля,http://www.wikidata.org/entity/Q53268,Toyota,Франция,,,Toyota MR2 (W20),,,,,http://commons.wikimedia.org/wiki/Special:FilePath/1st-Toyota-MR2.jpg
http://www.wikidata.org/entity/Q90316276,Toyota MR2 (W20),http://www.wikidata.org/entity/Q3231690,модель автомобиля,http://www.wikidata.org/entity/Q53268,Toyota,Франция,,Toyota MR2 (W10),Toyota MR2 (W30),,,,,http://commons.wikimedia.org/wiki/Special:FilePath/1989-1991%20Toyota%20MR2%20%28SW20%29%20G-Limited%20coupe%20%2813813691874%29.jpg
http://www.wikidata.org/entity/Q90316363,Toyota MR2 (W30),http://www.wikidata.org/entity/Q3231690,модель автомобиля,http://www.wikidata.org/entity/Q53268,Toyota,Франция,,Toyota MR2 (W20),,,,,,
http://www.wikidata.org/entity/Q1537394,Toyota Mark II Blit,http://www.wikidata.org/entity/Q3231690,модель автомобиля,http://www.wikidata.org/entity/Q53268,Toyota,Франция,,Toyota Mark II Qualis,Toyota Mark X ZiO,4775,1760,1470,,http://commons.wikimedia.org/wiki/Special:FilePath/Toyota%20MARK%20II%20BLIT%202.5iR-V%20%28GH-JZX110W%29%20front.jpg
http://www.wikidata.org/entity/Q2033472,Toyota Mark X ZiO,http://www.wikidata.org/entity/Q3231690,модель автомобиля,http://www.wikidata.org/entity/Q53268,Toyota,Франция,,Toyota Mark II Blit,,4705,1785,1550,1570,http://commons.wikimedia.org/wiki/Special:FilePath/2007%20Toyota%20Mark-X-Zio%2001.jpg
http://www.wikidata.org/entity/Q97368241,Toyota Mirai (JPD20),http://www.wikidata.org/entity/Q3231690,модель автомобиля,http://www.wikidata.org/entity/Q53268,Toyota,Франция,,,,4975,1885,1470,,http://commons.wikimedia.org/wiki/Special:FilePath/Toyota%20Mirai%20%28JPD20%29%20IMG%205303.jpg
http://www.wikidata.org/entity/Q3536068,Toyota Premio and Allion,http://www.wikidata.org/entity/Q3231690,модель автомобиля,http://www.wikidata.org/entity/Q53268,Toyota,Франция,,Toyota Carina,,4565,1695,,,http://commons.wikimedia.org/wiki/Special:FilePath/2017%20Toyota%20Allion.jpg
http://www.wikidata.org/entity/Q3536068,Toyota Premio and Allion,http://www.wikidata.org/entity/Q3231690,модель автомобиля,http://www.wikidata.org/entity/Q53268,Toyota,Франция,,Toyota Corona,,4565,1695,,,http://commons.wikimedia.org/wiki/Special:FilePath/2017%20Toyota%20Allion.jpg
http://www.wikidata.org/entity/Q3536068,Toyota Premio and Allion,http://www.wikidata.org/entity/Q3231690,модель автомобиля,http://www.wikidata.org/entity/Q53268,Toyota,Франция,,Toyota Carina,,4565,1695,,,http://commons.wikimedia.org/wiki/Special:FilePath/Toyota%20PREMIO%201.5F%20L%20Package%20%28DBA-NZT260-AEXEK%29.jpg
http://www.wikidata.org/entity/Q3536068,Toyota Premio and Allion,http://www.wikidata.org/entity/Q3231690,модель автомобиля,http://www.wikidata.org/entity/Q53268,Toyota,Франция,,Toyota Corona,,4565,1695,,,http://commons.wikimedia.org/wiki/Special:FilePath/Toyota%20PREMIO%201.5F%20L%20Package%20%28DBA-NZT260-AEXEK%29.jpg
http://www.wikidata.org/entity/Q91450545,Toyota Prius (XW11),http://www.wikidata.org/entity/Q3231690,модель автомобиля,http://www.wikidata.org/entity/Q53268,Toyota,Франция,,,,,,,,http://commons.wikimedia.org/wiki/Special:FilePath/2002%20Toyota%20Prius%20%283%29.jpg
http://www.wikidata.org/entity/Q131073023,Toyota Regius Van,http://www.wikidata.org/entity/Q3231690,модель автомобиля,http://www.wikidata.org/entity/Q53268,Toyota,Франция,,,,,,,,http://commons.wikimedia.org/wiki/Special:FilePath/Toyota%20reguisvan%20rch21v%201%20f.jpg
http://www.wikidata.org/entity/Q1550767,Toyota RegiusAce,http://www.wikidata.org/entity/Q3231690,модель автомобиля,http://www.wikidata.org/entity/Q53268,Toyota,Франция,,,,,,,,http://commons.wikimedia.org/wiki/Special:FilePath/Toyota%20Regiusace%20001.JPG
http://www.wikidata.org/entity/Q139582286,Toyota Reiz (X120),http://www.wikidata.org/entity/Q3231690,модель автомобиля,http://www.wikidata.org/entity/Q53268,Toyota,Франция,,,,,,,,http://commons.wikimedia.org/wiki/Special:FilePath/TOYOTA%20REIZ%20%28X120%29%20China%20%28106%29.jpg
http://www.wikidata.org/entity/Q7830869,Toyota Revo,http://www.wikidata.org/entity/Q3231690,модель автомобиля,http://www.wikidata.org/entity/Q53268,Toyota,Франция,,,,,,,,http://commons.wikimedia.org/wiki/Special:FilePath/Toyota%20revo%20dlx%20%28cropped%29.jpg
http://www.wikidata.org/entity/Q25380053,Toyota S-FR,http://www.wikidata.org/entity/Q3231690,модель автомобиля,http://www.wikidata.org/entity/Q53268,Toyota,Франция,,,,,,,,http://commons.wikimedia.org/wiki/Special:FilePath/Toyota%20S-FR%20at%20the%20Tokyo%20Motor%20Show%202015.JPG
http://www.wikidata.org/entity/Q7830872,Toyota Sportivo Coupe,http://www.wikidata.org/entity/Q3231690,модель автомобиля,http://www.wikidata.org/entity/Q53268,Toyota,Франция,,,,,,,,
http://www.wikidata.org/entity/Q90925185,Toyota Supra (A70),http://www.wikidata.org/entity/Q3231690,модель автомобиля,http://www.wikidata.org/entity/Q53268,Toyota,Франция,,,Toyota Supra (A80),4620,1745,1300,1600,http://commons.wikimedia.org/wiki/Special:FilePath/1986%20Toyota%20Supra%20%28MA70%29%20liftback%20%282015-07-14%29%2001.jpg
http://www.wikidata.org/entity/Q2447212,Toyota Supra (A80),http://www.wikidata.org/entity/Q3231690,модель автомобиля,http://www.wikidata.org/entity/Q53268,Toyota,Франция,,Toyota Supra (A70),Toyota Supra (J29/DB),4520,1810,1275,1510,http://commons.wikimedia.org/wiki/Special:FilePath/1994%20Toyota%20Supra%20Sport%20Roof%20in%20Red%2C%20front%20left.jpg
http://www.wikidata.org/entity/Q62032729,Toyota Supra (J29/DB),http://www.wikidata.org/entity/Q3231690,модель автомобиля,http://www.wikidata.org/entity/Q53268,Toyota,Франция,,Toyota Supra (A80),,4380,1865,1290,1520,http://commons.wikimedia.org/wiki/Special:FilePath/Toyota%20GR%20Supra%20%2851984008283crop%29.jpg
http://www.wikidata.org/entity/Q42850342,Toyota TJ Cruiser Concept,http://www.wikidata.org/entity/Q3231690,модель автомобиля,http://www.wikidata.org/entity/Q53268,Toyota,Франция,,,,,,,,http://commons.wikimedia.org/wiki/Special:FilePath/Toyota%20TJ%20Cruiser%20concept%202017%20Tokyo%20Motor%20Show%20front.jpg
http://www.wikidata.org/entity/Q11321647,Toyota Touring HiAce,http://www.wikidata.org/entity/Q3231690,модель автомобиля,http://www.wikidata.org/entity/Q53268,Toyota,Франция,,,,,,,,http://commons.wikimedia.org/wiki/Special:FilePath/Toyota%20Touring%20Hiace%20001.JPG
http://www.wikidata.org/entity/Q130572033,Toyota Trekker,http://www.wikidata.org/entity/Q3231690,модель автомобиля,http://www.wikidata.org/entity/Q53268,Toyota,Франция,,,Toyota 4Runner,4320,1690,1675,,http://commons.wikimedia.org/wiki/Special:FilePath/Toyota%20Trekker%20%281981%29%20%2853779809998%29.jpg
http://www.wikidata.org/entity/Q14551699,Toyota Verso-S,http://www.wikidata.org/entity/Q3231690,модель автомобиля,http://www.wikidata.org/entity/Q53268,Toyota,Франция,,Toyota Yaris Verso,,3990,1695,1595,,http://commons.wikimedia.org/wiki/Special:FilePath/Toyota%20Verso-S%201.33%20VVT-i%20Life%20%E2%80%93%20Frontansicht%20%281%29%2C%2031.%20M%C3%A4rz%202011%2C%20Mettmann.jpg
http://www.wikidata.org/entity/Q110903182,Toyota Yaris (XP130),http://www.wikidata.org/entity/Q3231690,модель автомобиля,http://www.wikidata.org/entity/Q53268,Toyota,Франция,,Toyota Yaris (XP90),Toyota Yaris (XP210),3885,1695,1500,,http://commons.wikimedia.org/wiki/Special:FilePath/2013%20Toyota%20Yaris%20%28NCP130R%29%20YR%205-door%20hatchback%20%282016-01-04%29%2001.jpg
http://www.wikidata.org/entity/Q106612215,Toyota Yaris (XP90),http://www.wikidata.org/entity/Q3231690,модель автомобиля,http://www.wikidata.org/entity/Q53268,Toyota,Франция,,Toyota Yaris (XP10),Toyota Yaris (XP150),,,,,http://commons.wikimedia.org/wiki/Special:FilePath/2011%20Toyota%20Yaris%201.5%20S%20Limited%20hatchback%20%28NCP91R%3B%2001-09-2019%29%2C%20South%20Tangerang.jpg
http://www.wikidata.org/entity/Q106612215,Toyota Yaris (XP90),http://www.wikidata.org/entity/Q3231690,модель автомобиля,http://www.wikidata.org/entity/Q53268,Toyota,Франция,,Toyota Yaris (XP10),Toyota Yaris (XP130),,,,,http://commons.wikimedia.org/wiki/Special:FilePath/2011%20Toyota%20Yaris%201.5%20S%20Limited%20hatchback%20%28NCP91R%3B%2001-09-2019%29%2C%20South%20Tangerang.jpg
http://www.wikidata.org/entity/Q7830918,"Toyota concept vehicles, 1935-1969",http://www.wikidata.org/entity/Q3231690,модель автомобиля,http://www.wikidata.org/entity/Q53268,Toyota,Франция,,,,,,,,http://commons.wikimedia.org/wiki/Special:FilePath/Toyota%20Publica%20Sports%20%28rebuilt%29%20front-left2%202013%20Megaweb.jpg
http://www.wikidata.org/entity/Q12217486,"Toyota concept vehicles, 1970-1979",http://www.wikidata.org/entity/Q3231690,модель автомобиля,http://www.wikidata.org/entity/Q53268,Toyota,Франция,,,,,,,,
http://www.wikidata.org/entity/Q7830915,"Toyota concept vehicles, 1980-1989",http://www.wikidata.org/entity/Q3231690,модель автомобиля,http://www.wikidata.org/entity/Q53268,Toyota,Франция,,Toyota Soarer,,,,,,
http://www.wikidata.org/entity/Q7830917,"Toyota concept vehicles, 1990-1999",http://www.wikidata.org/entity/Q3231690,модель автомобиля,http://www.wikidata.org/entity/Q53268,Toyota,Франция,,,,,,,,
http://www.wikidata.org/entity/Q2297903,Toyota i-REAL,http://www.wikidata.org/entity/Q3231690,модель автомобиля,http://www.wikidata.org/entity/Q53268,Toyota,Франция,,Toyota i-unit,,,,,,http://commons.wikimedia.org/wiki/Special:FilePath/2007%20Toyota%20i-Real%2002.jpg
http://www.wikidata.org/entity/Q632802,Chevrolet Cavalier,http://www.wikidata.org/entity/Q3231690,модель автомобиля,http://www.wikidata.org/entity/Q53268,Toyota,Франция,,Chevrolet Monza Brazil,Chevrolet Cobalt,,,,,http://commons.wikimedia.org/wiki/Special:FilePath/3rd%20Chevrolet%20Cavalier.jpg
http://www.wikidata.org/entity/Q632802,Chevrolet Cavalier,http://www.wikidata.org/entity/Q3231690,модель автомобиля,http://www.wikidata.org/entity/Q53268,Toyota,Франция,,Chevrolet Vega,Chevrolet Cobalt,,,,,http://commons.wikimedia.org/wiki/Special:FilePath/3rd%20Chevrolet%20Cavalier.jpg
http://www.wikidata.org/entity/Q1157541,Daihatsu Altis,http://www.wikidata.org/entity/Q3231690,модель автомобиля,http://www.wikidata.org/entity/Q53268,Toyota,Франция,,Daihatsu Applause,,,,,,http://commons.wikimedia.org/wiki/Special:FilePath/Daihatsu%20ALTIS%20G%20%28DAA-AXVH70N-DEXNB%29%20front.jpg
http://www.wikidata.org/entity/Q1157558,Daihatsu Consorte,http://www.wikidata.org/entity/Q3231690,модель автомобиля,http://www.wikidata.org/entity/Q53268,Toyota,Франция,,Daihatsu Compagno,Daihatsu Charade,3645,1450,1380,670,http://commons.wikimedia.org/wiki/Special:FilePath/2ndPublica.jpg
http://www.wikidata.org/entity/Q11316937,Daihatsu Mebius,http://www.wikidata.org/entity/Q3231690,модель автомобиля,http://www.wikidata.org/entity/Q53268,Toyota,Франция,,,,4615,1775,1575,1450,http://commons.wikimedia.org/wiki/Special:FilePath/DAIHATSU%20MEBIUS%20ZVW41N%2001.JPG
http://www.wikidata.org/entity/Q11316937,Daihatsu Mebius,http://www.wikidata.org/entity/Q3231690,модель автомобиля,http://www.wikidata.org/entity/Q53268,Toyota,Франция,,,,4645,1775,1575,1450,http://commons.wikimedia.org/wiki/Special:FilePath/DAIHATSU%20MEBIUS%20ZVW41N%2001.JPG
http://www.wikidata.org/entity/Q509012,Daihatsu UFE-III,http://www.wikidata.org/entity/Q3231690,модель автомобиля,http://www.wikidata.org/entity/Q53268,Toyota,Франция,,,,3395,,,,
http://www.wikidata.org/entity/Q1508311,Lexus CT,http://www.wikidata.org/entity/Q3231690,модель автомобиля,http://www.wikidata.org/entity/Q53268,Toyota,Франция,,,,4350,1765,1455,,http://commons.wikimedia.org/wiki/Special:FilePath/2020%20Lexus%20CT%20200H%20F%20Sport%20CVT.jpg
http://www.wikidata.org/entity/Q577397,Lexus ES,http://www.wikidata.org/entity/Q3231690,модель автомобиля,http://www.wikidata.org/entity/Q53268,Toyota,Франция,,Toyota Windom,,,,,,http://commons.wikimedia.org/wiki/Special:FilePath/Lexus%20ES%20350h%20%28XZ20%29%20Auto%20Zuerich%202025%20DSC%203061.jpg
http://www.wikidata.org/entity/Q1045746,Lexus GS,http://www.wikidata.org/entity/Q3231690,модель автомобиля,http://www.wikidata.org/entity/Q53268,Toyota,Франция,,Toyota Aristo,,,,,,http://commons.wikimedia.org/wiki/Special:FilePath/Lexus%20GS%20L10%20Hybrid%20facelift%20China%202016-04-16.jpg
http://www.wikidata.org/entity/Q1458281,Lexus GX,http://www.wikidata.org/entity/Q3231690,модель автомобиля,http://www.wikidata.org/entity/Q53268,Toyota,Франция,,,,,,,,http://commons.wikimedia.org/wiki/Special:FilePath/Lexus%20GX%20550%20VJA252%20Overtrail%20Tactical%20Beige%20%2B%20Black%2003.jpg
http://www.wikidata.org/entity/Q1851045,Lexus HS,http://www.wikidata.org/entity/Q3231690,модель автомобиля,http://www.wikidata.org/entity/Q53268,Toyota,Франция,,,,4710,1785,1495,1640,http://commons.wikimedia.org/wiki/Special:FilePath/2010%20Lexus%20HS250h%20--%2011-23-2009.png
http://www.wikidata.org/entity/Q838833,Lexus IS,http://www.wikidata.org/entity/Q3231690,модель автомобиля,http://www.wikidata.org/entity/Q53268,Toyota,Франция,,,,,,,,http://commons.wikimedia.org/wiki/Special:FilePath/2026%20Lexus%20IS300h%20F%20Sport%20front.jpg
http://www.wikidata.org/entity/Q1808616,Lexus IS F,http://www.wikidata.org/entity/Q3231690,модель автомобиля,http://www.wikidata.org/entity/Q53268,Toyota,Франция,,,,4660,1815,1415,1717,http://commons.wikimedia.org/wiki/Special:FilePath/2007%20Lexus%20IS-F%2001.jpg
http://www.wikidata.org/entity/Q119104237,Lexus LBX,http://www.wikidata.org/entity/Q3231690,модель автомобиля,http://www.wikidata.org/entity/Q53268,Toyota,Франция,,,,4190,1825,1545,,http://commons.wikimedia.org/wiki/Special:FilePath/Lexus%20LBX%20IMG%200690%20%28cropped%29.jpg
http://www.wikidata.org/entity/Q22084860,Lexus LC,http://www.wikidata.org/entity/Q3231690,модель автомобиля,http://www.wikidata.org/entity/Q53268,Toyota,Франция,,Lexus SC,,4770,1920,1345,,http://commons.wikimedia.org/wiki/Special:FilePath/2018%20Lexus%20LC%20500h%20%2831663804097%29.jpg
http://www.wikidata.org/entity/Q1341985,Lexus LFA,http://www.wikidata.org/entity/Q3231690,модель автомобиля,http://www.wikidata.org/entity/Q53268,Toyota,Франция,,,,4505,1895,1220,,http://commons.wikimedia.org/wiki/Special:FilePath/2011%20Lexus%20LFA%20White.jpg
http://www.wikidata.org/entity/Q65147581,Lexus LM,http://www.wikidata.org/entity/Q3231690,модель автомобиля,http://www.wikidata.org/entity/Q53268,Toyota,Франция,,,,5040,1850,1895,,http://commons.wikimedia.org/wiki/Special:FilePath/Lexus%20LM%20350h%20%28AAWH10%29%20IMG%200035.jpg
http://www.wikidata.org/entity/Q65147581,Lexus LM,http://www.wikidata.org/entity/Q3231690,модель автомобиля,http://www.wikidata.org/entity/Q53268,Toyota,Франция,,,,5125,1850,1895,,http://commons.wikimedia.org/wiki/Special:FilePath/Lexus%20LM%20350h%20%28AAWH10%29%20IMG%200035.jpg
http://www.wikidata.org/entity/Q65147581,Lexus LM,http://www.wikidata.org/entity/Q3231690,модель автомобиля,http://www.wikidata.org/entity/Q53268,Toyota,Франция,,,,5040,1890,1895,,http://commons.wikimedia.org/wiki/Special:FilePath/Lexus%20LM%20350h%20%28AAWH10%29%20IMG%200035.jpg
http://www.wikidata.org/entity/Q65147581,Lexus LM,http://www.wikidata.org/entity/Q3231690,модель автомобиля,http://www.wikidata.org/entity/Q53268,Toyota,Франция,,,,5125,1890,1895,,http://commons.wikimedia.org/wiki/Special:FilePath/Lexus%20LM%20350h%20%28AAWH10%29%20IMG%200035.jpg
http://www.wikidata.org/entity/Q65147581,Lexus LM,http://www.wikidata.org/entity/Q3231690,модель автомобиля,http://www.wikidata.org/entity/Q53268,Toyota,Франция,,,,5040,1850,1955,,http://commons.wikimedia.org/wiki/Special:FilePath/Lexus%20LM%20350h%20%28AAWH10%29%20IMG%200035.jpg
http://www.wikidata.org/entity/Q65147581,Lexus LM,http://www.wikidata.org/entity/Q3231690,модель автомобиля,http://www.wikidata.org/entity/Q53268,Toyota,Франция,,,,5125,1850,1955,,http://commons.wikimedia.org/wiki/Special:FilePath/Lexus%20LM%20350h%20%28AAWH10%29%20IMG%200035.jpg
http://www.wikidata.org/entity/Q65147581,Lexus LM,http://www.wikidata.org/entity/Q3231690,модель автомобиля,http://www.wikidata.org/entity/Q53268,Toyota,Франция,,,,5040,1890,1955,,http://commons.wikimedia.org/wiki/Special:FilePath/Lexus%20LM%20350h%20%28AAWH10%29%20IMG%200035.jpg
http://www.wikidata.org/entity/Q65147581,Lexus LM,http://www.wikidata.org/entity/Q3231690,модель автомобиля,http://www.wikidata.org/entity/Q53268,Toyota,Франция,,,,5125,1890,1955,,http://commons.wikimedia.org/wiki/Special:FilePath/Lexus%20LM%20350h%20%28AAWH10%29%20IMG%200035.jpg
http://www.wikidata.org/entity/Q97619596,Lexus LQ,http://www.wikidata.org/entity/Q3231690,модель автомобиля,http://www.wikidata.org/entity/Q53268,Toyota,Франция,,,,,,,,
http://www.wikidata.org/entity/Q1044847,Lexus LS,http://www.wikidata.org/entity/Q3231690,модель автомобиля,http://www.wikidata.org/entity/Q53268,Toyota,Франция,,Toyota Celsior,,,,,,http://commons.wikimedia.org/wiki/Special:FilePath/Lexus%20LS%20500h%20%22I%20package%22%20%286AA-GVF50-AEVQH%28I%29%29%20front.jpg
http://www.wikidata.org/entity/Q1509972,Lexus LX,http://www.wikidata.org/entity/Q3231690,модель автомобиля,http://www.wikidata.org/entity/Q53268,Toyota,Франция,,,,,,,,http://commons.wikimedia.org/wiki/Special:FilePath/Lexus%20LX%20600%20VJA310%20F%20Sport%20White%20Nova%2001.jpg
http://www.wikidata.org/entity/Q16325434,Lexus NX,http://www.wikidata.org/entity/Q3231690,модель автомобиля,http://www.wikidata.org/entity/Q53268,Toyota,Франция,,,,4630,1845,1645,,http://commons.wikimedia.org/wiki/Special:FilePath/Lexus%20NX%20350%20F%20Sport%20AWD%20TAZA25%20Celestial%20Blue%20Glass%20Flake%2001.jpg
http://www.wikidata.org/entity/Q16325434,Lexus NX,http://www.wikidata.org/entity/Q3231690,модель автомобиля,http://www.wikidata.org/entity/Q53268,Toyota,Франция,,,,4660,1845,1645,,http://commons.wikimedia.org/wiki/Special:FilePath/Lexus%20NX%20350%20F%20Sport%20AWD%20TAZA25%20Celestial%20Blue%20Glass%20Flake%2001.jpg
http://www.wikidata.org/entity/Q16325434,Lexus NX,http://www.wikidata.org/entity/Q3231690,модель автомобиля,http://www.wikidata.org/entity/Q53268,Toyota,Франция,,,,4630,1865,1645,,http://commons.wikimedia.org/wiki/Special:FilePath/Lexus%20NX%20350%20F%20Sport%20AWD%20TAZA25%20Celestial%20Blue%20Glass%20Flake%2001.jpg
http://www.wikidata.org/entity/Q16325434,Lexus NX,http://www.wikidata.org/entity/Q3231690,модель автомобиля,http://www.wikidata.org/entity/Q53268,Toyota,Франция,,,,4660,1865,1645,,http://commons.wikimedia.org/wiki/Special:FilePath/Lexus%20NX%20350%20F%20Sport%20AWD%20TAZA25%20Celestial%20Blue%20Glass%20Flake%2001.jpg
http://www.wikidata.org/entity/Q16325434,Lexus NX,http://www.wikidata.org/entity/Q3231690,модель автомобиля,http://www.wikidata.org/entity/Q53268,Toyota,Франция,,,,4630,1845,1660,,http://commons.wikimedia.org/wiki/Special:FilePath/Lexus%20NX%20350%20F%20Sport%20AWD%20TAZA25%20Celestial%20Blue%20Glass%20Flake%2001.jpg
http://www.wikidata.org/entity/Q16325434,Lexus NX,http://www.wikidata.org/entity/Q3231690,модель автомобиля,http://www.wikidata.org/entity/Q53268,Toyota,Франция,,,,4660,1845,1660,,http://commons.wikimedia.org/wiki/Special:FilePath/Lexus%20NX%20350%20F%20Sport%20AWD%20TAZA25%20Celestial%20Blue%20Glass%20Flake%2001.jpg
http://www.wikidata.org/entity/Q16325434,Lexus NX,http://www.wikidata.org/entity/Q3231690,модель автомобиля,http://www.wikidata.org/entity/Q53268,Toyota,Франция,,,,4630,1865,1660,,http://commons.wikimedia.org/wiki/Special:FilePath/Lexus%20NX%20350%20F%20Sport%20AWD%20TAZA25%20Celestial%20Blue%20Glass%20Flake%2001.jpg
http://www.wikidata.org/entity/Q16325434,Lexus NX,http://www.wikidata.org/entity/Q3231690,модель автомобиля,http://www.wikidata.org/entity/Q53268,Toyota,Франция,,,,4660,1865,1660,,http://commons.wikimedia.org/wiki/Special:FilePath/Lexus%20NX%20350%20F%20Sport%20AWD%20TAZA25%20Celestial%20Blue%20Glass%20Flake%2001.jpg
http://www.wikidata.org/entity/Q15140120,Lexus RC,http://www.wikidata.org/entity/Q3231690,модель автомобиля,http://www.wikidata.org/entity/Q53268,Toyota,Франция,,Lexus IS (XE20),,4710,1845,1395,,http://commons.wikimedia.org/wiki/Special:FilePath/Lexus%20RC%20F%20XC10%20FL%20Radiant%20Red%20%281%29%20%28cropped%29.jpg
http://www.wikidata.org/entity/Q660273,Lexus RX,http://www.wikidata.org/entity/Q3231690,модель автомобиля,http://www.wikidata.org/entity/Q53268,Toyota,Франция,,,,,,,,http://commons.wikimedia.org/wiki/Special:FilePath/2023%20Lexus%20RX%20350%20Premium%20Plus%20in%20Matador%20Red%20Mica%2C%20front%20left.jpg
http://www.wikidata.org/entity/Q2504355,Lexus RX 400h,http://www.wikidata.org/entity/Q3231690,модель автомобиля,http://www.wikidata.org/entity/Q53268,Toyota,Франция,,,,4775,1845,1690,2205,http://commons.wikimedia.org/wiki/Special:FilePath/Toyota%20Harrier%20Hybrid%2001.JPG
http://www.wikidata.org/entity/Q65028463,Lexus RX L,http://www.wikidata.org/entity/Q3231690,модель автомобиля,http://www.wikidata.org/entity/Q53268,Toyota,Франция,,,Lexus TX,5000,1895,1720,,http://commons.wikimedia.org/wiki/Special:FilePath/LEXUS%20RX%20450h%20L%20%28AL20%29%20China%20%285%29.jpg
http://www.wikidata.org/entity/Q110123748,Lexus RZ,http://www.wikidata.org/entity/Q3231690,модель автомобиля,http://www.wikidata.org/entity/Q53268,Toyota,Франция,,,,4805,1895,1635,,http://commons.wikimedia.org/wiki/Special:FilePath/2023%20Lexus%20RZ%20450e%20in%20Ether%2C%20front%20left.jpg
http://www.wikidata.org/entity/Q1077526,Lexus SC,http://www.wikidata.org/entity/Q3231690,модель автомобиля,http://www.wikidata.org/entity/Q53268,Toyota,Франция,,,Lexus LC,4859,,,,http://commons.wikimedia.org/wiki/Special:FilePath/Lexus%20SC%20430%202006%20%2833532284816%29.jpg
http://www.wikidata.org/entity/Q119268467,Lexus TX,http://www.wikidata.org/entity/Q3231690,модель автомобиля,http://www.wikidata.org/entity/Q53268,Toyota,Франция,,Lexus RX L,,5160,1990,1780,,http://commons.wikimedia.org/wiki/Special:FilePath/Lexus%20TX%20550h%2B%20%282024%29%20%2853626567768%29.jpg
http://www.wikidata.org/entity/Q50379353,Lexus UX,http://www.wikidata.org/entity/Q3231690,модель автомобиля,http://www.wikidata.org/entity/Q53268,Toyota,Франция,,,,4495,1840,1520,,http://commons.wikimedia.org/wiki/Special:FilePath/2020%20Lexus%20UX%20250h%20F%20Sport%20CVT%204X2%202.0%20Front.jpg
http://www.wikidata.org/entity/Q1577574,Scion tC,http://www.wikidata.org/entity/Q3231690,модель автомобиля,http://www.wikidata.org/entity/Q53268,Toyota,Франция,,Toyota Celica,,4420,,,,http://commons.wikimedia.org/wiki/Special:FilePath/CT2007SciontC.jpg
http://www.wikidata.org/entity/Q2732379,Scion xB,http://www.wikidata.org/entity/Q3231690,модель автомобиля,http://www.wikidata.org/entity/Q53268,Toyota,Франция,,,Toyota Auris,4249,,,,http://commons.wikimedia.org/wiki/Special:FilePath/2008%20Scion%20xB.jpg
http://www.wikidata.org/entity/Q106798021,Subaru Solterra,http://www.wikidata.org/entity/Q3231690,модель автомобиля,http://www.wikidata.org/entity/Q53268,Toyota,Франция,,,Toyota bZ4X,4690,1860,1650,,http://commons.wikimedia.org/wiki/Special:FilePath/2026%20Subaru%20Solterra%20Auto%20Zuerich%202025%20DSC%203434.jpg
http://www.wikidata.org/entity/Q133885141,Subaru Trailseeker,http://www.wikidata.org/entity/Q3231690,модель автомобиля,http://www.wikidata.org/entity/Q53268,Toyota,Франция,,,,,,,,http://commons.wikimedia.org/wiki/Special:FilePath/2026%20Subaru%20Trailseeker%20%28Prototype%29%20at%20the%202025%20NYC%20Auto%20Show.jpg
http://www.wikidata.org/entity/Q97594498,Suzuki Across,http://www.wikidata.org/entity/Q3231690,модель автомобиля,http://www.wikidata.org/entity/Q53268,Toyota,Франция,,,,,,,,http://commons.wikimedia.org/wiki/Special:FilePath/2020%20Suzuki%20Across%20E-Four%202.5.jpg
http://www.wikidata.org/entity/Q7651293,Suzuki Landy,http://www.wikidata.org/entity/Q3231690,модель автомобиля,http://www.wikidata.org/entity/Q53268,Toyota,Франция,,Suzuki Every Landy,,,,,,http://commons.wikimedia.org/wiki/Special:FilePath/2020-2022%20Suzuki%20Landy.jpg
http://www.wikidata.org/entity/Q99521727,Suzuki Swace,http://www.wikidata.org/entity/Q3231690,модель автомобиля,http://www.wikidata.org/entity/Q53268,Toyota,Франция,,,,4630,1790,1435,,http://commons.wikimedia.org/wiki/Special:FilePath/Suzuki%20Swace%201X7A0433.jpg
http://www.wikidata.org/entity/Q7830710,Toyopet Master,http://www.wikidata.org/entity/Q3231690,модель автомобиля,http://www.wikidata.org/entity/Q53268,Toyota,Франция,,Toyota SA,Toyota Corona,,,,,http://commons.wikimedia.org/wiki/Special:FilePath/1955%20Toyopet%20Master%2001.jpg
http://www.wikidata.org/entity/Q1324772,Toyota 2000GT,http://www.wikidata.org/entity/Q3231690,модель автомобиля,http://www.wikidata.org/entity/Q53268,Toyota,Франция,,,,4175,1600,1170,1145,http://commons.wikimedia.org/wiki/Special:FilePath/TOYOTA%202000GT.jpg
http://www.wikidata.org/entity/Q1342063,Toyota 4Runner,http://www.wikidata.org/entity/Q3231690,модель автомобиля,http://www.wikidata.org/entity/Q53268,Toyota,Франция,,Toyota Trekker,Toyota Fortuner,,,,,http://commons.wikimedia.org/wiki/Special:FilePath/Toyota%204Runner%202.4T%20SR5%202025.jpg
http://www.wikidata.org/entity/Q946724,Toyota AA,http://www.wikidata.org/entity/Q3231690,модель автомобиля,http://www.wikidata.org/entity/Q53268,Toyota,Франция,,,,,,,,http://commons.wikimedia.org/wiki/Special:FilePath/Toyota%20Model%20AA.jpg
http://www.wikidata.org/entity/Q1197010,Toyota Allion,http://www.wikidata.org/entity/Q3231690,модель автомобиля,http://www.wikidata.org/entity/Q53268,Toyota,Франция,,Toyota Carina,,4565,1695,,,http://commons.wikimedia.org/wiki/Special:FilePath/2001-2004%20Toyota%20Allion.jpg
http://www.wikidata.org/entity/Q1582046,Toyota Alphard,http://www.wikidata.org/entity/Q3231690,модель автомобиля,http://www.wikidata.org/entity/Q53268,Toyota,Франция,,Toyota Granvia,,,,,,http://commons.wikimedia.org/wiki/Special:FilePath/Toyota%20ALPHARD%20HYBRID%20Executive%20Lounge%20E-Four%20%286AA-AAHH45W-PFXVB%29%20front.jpg
http://www.wikidata.org/entity/Q1582046,Toyota Alphard,http://www.wikidata.org/entity/Q3231690,модель автомобиля,http://www.wikidata.org/entity/Q53268,Toyota,Франция,,Toyota Grand HiAce,,,,,,http://commons.wikimedia.org/wiki/Special:FilePath/Toyota%20ALPHARD%20HYBRID%20Executive%20Lounge%20E-Four%20%286AA-AAHH45W-PFXVB%29%20front.jpg
http://www.wikidata.org/entity/Q11278978,Toyota Altezza,http://www.wikidata.org/entity/Q3231690,модель автомобиля,http://www.wikidata.org/entity/Q53268,Toyota,Франция,,,Lexus IS,,,,,http://commons.wikimedia.org/wiki/Special:FilePath/Toyota%20Altezza%20sedan.jpg
http://www.wikidata.org/entity/Q3041602,Toyota Aqua,http://www.wikidata.org/entity/Q3231690,модель автомобиля,http://www.wikidata.org/entity/Q53268,Toyota,Франция,,,,3995,1690,1450,,http://commons.wikimedia.org/wiki/Special:FilePath/2018%20Toyota%20Prius%20c%20%28NHP10R%29%20hatchback%20%282018-10-29%29%2001.jpg
http://www.wikidata.org/entity/Q107570784,Toyota Aqua,http://www.wikidata.org/entity/Q3231690,модель автомобиля,http://www.wikidata.org/entity/Q53268,Toyota,Франция,,,,,1695,,,http://commons.wikimedia.org/wiki/Special:FilePath/Toyota%20Aqua%20101%20%28cropped%29.JPG
http://www.wikidata.org/entity/Q11321627,Toyota Aristo,http://www.wikidata.org/entity/Q3231690,модель автомобиля,http://www.wikidata.org/entity/Q53268,Toyota,Франция,,,Lexus GS,,,,,http://commons.wikimedia.org/wiki/Special:FilePath/1999%20Toyota%20Aristo%20V300%20Vertex%20Edition%203.0%20Front.jpg
http://www.wikidata.org/entity/Q7830747,Toyota Aurion (XV40),http://www.wikidata.org/entity/Q3231690,модель автомобиля,http://www.wikidata.org/entity/Q53268,Toyota,Франция,,,Toyota Aurion,,,,,http://commons.wikimedia.org/wiki/Special:FilePath/2007%20Toyota%20Aurion%20Prodigy%2006%20%28edit%205%29.jpg
http://www.wikidata.org/entity/Q818614,Toyota Auris,http://www.wikidata.org/entity/Q3231690,модель автомобиля,http://www.wikidata.org/entity/Q53268,Toyota,Франция,,Toyota Allex,Toyota Corolla (E210),,,,,http://commons.wikimedia.org/wiki/Special:FilePath/Toyota%20Auris%201.6%20Life%2B%20%28Facelift%29%20%E2%80%93%20Frontansicht%2C%2021.%20Juni%202011%2C%20Ratingen.jpg
http://www.wikidata.org/entity/Q818614,Toyota Auris,http://www.wikidata.org/entity/Q3231690,модель автомобиля,http://www.wikidata.org/entity/Q53268,Toyota,Франция,,Toyota Blade,Toyota Corolla (E210),,,,,http://commons.wikimedia.org/wiki/Special:FilePath/Toyota%20Auris%201.6%20Life%2B%20%28Facelift%29%20%E2%80%93%20Frontansicht%2C%2021.%20Juni%202011%2C%20Ratingen.jpg
http://www.wikidata.org/entity/Q1417715,Toyota Avalon,http://www.wikidata.org/entity/Q3231690,модель автомобиля,http://www.wikidata.org/entity/Q53268,Toyota,Франция,,Toyota Cressida,Toyota Aurion,,,,,http://commons.wikimedia.org/wiki/Special:FilePath/TOYOTA%20AVALON%20China%20%2873%29.jpg
http://www.wikidata.org/entity/Q1417715,Toyota Avalon,http://www.wikidata.org/entity/Q3231690,модель автомобиля,http://www.wikidata.org/entity/Q53268,Toyota,Франция,,Toyota Camry (XV20),Toyota Aurion,,,,,http://commons.wikimedia.org/wiki/Special:FilePath/TOYOTA%20AVALON%20China%20%2873%29.jpg
http://www.wikidata.org/entity/Q1417715,Toyota Avalon,http://www.wikidata.org/entity/Q3231690,модель автомобиля,http://www.wikidata.org/entity/Q53268,Toyota,Франция,,Toyota Cressida,Toyota Pronard,,,,,http://commons.wikimedia.org/wiki/Special:FilePath/TOYOTA%20AVALON%20China%20%2873%29.jpg
http://www.wikidata.org/entity/Q1417715,Toyota Avalon,http://www.wikidata.org/entity/Q3231690,модель автомобиля,http://www.wikidata.org/entity/Q53268,Toyota,Франция,,Toyota Camry (XV20),Toyota Pronard,,,,,http://commons.wikimedia.org/wiki/Special:FilePath/TOYOTA%20AVALON%20China%20%2873%29.jpg
http://www.wikidata.org/entity/Q1417715,Toyota Avalon,http://www.wikidata.org/entity/Q3231690,модель автомобиля,http://www.wikidata.org/entity/Q53268,Toyota,Франция,,Toyota Cressida,Toyota Crown Crossover,,,,,http://commons.wikimedia.org/wiki/Special:FilePath/TOYOTA%20AVALON%20China%20%2873%29.jpg
http://www.wikidata.org/entity/Q1417715,Toyota Avalon,http://www.wikidata.org/entity/Q3231690,модель автомобиля,http://www.wikidata.org/entity/Q53268,Toyota,Франция,,Toyota Camry (XV20),Toyota Crown Crossover,,,,,http://commons.wikimedia.org/wiki/Special:FilePath/TOYOTA%20AVALON%20China%20%2873%29.jpg
http://www.wikidata.org/entity/Q820031,Toyota Avensis,http://www.wikidata.org/entity/Q3231690,модель автомобиля,http://www.wikidata.org/entity/Q53268,Toyota,Франция,,Toyota Corona,Toyota Camry (XV70),4630,,,,http://commons.wikimedia.org/wiki/Special:FilePath/2017%20Toyota%20Avensis%20Business%20Edition%20facelift%202.0%20Front.jpg
http://www.wikidata.org/entity/Q820031,Toyota Avensis,http://www.wikidata.org/entity/Q3231690,модель автомобиля,http://www.wikidata.org/entity/Q53268,Toyota,Франция,,Toyota Vista,Toyota Camry (XV70),4630,,,,http://commons.wikimedia.org/wiki/Special:FilePath/2017%20Toyota%20Avensis%20Business%20Edition%20facelift%202.0%20Front.jpg
http://www.wikidata.org/entity/Q825358,Toyota Aygo,http://www.wikidata.org/entity/Q3231690,модель автомобиля,http://www.wikidata.org/entity/Q53268,Toyota,Франция,,,Toyota Aygo X,,1615,,,http://commons.wikimedia.org/wiki/Special:FilePath/Toyota%20Aygo%202018.jpg
http://www.wikidata.org/entity/Q825358,Toyota Aygo,http://www.wikidata.org/entity/Q3231690,модель автомобиля,http://www.wikidata.org/entity/Q53268,Toyota,Франция,,,Toyota Agya,,1615,,,http://commons.wikimedia.org/wiki/Special:FilePath/Toyota%20Aygo%202018.jpg
http://www.wikidata.org/entity/Q108861786,Toyota Aygo X,http://www.wikidata.org/entity/Q3231690,модель автомобиля,http://www.wikidata.org/entity/Q53268,Toyota,Франция,,Toyota Aygo,,3700,1740,1525,940,http://commons.wikimedia.org/wiki/Special:FilePath/Toyota%20Aygo%20X%20Hybrid%20IMG%204367.jpg
http://www.wikidata.org/entity/Q25377587,Toyota Bandeirante,http://www.wikidata.org/entity/Q3231690,модель автомобиля,http://www.wikidata.org/entity/Q53268,Toyota,Франция,,,Toyota Land Cruiser (J70),,,,,http://commons.wikimedia.org/wiki/Special:FilePath/TBJ40.JPG
http://www.wikidata.org/entity/Q2299889,Toyota Belta,http://www.wikidata.org/entity/Q3231690,модель автомобиля,http://www.wikidata.org/entity/Q53268,Toyota,Франция,,Toyota Platz,Toyota Vios,4300,1690,1460,,http://commons.wikimedia.org/wiki/Special:FilePath/2005%20Toyota%20Belta%2001.jpg
http://www.wikidata.org/entity/Q2299889,Toyota Belta,http://www.wikidata.org/entity/Q3231690,модель автомобиля,http://www.wikidata.org/entity/Q53268,Toyota,Франция,,Toyota Platz,Toyota Yaris (XP150),4300,1690,1460,,http://commons.wikimedia.org/wiki/Special:FilePath/2005%20Toyota%20Belta%2001.jpg
http://www.wikidata.org/entity/Q2299889,Toyota Belta,http://www.wikidata.org/entity/Q3231690,модель автомобиля,http://www.wikidata.org/entity/Q53268,Toyota,Франция,,Toyota Platz,Toyota Vios,4490,1690,1460,,http://commons.wikimedia.org/wiki/Special:FilePath/2005%20Toyota%20Belta%2001.jpg
http://www.wikidata.org/entity/Q2299889,Toyota Belta,http://www.wikidata.org/entity/Q3231690,модель автомобиля,http://www.wikidata.org/entity/Q53268,Toyota,Франция,,Toyota Platz,Toyota Yaris (XP150),4490,1690,1460,,http://commons.wikimedia.org/wiki/Special:FilePath/2005%20Toyota%20Belta%2001.jpg
http://www.wikidata.org/entity/Q2299889,Toyota Belta,http://www.wikidata.org/entity/Q3231690,модель автомобиля,http://www.wikidata.org/entity/Q53268,Toyota,Франция,,Toyota Platz,Toyota Vios,4300,1730,1460,,http://commons.wikimedia.org/wiki/Special:FilePath/2005%20Toyota%20Belta%2001.jpg
http://www.wikidata.org/entity/Q2299889,Toyota Belta,http://www.wikidata.org/entity/Q3231690,модель автомобиля,http://www.wikidata.org/entity/Q53268,Toyota,Франция,,Toyota Platz,Toyota Yaris (XP150),4300,1730,1460,,http://commons.wikimedia.org/wiki/Special:FilePath/2005%20Toyota%20Belta%2001.jpg
http://www.wikidata.org/entity/Q2299889,Toyota Belta,http://www.wikidata.org/entity/Q3231690,модель автомобиля,http://www.wikidata.org/entity/Q53268,Toyota,Франция,,Toyota Platz,Toyota Vios,4490,1730,1460,,http://commons.wikimedia.org/wiki/Special:FilePath/2005%20Toyota%20Belta%2001.jpg
http://www.wikidata.org/entity/Q2299889,Toyota Belta,http://www.wikidata.org/entity/Q3231690,модель автомобиля,http://www.wikidata.org/entity/Q53268,Toyota,Франция,,Toyota Platz,Toyota Yaris (XP150),4490,1730,1460,,http://commons.wikimedia.org/wiki/Special:FilePath/2005%20Toyota%20Belta%2001.jpg
http://www.wikidata.org/entity/Q2299889,Toyota Belta,http://www.wikidata.org/entity/Q3231690,модель автомобиля,http://www.wikidata.org/entity/Q53268,Toyota,Франция,,Toyota Platz,Toyota Vios,4300,1690,1485,,http://commons.wikimedia.org/wiki/Special:FilePath/2005%20Toyota%20Belta%2001.jpg
http://www.wikidata.org/entity/Q2299889,Toyota Belta,http://www.wikidata.org/entity/Q3231690,модель автомобиля,http://www.wikidata.org/entity/Q53268,Toyota,Франция,,Toyota Platz,Toyota Yaris (XP150),4300,1690,1485,,http://commons.wikimedia.org/wiki/Special:FilePath/2005%20Toyota%20Belta%2001.jpg
http://www.wikidata.org/entity/Q2299889,Toyota Belta,http://www.wikidata.org/entity/Q3231690,модель автомобиля,http://www.wikidata.org/entity/Q53268,Toyota,Франция,,Toyota Platz,Toyota Vios,4490,1690,1485,,http://commons.wikimedia.org/wiki/Special:FilePath/2005%20Toyota%20Belta%2001.jpg
http://www.wikidata.org/entity/Q2299889,Toyota Belta,http://www.wikidata.org/entity/Q3231690,модель автомобиля,http://www.wikidata.org/entity/Q53268,Toyota,Франция,,Toyota Platz,Toyota Yaris (XP150),4490,1690,1485,,http://commons.wikimedia.org/wiki/Special:FilePath/2005%20Toyota%20Belta%2001.jpg
http://www.wikidata.org/entity/Q2299889,Toyota Belta,http://www.wikidata.org/entity/Q3231690,модель автомобиля,http://www.wikidata.org/entity/Q53268,Toyota,Франция,,Toyota Platz,Toyota Vios,4300,1730,1485,,http://commons.wikimedia.org/wiki/Special:FilePath/2005%20Toyota%20Belta%2001.jpg
http://www.wikidata.org/entity/Q2299889,Toyota Belta,http://www.wikidata.org/entity/Q3231690,модель автомобиля,http://www.wikidata.org/entity/Q53268,Toyota,Франция,,Toyota Platz,Toyota Yaris (XP150),4300,1730,1485,,http://commons.wikimedia.org/wiki/Special:FilePath/2005%20Toyota%20Belta%2001.jpg
http://www.wikidata.org/entity/Q2299889,Toyota Belta,http://www.wikidata.org/entity/Q3231690,модель автомобиля,http://www.wikidata.org/entity/Q53268,Toyota,Франция,,Toyota Platz,Toyota Vios,4490,1730,1485,,http://commons.wikimedia.org/wiki/Special:FilePath/2005%20Toyota%20Belta%2001.jpg
http://www.wikidata.org/entity/Q2299889,Toyota Belta,http://www.wikidata.org/entity/Q3231690,модель автомобиля,http://www.wikidata.org/entity/Q53268,Toyota,Франция,,Toyota Platz,Toyota Yaris (XP150),4490,1730,1485,,http://commons.wikimedia.org/wiki/Special:FilePath/2005%20Toyota%20Belta%2001.jpg
http://www.wikidata.org/entity/Q3536047,Toyota Blade,http://www.wikidata.org/entity/Q3231690,модель автомобиля,http://www.wikidata.org/entity/Q53268,Toyota,Франция,,Toyota Allex,Toyota Auris,4260,1760,1515,1400,http://commons.wikimedia.org/wiki/Special:FilePath/Toyota-blade%2020061221.jpg
http://www.wikidata.org/entity/Q2447069,Toyota Blizzard,http://www.wikidata.org/entity/Q3231690,модель автомобиля,http://www.wikidata.org/entity/Q53268,Toyota,Франция,,,,,,,,http://commons.wikimedia.org/wiki/Special:FilePath/Toyota%20Blizzard%20Wagon%20SX-5.jpg
http://www.wikidata.org/entity/Q2068073,Toyota Brevis,http://www.wikidata.org/entity/Q3231690,модель автомобиля,http://www.wikidata.org/entity/Q53268,Toyota,Франция,,,,4550,1720,,,http://commons.wikimedia.org/wiki/Special:FilePath/Toyota%20Brevis%2002.jpg
http://www.wikidata.org/entity/Q85810359,Toyota C+pod,http://www.wikidata.org/entity/Q3231690,модель автомобиля,http://www.wikidata.org/entity/Q53268,Toyota,Франция,,,,2490,1290,1550,,http://commons.wikimedia.org/wiki/Special:FilePath/Toyota%20C%2Bpod%20G%20RMV12.jpg
http://www.wikidata.org/entity/Q133261546,Toyota C-HR+,http://www.wikidata.org/entity/Q3231690,модель автомобиля,http://www.wikidata.org/entity/Q53268,Toyota,Франция,,,,4520,1870,1595,,http://commons.wikimedia.org/wiki/Special:FilePath/Toyota%20C-HR%2B%20Auto%20Zuerich%202025%20DSC%203056.jpg
http://www.wikidata.org/entity/Q24732059,Toyota CH-R,http://www.wikidata.org/entity/Q3231690,модель автомобиля,http://www.wikidata.org/entity/Q53268,Toyota,Франция,,,,4360,1795,1550,1380,http://commons.wikimedia.org/wiki/Special:FilePath/Toyota%20C-HR%20hybrid%20II%20GR%20Sport%201X7A1663.jpg
http://www.wikidata.org/entity/Q1420682,Toyota Caldina,http://www.wikidata.org/entity/Q3231690,модель автомобиля,http://www.wikidata.org/entity/Q53268,Toyota,Франция,,Toyota Corona,Toyota Avensis,,,,,http://commons.wikimedia.org/wiki/Special:FilePath/2005%20Toyota%20Caldina%2001.jpg
http://www.wikidata.org/entity/Q860065,Toyota Camry (XV10),http://www.wikidata.org/entity/Q3231690,модель автомобиля,http://www.wikidata.org/entity/Q53268,Toyota,Франция,,,Toyota Camry (XV20),,,,,http://commons.wikimedia.org/wiki/Special:FilePath/1994-1995%20Toyota%20Camry%20Vienta%20%28VDV10%29%20CSX%20sedan%20%282011-04-02%29.jpg
http://www.wikidata.org/entity/Q7830759,Toyota Camry (XV20),http://www.wikidata.org/entity/Q3231690,модель автомобиля,http://www.wikidata.org/entity/Q53268,Toyota,Франция,,Toyota Camry (XV10),Toyota Avalon,,,,,http://commons.wikimedia.org/wiki/Special:FilePath/1997-1999%20Toyota%20Camry.jpg
http://www.wikidata.org/entity/Q7830759,Toyota Camry (XV20),http://www.wikidata.org/entity/Q3231690,модель автомобиля,http://www.wikidata.org/entity/Q53268,Toyota,Франция,,Toyota Camry (XV10),Toyota Camry (XV30),,,,,http://commons.wikimedia.org/wiki/Special:FilePath/1997-1999%20Toyota%20Camry.jpg
http://www.wikidata.org/entity/Q7830761,Toyota Camry (XV30),http://www.wikidata.org/entity/Q3231690,модель автомобиля,http://www.wikidata.org/entity/Q53268,Toyota,Франция,,Toyota Camry (XV20),Toyota Aurion,,,,,http://commons.wikimedia.org/wiki/Special:FilePath/2005-2006%20Toyota%20Camry%20%28MCV36R%29%20Altise%20Limited%20sedan%2003.jpg
http://www.wikidata.org/entity/Q7830761,Toyota Camry (XV30),http://www.wikidata.org/entity/Q3231690,модель автомобиля,http://www.wikidata.org/entity/Q53268,Toyota,Франция,,Toyota Camry (XV20),Toyota Camry (XV40),,,,,http://commons.wikimedia.org/wiki/Special:FilePath/2005-2006%20Toyota%20Camry%20%28MCV36R%29%20Altise%20Limited%20sedan%2003.jpg
http://www.wikidata.org/entity/Q7830762,Toyota Camry (XV40),http://www.wikidata.org/entity/Q3231690,модель автомобиля,http://www.wikidata.org/entity/Q53268,Toyota,Франция,,Toyota Camry (XV30),Toyota Camry (XV50),,,,,http://commons.wikimedia.org/wiki/Special:FilePath/2006-2009%20Toyota%20Camry%20%28ACV40R%29%20Altise%20sedan%2005.jpg
http://www.wikidata.org/entity/Q104541218,Toyota Camry (XV70),http://www.wikidata.org/entity/Q3231690,модель автомобиля,http://www.wikidata.org/entity/Q53268,Toyota,Франция,,Toyota Avensis,Toyota Camry (XV80),4880,1840,1450,,http://commons.wikimedia.org/wiki/Special:FilePath/2018%20Toyota%20Camry%20%28ASV70R%29%20Ascent%20sedan%20%282018-08-27%29%2001.jpg
http://www.wikidata.org/entity/Q104541218,Toyota Camry (XV70),http://www.wikidata.org/entity/Q3231690,модель автомобиля,http://www.wikidata.org/entity/Q53268,Toyota,Франция,,Toyota Camry (XV50),Toyota Camry (XV80),4880,1840,1450,,http://commons.wikimedia.org/wiki/Special:FilePath/2018%20Toyota%20Camry%20%28ASV70R%29%20Ascent%20sedan%20%282018-08-27%29%2001.jpg
http://www.wikidata.org/entity/Q4119859,Toyota Camry Hybrid,http://www.wikidata.org/entity/Q3231690,модель автомобиля,http://www.wikidata.org/entity/Q53268,Toyota,Франция,,,,,,,,http://commons.wikimedia.org/wiki/Special:FilePath/Toyota%20Camry%20Hybrid.jpg
http://www.wikidata.org/entity/Q2001711,Toyota Camry Solara,http://www.wikidata.org/entity/Q3231690,модель автомобиля,http://www.wikidata.org/entity/Q53268,Toyota,Франция,,Toyota Camry,,,,,,http://commons.wikimedia.org/wiki/Special:FilePath/2006%20Toyota%20Solara%20SLE%20V6%20Coupe%20in%20Black%2C%20Front%20Right%2C%2008-29-2022.jpg
http://www.wikidata.org/entity/Q1068992,Toyota Carina,http://www.wikidata.org/entity/Q3231690,модель автомобиля,http://www.wikidata.org/entity/Q53268,Toyota,Франция,,,Toyota Allion,,,,,http://commons.wikimedia.org/wiki/Special:FilePath/1978Carina.jpg
http://www.wikidata.org/entity/Q1068992,Toyota Carina,http://www.wikidata.org/entity/Q3231690,модель автомобиля,http://www.wikidata.org/entity/Q53268,Toyota,Франция,,,Toyota Allion,,,,,http://commons.wikimedia.org/wiki/Special:FilePath/1998-2001%20Toyota%20Carina.jpg
http://www.wikidata.org/entity/Q1068992,Toyota Carina,http://www.wikidata.org/entity/Q3231690,модель автомобиля,http://www.wikidata.org/entity/Q53268,Toyota,Франция,,,Toyota Allion,,,,,http://commons.wikimedia.org/wiki/Special:FilePath/Toyota%20Carina%20Bj%20ca%201971%20photo%202008%20Castle%20Hedingham.JPG
http://www.wikidata.org/entity/Q1068992,Toyota Carina,http://www.wikidata.org/entity/Q3231690,модель автомобиля,http://www.wikidata.org/entity/Q53268,Toyota,Франция,,,Toyota Allion,,,,,http://commons.wikimedia.org/wiki/Special:FilePath/Toyota%20Carina%20E.jpg
http://www.wikidata.org/entity/Q1068992,Toyota Carina,http://www.wikidata.org/entity/Q3231690,модель автомобиля,http://www.wikidata.org/entity/Q53268,Toyota,Франция,,,Toyota Allion,,,,,http://commons.wikimedia.org/wiki/Special:FilePath/Toyota%20Carina%20II%20front%2020070928.jpg
http://www.wikidata.org/entity/Q1068992,Toyota Carina,http://www.wikidata.org/entity/Q3231690,модель автомобиля,http://www.wikidata.org/entity/Q53268,Toyota,Франция,,,Toyota Allion,,,,,http://commons.wikimedia.org/wiki/Special:FilePath/Toyota%20carina%20st162.jpg
http://www.wikidata.org/entity/Q1068992,Toyota Carina,http://www.wikidata.org/entity/Q3231690,модель автомобиля,http://www.wikidata.org/entity/Q53268,Toyota,Франция,,,Toyota Allion,,,,,http://commons.wikimedia.org/wiki/Special:FilePath/Toyota%20Carina%20Wagon%20KA-67%20%281984%29.jpg
http://www.wikidata.org/entity/Q1538473,Toyota Carina ED,http://www.wikidata.org/entity/Q3231690,модель автомобиля,http://www.wikidata.org/entity/Q53268,Toyota,Франция,,,,,,,,http://commons.wikimedia.org/wiki/Special:FilePath/Toyota%20carinaed%20st202%20xexcitingversion%201%20f.jpg
http://www.wikidata.org/entity/Q7830767,Toyota Carina II,http://www.wikidata.org/entity/Q3231690,модель автомобиля,http://www.wikidata.org/entity/Q53268,Toyota,Франция,,,Toyota Corona,,,,,http://commons.wikimedia.org/wiki/Special:FilePath/Toyota%20Carina%20II%20front%2020071025.jpg
http://www.wikidata.org/entity/Q111286092,Toyota Celica Camry,http://www.wikidata.org/entity/Q3231690,модель автомобиля,http://www.wikidata.org/entity/Q53268,Toyota,Франция,,,,4595,1695,1410,,http://commons.wikimedia.org/wiki/Special:FilePath/%D0%A2%D0%BE%D0%B9%D0%BE%D1%82%D0%B0%20Celica%20Camry%20%D1%81%D0%B5%D0%B4%D0%B0%D0%BD%20%D0%AF%D0%BF%D0%BE%D0%BD%D0%B8%D1%8F%20%D1%81%D0%BF%D0%B5%D1%86%D0%B8%D1%84%D0%B8%D0%BA%D0%B0%D1%86%D0%B8%D0%B8.jpg
http://www.wikidata.org/entity/Q2437169,Toyota Celica GT-Four,http://www.wikidata.org/entity/Q3231690,модель автомобиля,http://www.wikidata.org/entity/Q53268,Toyota,Франция,,,,,,,,http://commons.wikimedia.org/wiki/Special:FilePath/CelicaST185GT4APuenteHills.jpg
http://www.wikidata.org/entity/Q11278975,Toyota Celsior,http://www.wikidata.org/entity/Q3231690,модель автомобиля,http://www.wikidata.org/entity/Q53268,Toyota,Франция,,,Lexus LS,,,,,http://commons.wikimedia.org/wiki/Special:FilePath/2003%20Toyota%20Celsior.jpg
http://www.wikidata.org/entity/Q1165401,Toyota Century,http://www.wikidata.org/entity/Q3231690,модель автомобиля,http://www.wikidata.org/entity/Q53268,Toyota,Франция,,Toyota Crown Eight,,,,,,http://commons.wikimedia.org/wiki/Special:FilePath/2000-2004%20Toyota%20Century%205.0%20TA-GZG50%20%2820241208%29.jpg
http://www.wikidata.org/entity/Q1548366,Toyota Chaser,http://www.wikidata.org/entity/Q3231690,модель автомобиля,http://www.wikidata.org/entity/Q53268,Toyota,Франция,,,Toyota Verossa,,,,,http://commons.wikimedia.org/wiki/Special:FilePath/1996-1998%20Toyota%20Chaser.jpg
http://www.wikidata.org/entity/Q952364,Toyota Classic,http://www.wikidata.org/entity/Q3231690,модель автомобиля,http://www.wikidata.org/entity/Q53268,Toyota,Франция,,,,4885,1735,1650,1480,http://commons.wikimedia.org/wiki/Special:FilePath/Toyota%20Classic%20001.JPG
http://www.wikidata.org/entity/Q985607,Toyota Comfort,http://www.wikidata.org/entity/Q3231690,модель автомобиля,http://www.wikidata.org/entity/Q53268,Toyota,Франция,,Toyota Crown,Toyota JPN Taxi,4590,1695,1515,1555,http://commons.wikimedia.org/wiki/Special:FilePath/Aichi%20Driving%20School%20Car%2020160925-01.jpg
http://www.wikidata.org/entity/Q985607,Toyota Comfort,http://www.wikidata.org/entity/Q3231690,модель автомобиля,http://www.wikidata.org/entity/Q53268,Toyota,Франция,,Toyota Crown,Toyota JPN Taxi,4590,1695,1525,1555,http://commons.wikimedia.org/wiki/Special:FilePath/Aichi%20Driving%20School%20Car%2020160925-01.jpg
http://www.wikidata.org/entity/Q921838,Toyota Corolla (E110),http://www.wikidata.org/entity/Q3231690,модель автомобиля,http://www.wikidata.org/entity/Q53268,Toyota,Франция,,toyota corolla g-touring wagon,Toyota Allex,,,,,http://commons.wikimedia.org/wiki/Special:FilePath/1995%20Toyota%20Corolla%2001.jpg
http://www.wikidata.org/entity/Q921838,Toyota Corolla (E110),http://www.wikidata.org/entity/Q3231690,модель автомобиля,http://www.wikidata.org/entity/Q53268,Toyota,Франция,,toyota corolla g-touring wagon,Toyota Corolla Altis,,,,,http://commons.wikimedia.org/wiki/Special:FilePath/1995%20Toyota%20Corolla%2001.jpg
http://www.wikidata.org/entity/Q14517244,Toyota Corolla (E160),http://www.wikidata.org/entity/Q3231690,модель автомобиля,http://www.wikidata.org/entity/Q53268,Toyota,Франция,,тойота королла Е140,Toyota Corolla (E210),4400,1695,1460,,http://commons.wikimedia.org/wiki/Special:FilePath/Toyota%20Corolla%20Axio%20%28E160%29%20front.JPG
http://www.wikidata.org/entity/Q16879264,Toyota Corolla (E170/E180),http://www.wikidata.org/entity/Q3231690,модель автомобиля,http://www.wikidata.org/entity/Q53268,Toyota,Франция,,тойота королла Е140,Toyota Corolla (E210),4620,1775,1455,,http://commons.wikimedia.org/wiki/Special:FilePath/Toyota%20Corolla%20Style%20%282016%20European%20version%29.jpg
http://www.wikidata.org/entity/Q55533476,Toyota Corolla (E210),http://www.wikidata.org/entity/Q3231690,модель автомобиля,http://www.wikidata.org/entity/Q53268,Toyota,Франция,,Toyota Auris,,,,,,http://commons.wikimedia.org/wiki/Special:FilePath/2018%20Toyota%20Corolla%20%28MZEA12R%29%20Ascent%20Sport%20hatchback%20%282018-10-01%29%2001.jpg
http://www.wikidata.org/entity/Q55533476,Toyota Corolla (E210),http://www.wikidata.org/entity/Q3231690,модель автомобиля,http://www.wikidata.org/entity/Q53268,Toyota,Франция,,Toyota Corolla Axio,,,,,,http://commons.wikimedia.org/wiki/Special:FilePath/2018%20Toyota%20Corolla%20%28MZEA12R%29%20Ascent%20Sport%20hatchback%20%282018-10-01%29%2001.jpg
http://www.wikidata.org/entity/Q55533476,Toyota Corolla (E210),http://www.wikidata.org/entity/Q3231690,модель автомобиля,http://www.wikidata.org/entity/Q53268,Toyota,Франция,,Toyota Corolla (E160),,,,,,http://commons.wikimedia.org/wiki/Special:FilePath/2018%20Toyota%20Corolla%20%28MZEA12R%29%20Ascent%20Sport%20hatchback%20%282018-10-01%29%2001.jpg
http://www.wikidata.org/entity/Q55533476,Toyota Corolla (E210),http://www.wikidata.org/entity/Q3231690,модель автомобиля,http://www.wikidata.org/entity/Q53268,Toyota,Франция,,Toyota Corolla (E170/E180),,,,,,http://commons.wikimedia.org/wiki/Special:FilePath/2018%20Toyota%20Corolla%20%28MZEA12R%29%20Ascent%20Sport%20hatchback%20%282018-10-01%29%2001.jpg
http://www.wikidata.org/entity/Q55533476,Toyota Corolla (E210),http://www.wikidata.org/entity/Q3231690,модель автомобиля,http://www.wikidata.org/entity/Q53268,Toyota,Франция,,Toyota Corolla одиннадцатое поколение,,,,,,http://commons.wikimedia.org/wiki/Special:FilePath/2018%20Toyota%20Corolla%20%28MZEA12R%29%20Ascent%20Sport%20hatchback%20%282018-10-01%29%2001.jpg
http://www.wikidata.org/entity/Q1977620,Toyota Corolla (E90),http://www.wikidata.org/entity/Q3231690,модель автомобиля,http://www.wikidata.org/entity/Q53268,Toyota,Франция,,Toyota AE86,Toyota Cynos,,,,,http://commons.wikimedia.org/wiki/Special:FilePath/1991%20Toyota%20Corolla%20%28AE92%29%20CS%20sedan%20%282010-05-19%29.jpg
http://www.wikidata.org/entity/Q1977620,Toyota Corolla (E90),http://www.wikidata.org/entity/Q3231690,модель автомобиля,http://www.wikidata.org/entity/Q53268,Toyota,Франция,,Toyota Corolla (E80),Toyota Cynos,,,,,http://commons.wikimedia.org/wiki/Special:FilePath/1991%20Toyota%20Corolla%20%28AE92%29%20CS%20sedan%20%282010-05-19%29.jpg
http://www.wikidata.org/entity/Q1977620,Toyota Corolla (E90),http://www.wikidata.org/entity/Q3231690,модель автомобиля,http://www.wikidata.org/entity/Q53268,Toyota,Франция,,Toyota AE86,toyota corolla g-touring wagon,,,,,http://commons.wikimedia.org/wiki/Special:FilePath/1991%20Toyota%20Corolla%20%28AE92%29%20CS%20sedan%20%282010-05-19%29.jpg
http://www.wikidata.org/entity/Q1977620,Toyota Corolla (E90),http://www.wikidata.org/entity/Q3231690,модель автомобиля,http://www.wikidata.org/entity/Q53268,Toyota,Франция,,Toyota Corolla (E80),toyota corolla g-touring wagon,,,,,http://commons.wikimedia.org/wiki/Special:FilePath/1991%20Toyota%20Corolla%20%28AE92%29%20CS%20sedan%20%282010-05-19%29.jpg
http://www.wikidata.org/entity/Q11321636,Toyota Corolla AE (серия автомобилей),http://www.wikidata.org/entity/Q3231690,модель автомобиля,http://www.wikidata.org/entity/Q53268,Toyota,Франция,,,,,,,,http://commons.wikimedia.org/wiki/Special:FilePath/1997-2000%20Toyota%20Corolla%20Levin%20%28AE111%29%20BZ-R%20coupe%2001.jpg
http://www.wikidata.org/entity/Q1965031,Toyota Corolla Ceres / Sprinter Marino,http://www.wikidata.org/entity/Q3231690,модель автомобиля,http://www.wikidata.org/entity/Q53268,Toyota,Франция,,,,,,,,http://commons.wikimedia.org/wiki/Special:FilePath/1994%20Toyota%20Sprinter-Marino%2001.jpg
http://www.wikidata.org/entity/Q97094785,Toyota Corolla Cross,http://www.wikidata.org/entity/Q3231690,модель автомобиля,http://www.wikidata.org/entity/Q53268,Toyota,Франция,,Toyota Voltz,,4460,1825,1620,1325,http://commons.wikimedia.org/wiki/Special:FilePath/%28MYS-Kuala%20Lumpur%29%20Private%20Toyota%20Corolla%20Cross%20SB993%202025-01-28.jpg
http://www.wikidata.org/entity/Q4051648,Toyota Corolla Spacio,http://www.wikidata.org/entity/Q3231690,модель автомобиля,http://www.wikidata.org/entity/Q53268,Toyota,Франция,,,Toyota Passo Sette,,,,,http://commons.wikimedia.org/wiki/Special:FilePath/Toyota%20Corolla%20Spacio%20003.JPG
http://www.wikidata.org/entity/Q4051648,Toyota Corolla Spacio,http://www.wikidata.org/entity/Q3231690,модель автомобиля,http://www.wikidata.org/entity/Q53268,Toyota,Франция,,,Toyota Verso,,,,,http://commons.wikimedia.org/wiki/Special:FilePath/Toyota%20Corolla%20Spacio%20003.JPG
http://www.wikidata.org/entity/Q97495845,Toyota Corolla одиннадцатое поколение,http://www.wikidata.org/entity/Q3231690,модель автомобиля,http://www.wikidata.org/entity/Q53268,Toyota,Франция,,тойота королла Е140,Toyota Corolla (E210),,,,,http://commons.wikimedia.org/wiki/Special:FilePath/2015%20Toyota%20Corolla%20%28ZRE172R%29%20Ascent%20sedan%20%282015-11-11%29%2001.jpg
http://www.wikidata.org/entity/Q97495845,Toyota Corolla одиннадцатое поколение,http://www.wikidata.org/entity/Q3231690,модель автомобиля,http://www.wikidata.org/entity/Q53268,Toyota,Франция,,тойота королла Е140,Toyota Corolla (E210),,,,,http://commons.wikimedia.org/wiki/Special:FilePath/Toyota%20Corolla%20Axio%20%28E160%29%20front%20%28cropped%29.JPG
http://www.wikidata.org/entity/Q908827,Toyota Corona EXiV,http://www.wikidata.org/entity/Q3231690,модель автомобиля,http://www.wikidata.org/entity/Q53268,Toyota,Франция,,,,,,,,http://commons.wikimedia.org/wiki/Special:FilePath/Toyota%20Corona%20EXiV%20in%20White%2C%20front%20right.jpg
http://www.wikidata.org/entity/Q7692100,Toyota Corona Mark II,http://www.wikidata.org/entity/Q3231690,модель автомобиля,http://www.wikidata.org/entity/Q53268,Toyota,Франция,,Toyota Corona,Toyota Mark II,,,,,
http://www.wikidata.org/entity/Q1513025,Toyota Cressida,http://www.wikidata.org/entity/Q3231690,модель автомобиля,http://www.wikidata.org/entity/Q53268,Toyota,Франция,,,Toyota Avalon,4770,,,,http://commons.wikimedia.org/wiki/Special:FilePath/1991%20Toyota%20Cressida%20%28MX83R%29%20Grande%20sedan%20%282010-10-02%29%2001.jpg
http://www.wikidata.org/entity/Q1815602,Toyota Cresta,http://www.wikidata.org/entity/Q3231690,модель автомобиля,http://www.wikidata.org/entity/Q53268,Toyota,Франция,,,Toyota Verossa,,,,,http://commons.wikimedia.org/wiki/Special:FilePath/1980-1984%20Toyota%20Cresta%20%28X50%20X60%29%2001.jpg
http://www.wikidata.org/entity/Q11321637,Toyota Crown Eight,http://www.wikidata.org/entity/Q3231690,модель автомобиля,http://www.wikidata.org/entity/Q53268,Toyota,Франция,,,Toyota Century,4720,1845,1460,1375,http://commons.wikimedia.org/wiki/Special:FilePath/Toyota-CrownEight.jpg
http://www.wikidata.org/entity/Q1209894,Toyota Crown Majesta,http://www.wikidata.org/entity/Q3231690,модель автомобиля,http://www.wikidata.org/entity/Q53268,Toyota,Франция,,,,,,,,http://commons.wikimedia.org/wiki/Special:FilePath/Toyota%20Crown%20Majesta%20S180.jpg
http://www.wikidata.org/entity/Q633117,Toyota Curren,http://www.wikidata.org/entity/Q3231690,модель автомобиля,http://www.wikidata.org/entity/Q53268,Toyota,Франция,,Toyota Corona Coupé,,4490,1750,1310,,http://commons.wikimedia.org/wiki/Special:FilePath/Toyota%20Curren%20ST-206%201996%20parking.jpg
http://www.wikidata.org/entity/Q682114,Toyota Cynos,http://www.wikidata.org/entity/Q3231690,модель автомобиля,http://www.wikidata.org/entity/Q53268,Toyota,Франция,,,Toyota Platz,,,,,http://commons.wikimedia.org/wiki/Special:FilePath/Toyota%20paseo%20austria.jpg
http://www.wikidata.org/entity/Q18383209,Toyota Esquire,http://www.wikidata.org/entity/Q3231690,модель автомобиля,http://www.wikidata.org/entity/Q53268,Toyota,Франция,,,,4695,1695,1825,1570,http://commons.wikimedia.org/wiki/Special:FilePath/Toyota%20Esquire%20HYBRID%20Gi%20Black-Tailored%20%28DAA-ZWR80G-CPXGB%29%20front.jpg
http://www.wikidata.org/entity/Q1725648,Toyota Etios,http://www.wikidata.org/entity/Q3231690,модель автомобиля,http://www.wikidata.org/entity/Q53268,Toyota,Франция,,,Toyota Glanza,,1695,1510,,http://commons.wikimedia.org/wiki/Special:FilePath/2013%20Toyota%20Etios%20Valco%20E%20%28Indonesia%29%20front%20view.jpg
http://www.wikidata.org/entity/Q24869868,Toyota FA,http://www.wikidata.org/entity/Q3231690,модель автомобиля,http://www.wikidata.org/entity/Q53268,Toyota,Франция,,,,,,,,http://commons.wikimedia.org/wiki/Special:FilePath/Toyota%20flatbed%20%2811814787474%29.jpg
http://www.wikidata.org/entity/Q1342708,Toyota FJ Cruiser,http://www.wikidata.org/entity/Q3231690,модель автомобиля,http://www.wikidata.org/entity/Q53268,Toyota,Франция,,,Toyota Land Cruiser Prado,4671,1895,1840,,http://commons.wikimedia.org/wiki/Special:FilePath/Toyota%20FJ%20Cruiser%20P4250809.jpg
http://www.wikidata.org/entity/Q1342708,Toyota FJ Cruiser,http://www.wikidata.org/entity/Q3231690,модель автомобиля,http://www.wikidata.org/entity/Q53268,Toyota,Франция,,,Toyota Land Cruiser FJ,4671,1895,1840,,http://commons.wikimedia.org/wiki/Special:FilePath/Toyota%20FJ%20Cruiser%20P4250809.jpg
http://www.wikidata.org/entity/Q2980556,Toyota FT-HS,http://www.wikidata.org/entity/Q3231690,модель автомобиля,http://www.wikidata.org/entity/Q53268,Toyota,Франция,,Toyota Supra,,,,,,http://commons.wikimedia.org/wiki/Special:FilePath/Toyota%20FT-HS%20at%20NYIAS.jpg
http://www.wikidata.org/entity/Q1564920,Toyota Fine-N,http://www.wikidata.org/entity/Q3231690,модель автомобиля,http://www.wikidata.org/entity/Q53268,Toyota,Франция,,,,,,,,http://commons.wikimedia.org/wiki/Special:FilePath/Toyota%20Fine%20N%20Diagonal.jpg
http://www.wikidata.org/entity/Q3536063,Toyota Fine-X,http://www.wikidata.org/entity/Q3231690,модель автомобиля,http://www.wikidata.org/entity/Q53268,Toyota,Франция,,,,3860,1750,1550,,http://commons.wikimedia.org/wiki/Special:FilePath/Toyota%20Fine-X%202005%20TMS%202.jpg
http://www.wikidata.org/entity/Q1424419,Toyota Fortuner,http://www.wikidata.org/entity/Q3231690,модель автомобиля,http://www.wikidata.org/entity/Q53268,Toyota,Франция,,Toyota 4Runner,,,,,,http://commons.wikimedia.org/wiki/Special:FilePath/Toyota%20Fortuner%20GUN156%20Legender%202.8%20LTD%204x4%20Platinum%20White%20Pearl%20x%20Attitude%20Black%20Mica.jpg
http://www.wikidata.org/entity/Q111445944,Toyota GR Corolla,http://www.wikidata.org/entity/Q3231690,модель автомобиля,http://www.wikidata.org/entity/Q53268,Toyota,Франция,,,,4410,1850,1455,1440,http://commons.wikimedia.org/wiki/Special:FilePath/Osaka%20Auto%20Messe%202025%20%289%29%20-%20Toyota%20GR%20COROLLA%20RZ%20GR-DAT%20%284BA-GZEA14H-BHZRZ%29.jpg
http://www.wikidata.org/entity/Q96335350,Toyota GR Yaris,http://www.wikidata.org/entity/Q3231690,модель автомобиля,http://www.wikidata.org/entity/Q53268,Toyota,Франция,,,,3995,1805,1455,1280,http://commons.wikimedia.org/wiki/Special:FilePath/Toyota%20GR%20Yaris%20RZ%201X7A0252.jpg
http://www.wikidata.org/entity/Q1240506,Toyota Gaia,http://www.wikidata.org/entity/Q3231690,модель автомобиля,http://www.wikidata.org/entity/Q53268,Toyota,Франция,,,Toyota Isis,4620,1695,1640,1420,http://commons.wikimedia.org/wiki/Special:FilePath/Toyota%20Gaia%201998.jpg
http://www.wikidata.org/entity/Q117007632,Toyota Grand Highlander,http://www.wikidata.org/entity/Q3231690,модель автомобиля,http://www.wikidata.org/entity/Q53268,Toyota,Франция,,,,5116,1989,1781,,http://commons.wikimedia.org/wiki/Special:FilePath/2024%20Toyota%20Grand%20Highlander%20XLE%20in%20Midnight%20Black%20Metallic%2C%20front%20left.jpg
http://www.wikidata.org/entity/Q1764216,Toyota Granvia,http://www.wikidata.org/entity/Q3231690,модель автомобиля,http://www.wikidata.org/entity/Q53268,Toyota,Франция,,,Toyota Vellfire,,,,,http://commons.wikimedia.org/wiki/Special:FilePath/1997%20Toyota%20Granvia%2001.jpg
http://www.wikidata.org/entity/Q1764216,Toyota Granvia,http://www.wikidata.org/entity/Q3231690,модель автомобиля,http://www.wikidata.org/entity/Q53268,Toyota,Франция,,,Toyota Alphard,,,,,http://commons.wikimedia.org/wiki/Special:FilePath/1997%20Toyota%20Granvia%2001.jpg
http://www.wikidata.org/entity/Q1764216,Toyota Granvia,http://www.wikidata.org/entity/Q3231690,модель автомобиля,http://www.wikidata.org/entity/Q53268,Toyota,Франция,,,Toyota GranAce,,,,,http://commons.wikimedia.org/wiki/Special:FilePath/1997%20Toyota%20Granvia%2001.jpg
http://www.wikidata.org/entity/Q4200843,Toyota Harrier,http://www.wikidata.org/entity/Q3231690,модель автомобиля,http://www.wikidata.org/entity/Q53268,Toyota,Франция,,Toyota Venza,,,,,,http://commons.wikimedia.org/wiki/Special:FilePath/2015%20Toyota%20Harrier%20Premium%202WD%202.0%20DBA-ZSU60W%20%28190316%29.jpg
http://www.wikidata.org/entity/Q4200843,Toyota Harrier,http://www.wikidata.org/entity/Q3231690,модель автомобиля,http://www.wikidata.org/entity/Q53268,Toyota,Франция,,Toyota Vanguard,,,,,,http://commons.wikimedia.org/wiki/Special:FilePath/2015%20Toyota%20Harrier%20Premium%202WD%202.0%20DBA-ZSU60W%20%28190316%29.jpg
http://www.wikidata.org/entity/Q11321651,Toyota HiMedic,http://www.wikidata.org/entity/Q3231690,модель автомобиля,http://www.wikidata.org/entity/Q53268,Toyota,Франция,,,,,,,,http://commons.wikimedia.org/wiki/Special:FilePath/Toyota%20Hiace%20ambulance%2C%20Bangladesh.%20%2830372135556%29.jpg
http://www.wikidata.org/entity/Q981209,Toyota Hiace,http://www.wikidata.org/entity/Q3231690,модель автомобиля,http://www.wikidata.org/entity/Q53268,Toyota,Франция,,,,,,,,http://commons.wikimedia.org/wiki/Special:FilePath/2017%20Toyota%20HiAce%20%28TRH201R%29%20LWB%20van%20%282018-10-01%29%2001.jpg
http://www.wikidata.org/entity/Q1421661,Toyota Highlander,http://www.wikidata.org/entity/Q3231690,модель автомобиля,http://www.wikidata.org/entity/Q53268,Toyota,Франция,,,,,,,,http://commons.wikimedia.org/wiki/Special:FilePath/2008%20Toyota%20Highlander.jpg
http://www.wikidata.org/entity/Q123563331,Toyota Hilux Champ,http://www.wikidata.org/entity/Q3231690,модель автомобиля,http://www.wikidata.org/entity/Q53268,Toyota,Франция,,,,4520,1785,1735,,http://commons.wikimedia.org/wiki/Special:FilePath/2023%20Toyota%20Hilux%20Champ%202.4%20Diesel%20SWB%20Attractive%20Package.jpg
http://www.wikidata.org/entity/Q123563331,Toyota Hilux Champ,http://www.wikidata.org/entity/Q3231690,модель автомобиля,http://www.wikidata.org/entity/Q53268,Toyota,Франция,,,,4705,1785,1735,,http://commons.wikimedia.org/wiki/Special:FilePath/2023%20Toyota%20Hilux%20Champ%202.4%20Diesel%20SWB%20Attractive%20Package.jpg
http://www.wikidata.org/entity/Q123563331,Toyota Hilux Champ,http://www.wikidata.org/entity/Q3231690,модель автомобиля,http://www.wikidata.org/entity/Q53268,Toyota,Франция,,,,5300,1785,1735,,http://commons.wikimedia.org/wiki/Special:FilePath/2023%20Toyota%20Hilux%20Champ%202.4%20Diesel%20SWB%20Attractive%20Package.jpg
http://www.wikidata.org/entity/Q17613073,Toyota Hybrid X,http://www.wikidata.org/entity/Q3231690,модель автомобиля,http://www.wikidata.org/entity/Q53268,Toyota,Франция,,,,,,,,http://commons.wikimedia.org/wiki/Special:FilePath/2007%20Toyota%20Hybrid%20X%20liftback%20%28concept%29%2002.jpg
http://www.wikidata.org/entity/Q1402888,Toyota Innova,http://www.wikidata.org/entity/Q3231690,модель автомобиля,http://www.wikidata.org/entity/Q53268,Toyota,Франция,,Toyota Kijang,,,,,,http://commons.wikimedia.org/wiki/Special:FilePath/Toyota%20Innova%20%28first%20generation%29%20%28front%29%2C%20Kajang.jpg
http://www.wikidata.org/entity/Q1210227,Toyota Ipsum,http://www.wikidata.org/entity/Q3231690,модель автомобиля,http://www.wikidata.org/entity/Q53268,Toyota,Франция,,,,,,,,http://commons.wikimedia.org/wiki/Special:FilePath/2003-2010%20Toyota%20Avensis%20Verso%20%28ACM21R%29%20GLX%20wagon%20%282011-07-17%29.jpg
http://www.wikidata.org/entity/Q2300195,Toyota Isis,http://www.wikidata.org/entity/Q3231690,модель автомобиля,http://www.wikidata.org/entity/Q53268,Toyota,Франция,,Toyota Gaia,,4640,1710,1670,1400,http://commons.wikimedia.org/wiki/Special:FilePath/Toyota%20Isis%20001.JPG
http://www.wikidata.org/entity/Q1818526,Toyota Ist,http://www.wikidata.org/entity/Q3231690,модель автомобиля,http://www.wikidata.org/entity/Q53268,Toyota,Франция,,,Toyota Yaris Cross,,,,,http://commons.wikimedia.org/wiki/Special:FilePath/Toyota%20Ist%201st%20generation.JPG
http://www.wikidata.org/entity/Q2303949,Toyota Kijang,http://www.wikidata.org/entity/Q3231690,модель автомобиля,http://www.wikidata.org/entity/Q53268,Toyota,Франция,,,Toyota Innova,,,,,http://commons.wikimedia.org/wiki/Special:FilePath/1997%20Toyota%20Kijang%201.8%20SSX%20%28Indonesia%29%20front%20view.jpg
http://www.wikidata.org/entity/Q2447150,Toyota Kluger,http://www.wikidata.org/entity/Q3231690,модель автомобиля,http://www.wikidata.org/entity/Q53268,Toyota,Франция,,,Toyota Vanguard,,,,,http://commons.wikimedia.org/wiki/Special:FilePath/2015%20Toyota%20Kluger%20%28GSU55R%29%20GX%20wagon%20%282015-11-11%29%2001.jpg
http://www.wikidata.org/entity/Q914069,Toyota Land Cruiser,http://www.wikidata.org/entity/Q3231690,модель автомобиля,http://www.wikidata.org/entity/Q53268,Toyota,Франция,,,,,,,,http://commons.wikimedia.org/wiki/Special:FilePath/Toyota%20LAND%20CRUISER%20GR%20SPORT%20%283BA-VJA300W-GNUSZ%29%20front.jpg
http://www.wikidata.org/entity/Q1820473,Toyota Land Cruiser (J40),http://www.wikidata.org/entity/Q3231690,модель автомобиля,http://www.wikidata.org/entity/Q53268,Toyota,Франция,,,Toyota Land Cruiser (J70),,,,,http://commons.wikimedia.org/wiki/Special:FilePath/1980%20Toyota%20Land%20Cruiser%20%28FJ40%29%20hardtop%20%2826042130985%29.jpg
http://www.wikidata.org/entity/Q7830811,Toyota Land Cruiser (J70),http://www.wikidata.org/entity/Q3231690,модель автомобиля,http://www.wikidata.org/entity/Q53268,Toyota,Франция,,Toyota Land Cruiser (J40),,,,,,http://commons.wikimedia.org/wiki/Special:FilePath/Toyota%20Land%20Cruiser%20%28J7%2C%20Facelift%29%20%E2%80%93%20Frontansicht%2C%203.%20M%C3%A4rz%202014%2C%20D%C3%BCsseldorf.jpg
http://www.wikidata.org/entity/Q7830811,Toyota Land Cruiser (J70),http://www.wikidata.org/entity/Q3231690,модель автомобиля,http://www.wikidata.org/entity/Q53268,Toyota,Франция,,Toyota Bandeirante,,,,,,http://commons.wikimedia.org/wiki/Special:FilePath/Toyota%20Land%20Cruiser%20%28J7%2C%20Facelift%29%20%E2%80%93%20Frontansicht%2C%203.%20M%C3%A4rz%202014%2C%20D%C3%BCsseldorf.jpg
http://www.wikidata.org/entity/Q2594060,Toyota Land Cruiser Prado,http://www.wikidata.org/entity/Q3231690,модель автомобиля,http://www.wikidata.org/entity/Q53268,Toyota,Франция,,,,,,,,http://commons.wikimedia.org/wiki/Special:FilePath/Toyota%20Land%20Cruiser%20Las%20Vegas%20Fall%202024.jpg
http://www.wikidata.org/entity/Q123219281,Toyota Land Hopper,http://www.wikidata.org/entity/Q3231690,модель автомобиля,http://www.wikidata.org/entity/Q53268,Toyota,Франция,,,,,,,,
http://www.wikidata.org/entity/Q7830814,Toyota Limo,http://www.wikidata.org/entity/Q3231690,модель автомобиля,http://www.wikidata.org/entity/Q53268,Toyota,Франция,,,,,,,,http://commons.wikimedia.org/wiki/Special:FilePath/ViosLimoNCP93PusakaTaxi10.png
http://www.wikidata.org/entity/Q1400823,Toyota LiteAce,http://www.wikidata.org/entity/Q3231690,модель автомобиля,http://www.wikidata.org/entity/Q53268,Toyota,Франция,,,,,,,,http://commons.wikimedia.org/wiki/Special:FilePath/1997-1999%20Toyota%20TownAce%20%28KR42R%29%20van%2001.jpg
http://www.wikidata.org/entity/Q2031285,Toyota Mark II,http://www.wikidata.org/entity/Q3231690,модель автомобиля,http://www.wikidata.org/entity/Q53268,Toyota,Франция,,Toyota Corona Mark II,Toyota Mark X,,,,,http://commons.wikimedia.org/wiki/Special:FilePath/1998%20Toyota%20Mark%20II%2001.jpg
http://www.wikidata.org/entity/Q1627462,Toyota Mark II Qualis,http://www.wikidata.org/entity/Q3231690,модель автомобиля,http://www.wikidata.org/entity/Q53268,Toyota,Франция,,,Toyota Mark II Blit,4790,1785,1480,,http://commons.wikimedia.org/wiki/Special:FilePath/1997%20Toyota%20Mark%20II%20Qualis%2001.jpg
http://www.wikidata.org/entity/Q177381,Toyota Mark X,http://www.wikidata.org/entity/Q3231690,модель автомобиля,http://www.wikidata.org/entity/Q53268,Toyota,Франция,,Toyota Verossa,,,,,,http://commons.wikimedia.org/wiki/Special:FilePath/2009%20Toyota%20Mark-X%2001.jpg
http://www.wikidata.org/entity/Q177381,Toyota Mark X,http://www.wikidata.org/entity/Q3231690,модель автомобиля,http://www.wikidata.org/entity/Q53268,Toyota,Франция,,Toyota Mark II,,,,,,http://commons.wikimedia.org/wiki/Special:FilePath/2009%20Toyota%20Mark-X%2001.jpg
http://www.wikidata.org/entity/Q1722685,Toyota Matrix,http://www.wikidata.org/entity/Q3231690,модель автомобиля,http://www.wikidata.org/entity/Q53268,Toyota,Франция,,,Toyota Auris,4351,,,,http://commons.wikimedia.org/wiki/Special:FilePath/2009%20Toyota%20Matrix%20%28E140%29.jpg
http://www.wikidata.org/entity/Q1808946,Toyota Mega Cruiser,http://www.wikidata.org/entity/Q3231690,модель автомобиля,http://www.wikidata.org/entity/Q53268,Toyota,Франция,,,,5090,2169,2075,2901,http://commons.wikimedia.org/wiki/Special:FilePath/Toyota%20Mega%20Cruiser.jpg
http://www.wikidata.org/entity/Q2447179,Toyota MiniAce,http://www.wikidata.org/entity/Q3231690,модель автомобиля,http://www.wikidata.org/entity/Q53268,Toyota,Франция,,,Toyota LiteAce,,1380,,,http://commons.wikimedia.org/wiki/Special:FilePath/Toyota%20MiniAce%20UP100.jpg
http://www.wikidata.org/entity/Q18353760,Toyota Mirai,http://www.wikidata.org/entity/Q3231690,модель автомобиля,http://www.wikidata.org/entity/Q53268,Toyota,Франция,,,,,,,,http://commons.wikimedia.org/wiki/Special:FilePath/Toyota%20Mirai%20JPD20%20Z.jpg
http://www.wikidata.org/entity/Q9360614,Toyota Nadia,http://www.wikidata.org/entity/Q3231690,модель автомобиля,http://www.wikidata.org/entity/Q53268,Toyota,Франция,,,,,,,,http://commons.wikimedia.org/wiki/Special:FilePath/Toyota%20Nadia%20in%20Laos%2C%20cropped.jpg
http://www.wikidata.org/entity/Q2068063,Toyota Noah,http://www.wikidata.org/entity/Q3231690,модель автомобиля,http://www.wikidata.org/entity/Q53268,Toyota,Франция,,Toyota LiteAce,Toyota Voxy,,,,,http://commons.wikimedia.org/wiki/Special:FilePath/2022%20Toyota%20Noah%20Hybrid%20S-Z.jpg
http://www.wikidata.org/entity/Q1712997,Toyota Opa,http://www.wikidata.org/entity/Q3231690,модель автомобиля,http://www.wikidata.org/entity/Q53268,Toyota,Франция,,,,4250,1695,1525,1210,http://commons.wikimedia.org/wiki/Special:FilePath/2000%20Toyota%20Opa%2001.jpg
http://www.wikidata.org/entity/Q848635,Toyota Origin,http://www.wikidata.org/entity/Q3231690,модель автомобиля,http://www.wikidata.org/entity/Q53268,Toyota,Франция,,,,4560,1745,1455,1560,http://commons.wikimedia.org/wiki/Special:FilePath/Toyota%20Origin%201.jpg
http://www.wikidata.org/entity/Q2352340,Toyota PM,http://www.wikidata.org/entity/Q3231690,модель автомобиля,http://www.wikidata.org/entity/Q53268,Toyota,Франция,,,,,,,,http://commons.wikimedia.org/wiki/Special:FilePath/Toyota%20A-Bat.JPG
http://www.wikidata.org/entity/Q14607963,Toyota Picnic,http://www.wikidata.org/entity/Q3231690,модель автомобиля,http://www.wikidata.org/entity/Q53268,Toyota,Франция,,,Toyota Avensis Verso,4530,1695,1660,,http://commons.wikimedia.org/wiki/Special:FilePath/Toyota%20Picnic%20front%2020080318.jpg
http://www.wikidata.org/entity/Q1518802,Toyota Platz,http://www.wikidata.org/entity/Q3231690,модель автомобиля,http://www.wikidata.org/entity/Q53268,Toyota,Франция,,Toyota Tercel,Toyota Belta,,1660,1500,,http://commons.wikimedia.org/wiki/Special:FilePath/Toyota%20Platz.jpg
http://www.wikidata.org/entity/Q1518802,Toyota Platz,http://www.wikidata.org/entity/Q3231690,модель автомобиля,http://www.wikidata.org/entity/Q53268,Toyota,Франция,,Toyota Cynos,Toyota Belta,,1660,1500,,http://commons.wikimedia.org/wiki/Special:FilePath/Toyota%20Platz.jpg
http://www.wikidata.org/entity/Q1518802,Toyota Platz,http://www.wikidata.org/entity/Q3231690,модель автомобиля,http://www.wikidata.org/entity/Q53268,Toyota,Франция,,Toyota Tercel,Toyota Vios,,1660,1500,,http://commons.wikimedia.org/wiki/Special:FilePath/Toyota%20Platz.jpg
http://www.wikidata.org/entity/Q1518802,Toyota Platz,http://www.wikidata.org/entity/Q3231690,модель автомобиля,http://www.wikidata.org/entity/Q53268,Toyota,Франция,,Toyota Cynos,Toyota Vios,,1660,1500,,http://commons.wikimedia.org/wiki/Special:FilePath/Toyota%20Platz.jpg
http://www.wikidata.org/entity/Q644105,Toyota Porte,http://www.wikidata.org/entity/Q3231690,модель автомобиля,http://www.wikidata.org/entity/Q53268,Toyota,Франция,,,,,,,,http://commons.wikimedia.org/wiki/Special:FilePath/Toyota%20Porte%2002.jpg
http://www.wikidata.org/entity/Q1203054,Toyota Premio,http://www.wikidata.org/entity/Q3231690,модель автомобиля,http://www.wikidata.org/entity/Q53268,Toyota,Франция,,Toyota Corona,,4565,1695,1470,1140,http://commons.wikimedia.org/wiki/Special:FilePath/TOYOTA%20PREMIO%20T260%2020160704%2001.jpeg
http://www.wikidata.org/entity/Q1428197,Toyota Previa,http://www.wikidata.org/entity/Q3231690,модель автомобиля,http://www.wikidata.org/entity/Q53268,Toyota,Франция,,Toyota Town Ace,Toyota Sienna,4750,,,,http://commons.wikimedia.org/wiki/Special:FilePath/TOYOTA%20PREVIA%20%28XR50%29%20China%20%2832%29.jpg
http://www.wikidata.org/entity/Q56306224,Toyota Prius,http://www.wikidata.org/entity/Q3231690,модель автомобиля,http://www.wikidata.org/entity/Q53268,Toyota,Франция,,,,,,,,http://commons.wikimedia.org/wiki/Special:FilePath/2018%20Toyota%20Prius%20Excel%20VVT-i%20CVT%201.8.jpg
http://www.wikidata.org/entity/Q7830858,Toyota Prius (третье поколение),http://www.wikidata.org/entity/Q3231690,модель автомобиля,http://www.wikidata.org/entity/Q53268,Toyota,Франция,,Toyota Prius,,,,,,http://commons.wikimedia.org/wiki/Special:FilePath/2010%20Toyota%20Prius%20V%20--%2004-20-2010.jpg
http://www.wikidata.org/entity/Q7830860,Toyota Prius PHV,http://www.wikidata.org/entity/Q3231690,модель автомобиля,http://www.wikidata.org/entity/Q53268,Toyota,Франция,,,,,,,,http://commons.wikimedia.org/wiki/Special:FilePath/Toyota%20Prius%20%28XW60%29%20Plug-in%20Hybrid%20IMG%209905.jpg
http://www.wikidata.org/entity/Q2297034,Toyota Prius α,http://www.wikidata.org/entity/Q3231690,модель автомобиля,http://www.wikidata.org/entity/Q53268,Toyota,Франция,,Toyota Wish,,4615,1775,1600,,http://commons.wikimedia.org/wiki/Special:FilePath/2012%20Toyota%20Prius%20v%20--%2003-21-2012.JPG
http://www.wikidata.org/entity/Q2001694,Toyota Probox,http://www.wikidata.org/entity/Q3231690,модель автомобиля,http://www.wikidata.org/entity/Q53268,Toyota,Франция,,,,4195,1695,1515,1110,http://commons.wikimedia.org/wiki/Special:FilePath/Toyota%20Probox%20Van%20DX.jpg
http://www.wikidata.org/entity/Q1548010,Toyota Progres,http://www.wikidata.org/entity/Q3231690,модель автомобиля,http://www.wikidata.org/entity/Q53268,Toyota,Франция,,,,4500,1700,1435,1550,http://commons.wikimedia.org/wiki/Special:FilePath/Toyota%20Progres%2001.jpg
http://www.wikidata.org/entity/Q11321656,Toyota Pronard,http://www.wikidata.org/entity/Q3231690,модель автомобиля,http://www.wikidata.org/entity/Q53268,Toyota,Франция,,Toyota Avalon,,4895,1820,1460,1500,http://commons.wikimedia.org/wiki/Special:FilePath/Toyota%20Pronard.jpg
http://www.wikidata.org/entity/Q819982,Toyota RAV4,http://www.wikidata.org/entity/Q3231690,модель автомобиля,http://www.wikidata.org/entity/Q53268,Toyota,Франция,,,Toyota Land Cruiser,,,,,http://commons.wikimedia.org/wiki/Special:FilePath/2025%20Toyota%20RAV4%20Hybrid%20Z%20Prototype.jpg
http://www.wikidata.org/entity/Q2655621,Toyota RAV4 EV,http://www.wikidata.org/entity/Q3231690,модель автомобиля,http://www.wikidata.org/entity/Q53268,Toyota,Франция,,,Toyota bZ4X,,,,,http://commons.wikimedia.org/wiki/Special:FilePath/Toyota%20RAV4%20EV%20WAS%202012%200759.JPG
http://www.wikidata.org/entity/Q1808738,Toyota Ractis,http://www.wikidata.org/entity/Q3231690,модель автомобиля,http://www.wikidata.org/entity/Q53268,Toyota,Франция,,Toyota Yaris Verso,Toyota Sienta,3950,,,,http://commons.wikimedia.org/wiki/Special:FilePath/Toyota%20Ractis%201102.JPG
http://www.wikidata.org/entity/Q2001722,Toyota Raum,http://www.wikidata.org/entity/Q3231690,модель автомобиля,http://www.wikidata.org/entity/Q53268,Toyota,Франция,,,Toyota Porte,4045,,,,http://commons.wikimedia.org/wiki/Special:FilePath/Toyota-raum-z10zenki-front.jpg
http://www.wikidata.org/entity/Q1311617,Toyota Regius,http://www.wikidata.org/entity/Q3231690,модель автомобиля,http://www.wikidata.org/entity/Q53268,Toyota,Франция,,,,4750,1695,1960,,http://commons.wikimedia.org/wiki/Special:FilePath/Toyota%20Hiace%20Regius%203.0D%20%281997%29%20%28front%29.jpg
http://www.wikidata.org/entity/Q2067158,Toyota SA,http://www.wikidata.org/entity/Q3231690,модель автомобиля,http://www.wikidata.org/entity/Q53268,Toyota,Франция,,Toyota AA,Toyota Crown,3800,,,,http://commons.wikimedia.org/wiki/Special:FilePath/1947%20Toyopet%20Model%20SA%2001.jpg
http://www.wikidata.org/entity/Q17130706,Toyota SAI,http://www.wikidata.org/entity/Q3231690,модель автомобиля,http://www.wikidata.org/entity/Q53268,Toyota,Франция,,,,4695,1770,1485,,http://commons.wikimedia.org/wiki/Special:FilePath/Toyota%20Sai%20001.JPG
http://www.wikidata.org/entity/Q1512971,Toyota Sequoia,http://www.wikidata.org/entity/Q3231690,модель автомобиля,http://www.wikidata.org/entity/Q53268,Toyota,Франция,,,,,,,,http://commons.wikimedia.org/wiki/Special:FilePath/2023%20Toyota%20Sequoia%20Capstone%20%28front%20view%29.jpg
http://www.wikidata.org/entity/Q2067180,Toyota Sera,http://www.wikidata.org/entity/Q3231690,модель автомобиля,http://www.wikidata.org/entity/Q53268,Toyota,Франция,,,,3860,1650,1265,930,http://commons.wikimedia.org/wiki/Special:FilePath/Toyota%20Sera%20AMI.JPG
http://www.wikidata.org/entity/Q1139368,Toyota Sienna,http://www.wikidata.org/entity/Q3231690,модель автомобиля,http://www.wikidata.org/entity/Q53268,Toyota,Франция,,Toyota Previa,,,,,,http://commons.wikimedia.org/wiki/Special:FilePath/Toyota%20Sienna%20%28XL40%29%20Washington%20DC%20Metro%20Area%2C%20USA%20%2810%29.jpg
http://www.wikidata.org/entity/Q1256040,Toyota Sienta,http://www.wikidata.org/entity/Q3231690,модель автомобиля,http://www.wikidata.org/entity/Q53268,Toyota,Франция,,Toyota Sparky,,,,,,http://commons.wikimedia.org/wiki/Special:FilePath/2023%20Toyota%20Sienta%20Hybrid%20Z%20in%20Grayish%20Blue%20x%20Dark%20Gray%2C%20front%20right.jpg
http://www.wikidata.org/entity/Q2300416,Toyota Soarer,http://www.wikidata.org/entity/Q3231690,модель автомобиля,http://www.wikidata.org/entity/Q53268,Toyota,Франция,,Toyota Crown,Lexus SC,4655,,,,http://commons.wikimedia.org/wiki/Special:FilePath/1988-1991%20Toyota%20Soarer%203.0GT.jpg
http://www.wikidata.org/entity/Q11321645,Toyota Spade,http://www.wikidata.org/entity/Q3231690,модель автомобиля,http://www.wikidata.org/entity/Q53268,Toyota,Франция,,,,3995,1695,1690,,http://commons.wikimedia.org/wiki/Special:FilePath/2012%20Toyota%20Spade.jpg
http://www.wikidata.org/entity/Q2299267,Toyota Sports 800,http://www.wikidata.org/entity/Q3231690,модель автомобиля,http://www.wikidata.org/entity/Q53268,Toyota,Франция,,,,3580,1465,1176,580,http://commons.wikimedia.org/wiki/Special:FilePath/Toyota%20Sports%20800%20at%20History%20Garage.jpg
http://www.wikidata.org/entity/Q3536075,Toyota Sprinter Carib,http://www.wikidata.org/entity/Q3231690,модель автомобиля,http://www.wikidata.org/entity/Q53268,Toyota,Франция,,,Toyota Voltz,4310,,,,http://commons.wikimedia.org/wiki/Special:FilePath/1997%20Toyota%20Sprinter-Carib%2001.jpg
http://www.wikidata.org/entity/Q2626308,Toyota Sprinter Trueno,http://www.wikidata.org/entity/Q3231690,модель автомобиля,http://www.wikidata.org/entity/Q53268,Toyota,Франция,,,,,,,,http://commons.wikimedia.org/wiki/Special:FilePath/Toyota%20E-AE86%20Sprinter%20Trueno%20GT%20APEX%20%2822010314081%29.jpg
http://www.wikidata.org/entity/Q1355779,Toyota Starlet,http://www.wikidata.org/entity/Q3231690,модель автомобиля,http://www.wikidata.org/entity/Q53268,Toyota,Франция,,Toyota Publica,Toyota Vitz,,,,,http://commons.wikimedia.org/wiki/Special:FilePath/1998%20Toyota%20Starlet%20S%201.3%20Front.jpg
http://www.wikidata.org/entity/Q1355779,Toyota Starlet,http://www.wikidata.org/entity/Q3231690,модель автомобиля,http://www.wikidata.org/entity/Q53268,Toyota,Франция,,Toyota Publica,Toyota Yaris (XP10),,,,,http://commons.wikimedia.org/wiki/Special:FilePath/1998%20Toyota%20Starlet%20S%201.3%20Front.jpg
http://www.wikidata.org/entity/Q955780,Toyota Stout (Тойота Стаут ),http://www.wikidata.org/entity/Q3231690,модель автомобиля,http://www.wikidata.org/entity/Q53268,Toyota,Франция,,Toyota SA,Toyota Hilux,,,,,http://commons.wikimedia.org/wiki/Special:FilePath/Toyopet1500RK23.jpg
http://www.wikidata.org/entity/Q1323818,Toyota Succeed,http://www.wikidata.org/entity/Q3231690,модель автомобиля,http://www.wikidata.org/entity/Q53268,Toyota,Франция,,,,4300,1695,,,http://commons.wikimedia.org/wiki/Special:FilePath/Toyota%20Succeed%20Van%20UL.jpg
http://www.wikidata.org/entity/Q647404,Toyota Supra,http://www.wikidata.org/entity/Q3231690,модель автомобиля,http://www.wikidata.org/entity/Q53268,Toyota,Франция,,,,,,,,http://commons.wikimedia.org/wiki/Special:FilePath/Toyota%20GR%20Supra%20%2854487414218%29.jpg
http://www.wikidata.org/entity/Q1549498,Toyota T100,http://www.wikidata.org/entity/Q3231690,модель автомобиля,http://www.wikidata.org/entity/Q53268,Toyota,Франция,,,Toyota Tundra,5311,1910,,,http://commons.wikimedia.org/wiki/Special:FilePath/Toyota%20T100%20SR5.jpg
http://www.wikidata.org/entity/Q1581540,Toyota Tacoma,http://www.wikidata.org/entity/Q3231690,модель автомобиля,http://www.wikidata.org/entity/Q53268,Toyota,Франция,,Toyota Hilux,,,,,,http://commons.wikimedia.org/wiki/Special:FilePath/2024%20Toyota%20Tacoma%20TRD%20Off-Road.jpg
http://www.wikidata.org/entity/Q588843,Toyota Tercel,http://www.wikidata.org/entity/Q3231690,модель автомобиля,http://www.wikidata.org/entity/Q53268,Toyota,Франция,,,Toyota Platz,,,,,http://commons.wikimedia.org/wiki/Special:FilePath/Tercel%201983.jpg
http://www.wikidata.org/entity/Q588843,Toyota Tercel,http://www.wikidata.org/entity/Q3231690,модель автомобиля,http://www.wikidata.org/entity/Q53268,Toyota,Франция,,,Toyota Vios,,,,,http://commons.wikimedia.org/wiki/Special:FilePath/Tercel%201983.jpg
http://www.wikidata.org/entity/Q588843,Toyota Tercel,http://www.wikidata.org/entity/Q3231690,модель автомобиля,http://www.wikidata.org/entity/Q53268,Toyota,Франция,,,Toyota Yaris,,,,,http://commons.wikimedia.org/wiki/Special:FilePath/Tercel%201983.jpg
http://www.wikidata.org/entity/Q951826,Toyota Town Ace,http://www.wikidata.org/entity/Q3231690,модель автомобиля,http://www.wikidata.org/entity/Q53268,Toyota,Франция,,,,,,,,http://commons.wikimedia.org/wiki/Special:FilePath/Toyota%20Town%20Ace%20Wagon%20001.JPG
http://www.wikidata.org/entity/Q7830891,Toyota Toyoace,http://www.wikidata.org/entity/Q3231690,модель автомобиля,http://www.wikidata.org/entity/Q53268,Toyota,Франция,,,,,,,,http://commons.wikimedia.org/wiki/Special:FilePath/Toyopet%20Toyoace%20301.JPG
http://www.wikidata.org/entity/Q1353337,Toyota Tundra,http://www.wikidata.org/entity/Q3231690,модель автомобиля,http://www.wikidata.org/entity/Q53268,Toyota,Франция,,Toyota T100,,,,,,http://commons.wikimedia.org/wiki/Special:FilePath/2022%20Toyota%20Tundra%20CrewMax%20Limited%2C%20front%206.30.22.jpg
http://www.wikidata.org/entity/Q1915522,Toyota Urban Cruiser,http://www.wikidata.org/entity/Q3231690,модель автомобиля,http://www.wikidata.org/entity/Q53268,Toyota,Франция,,Toyota Ist,Toyota Yaris Cross,3930,1725,1525,,http://commons.wikimedia.org/wiki/Special:FilePath/Toyota%20UrbanCruiser.jpg
http://www.wikidata.org/entity/Q9360615,Toyota Urban Supporter,http://www.wikidata.org/entity/Q3231690,модель автомобиля,http://www.wikidata.org/entity/Q53268,Toyota,Франция,,Toyota QuickDelivery,,,,,,http://commons.wikimedia.org/wiki/Special:FilePath/Toyota%20Urban%20Supporter%20007.JPG
http://www.wikidata.org/entity/Q2447234,Toyota Vanguard,http://www.wikidata.org/entity/Q3231690,модель автомобиля,http://www.wikidata.org/entity/Q53268,Toyota,Франция,,Toyota Kluger,Toyota Harrier,4570,1815,1685,1590,http://commons.wikimedia.org/wiki/Special:FilePath/2007%20Toyota%20Vanguard%2001.jpg
http://www.wikidata.org/entity/Q2447234,Toyota Vanguard,http://www.wikidata.org/entity/Q3231690,модель автомобиля,http://www.wikidata.org/entity/Q53268,Toyota,Франция,,Toyota Kluger,Toyota Wildlander,4570,1815,1685,1590,http://commons.wikimedia.org/wiki/Special:FilePath/2007%20Toyota%20Vanguard%2001.jpg
http://www.wikidata.org/entity/Q385463,Toyota Vellfire,http://www.wikidata.org/entity/Q3231690,модель автомобиля,http://www.wikidata.org/entity/Q53268,Toyota,Франция,,Toyota Granvia,Toyota Crown Vellfire,,,,,http://commons.wikimedia.org/wiki/Special:FilePath/Toyota%20Vellfire%202.5%20%28IV%29%20%E2%80%93%20f%2022032025.jpg
http://www.wikidata.org/entity/Q385463,Toyota Vellfire,http://www.wikidata.org/entity/Q3231690,модель автомобиля,http://www.wikidata.org/entity/Q53268,Toyota,Франция,,Toyota Grand HiAce,Toyota Crown Vellfire,,,,,http://commons.wikimedia.org/wiki/Special:FilePath/Toyota%20Vellfire%202.5%20%28IV%29%20%E2%80%93%20f%2022032025.jpg
http://www.wikidata.org/entity/Q727395,Toyota Venza,http://www.wikidata.org/entity/Q3231690,модель автомобиля,http://www.wikidata.org/entity/Q53268,Toyota,Франция,,,Toyota Harrier,,,,,http://commons.wikimedia.org/wiki/Special:FilePath/2021%20Toyota%20Venza%20Hybrid%20Limited%20in%20Titanium%20Glow%2C%20front%20left.jpg
http://www.wikidata.org/entity/Q727395,Toyota Venza,http://www.wikidata.org/entity/Q3231690,модель автомобиля,http://www.wikidata.org/entity/Q53268,Toyota,Франция,,,Toyota Crown Signia,,,,,http://commons.wikimedia.org/wiki/Special:FilePath/2021%20Toyota%20Venza%20Hybrid%20Limited%20in%20Titanium%20Glow%2C%20front%20left.jpg
http://www.wikidata.org/entity/Q1816079,Toyota Verossa,http://www.wikidata.org/entity/Q3231690,модель автомобиля,http://www.wikidata.org/entity/Q53268,Toyota,Франция,,Toyota Chaser,Toyota Mark X,4705,1760,1450,,http://commons.wikimedia.org/wiki/Special:FilePath/Toyota%20Verossa.jpg
http://www.wikidata.org/entity/Q1816079,Toyota Verossa,http://www.wikidata.org/entity/Q3231690,модель автомобиля,http://www.wikidata.org/entity/Q53268,Toyota,Франция,,Toyota Cresta,Toyota Mark X,4705,1760,1450,,http://commons.wikimedia.org/wiki/Special:FilePath/Toyota%20Verossa.jpg
http://www.wikidata.org/entity/Q1512396,Toyota Verso,http://www.wikidata.org/entity/Q3231690,модель автомобиля,http://www.wikidata.org/entity/Q53268,Toyota,Франция,,Toyota Corolla Verso,,4460,1790,,,http://commons.wikimedia.org/wiki/Special:FilePath/Toyota%20Verso%2020090614%20front.JPG
http://www.wikidata.org/entity/Q3269710,Toyota Vios,http://www.wikidata.org/entity/Q3231690,модель автомобиля,http://www.wikidata.org/entity/Q53268,Toyota,Франция,,Toyota Tercel,,,,,,http://commons.wikimedia.org/wiki/Special:FilePath/TOYOTA%20VIOS%20FS%20XP150%20China.jpg
http://www.wikidata.org/entity/Q3269710,Toyota Vios,http://www.wikidata.org/entity/Q3231690,модель автомобиля,http://www.wikidata.org/entity/Q53268,Toyota,Франция,,Toyota Belta,,,,,,http://commons.wikimedia.org/wiki/Special:FilePath/TOYOTA%20VIOS%20FS%20XP150%20China.jpg
http://www.wikidata.org/entity/Q2067325,Toyota Vista,http://www.wikidata.org/entity/Q3231690,модель автомобиля,http://www.wikidata.org/entity/Q53268,Toyota,Франция,,,Toyota Avensis,,,,,http://commons.wikimedia.org/wiki/Special:FilePath/Toyota-VistaLiftback.jpg
http://www.wikidata.org/entity/Q6151318,Toyota Vitz,http://www.wikidata.org/entity/Q3231690,модель автомобиля,http://www.wikidata.org/entity/Q53268,Toyota,Франция,,Toyota Agya,Toyota Yaris (XP210),,,,,http://commons.wikimedia.org/wiki/Special:FilePath/Toyota%20Vitz%20KSP130%201.0F.jpg
http://www.wikidata.org/entity/Q6151318,Toyota Vitz,http://www.wikidata.org/entity/Q3231690,модель автомобиля,http://www.wikidata.org/entity/Q53268,Toyota,Франция,,Toyota Starlet,Toyota Yaris (XP210),,,,,http://commons.wikimedia.org/wiki/Special:FilePath/Toyota%20Vitz%20KSP130%201.0F.jpg
http://www.wikidata.org/entity/Q3260257,Toyota Voltz,http://www.wikidata.org/entity/Q3231690,модель автомобиля,http://www.wikidata.org/entity/Q53268,Toyota,Франция,,Toyota Sprinter Carib,Toyota Corolla Cross,4365,1775,1605,1250,http://commons.wikimedia.org/wiki/Special:FilePath/Toyota%20voltz%20zze136%20s%201%20f.jpg
http://www.wikidata.org/entity/Q9360620,Toyota Voxy,http://www.wikidata.org/entity/Q3231690,модель автомобиля,http://www.wikidata.org/entity/Q53268,Toyota,Франция,,Toyota LiteAce,,,,,,http://commons.wikimedia.org/wiki/Special:FilePath/TOYOTA%20VOXY%20ZS%20KIRAMEKI%20ZRR85W-BPXSPD%282%29.jpg
http://www.wikidata.org/entity/Q9360620,Toyota Voxy,http://www.wikidata.org/entity/Q3231690,модель автомобиля,http://www.wikidata.org/entity/Q53268,Toyota,Франция,,Toyota Noah,,,,,,http://commons.wikimedia.org/wiki/Special:FilePath/TOYOTA%20VOXY%20ZS%20KIRAMEKI%20ZRR85W-BPXSPD%282%29.jpg
http://www.wikidata.org/entity/Q99236859,Toyota Wildlander,http://www.wikidata.org/entity/Q3231690,модель автомобиля,http://www.wikidata.org/entity/Q53268,Toyota,Франция,,Toyota Vanguard,,4665,1855,1680,,http://commons.wikimedia.org/wiki/Special:FilePath/TOYOTA%20WILDLANDER%20%28XA60%29%20%28TOYOTA%20RAV4%20%28XA60%29%20%29.jpg
http://www.wikidata.org/entity/Q11321628,Toyota Windom,http://www.wikidata.org/entity/Q3231690,модель автомобиля,http://www.wikidata.org/entity/Q53268,Toyota,Франция,,,Lexus ES,,,,,http://commons.wikimedia.org/wiki/Special:FilePath/Toyota%20WINDOM%203.0G%20%28MCV30%29%20front.JPG
http://www.wikidata.org/entity/Q1809943,Toyota Wish,http://www.wikidata.org/entity/Q3231690,модель автомобиля,http://www.wikidata.org/entity/Q53268,Toyota,Франция,,,Toyota Prius α,,,,,http://commons.wikimedia.org/wiki/Special:FilePath/2003-2005%20Toyota%20Wish.jpg
http://www.wikidata.org/entity/Q6902966,Toyota Yaris,http://www.wikidata.org/entity/Q3231690,модель автомобиля,http://www.wikidata.org/entity/Q53268,Toyota,Франция,,Toyota Tercel,,,,,,http://commons.wikimedia.org/wiki/Special:FilePath/2024%20Toyota%20Yaris%20Hybrid%20Z.jpg
http://www.wikidata.org/entity/Q6902966,Toyota Yaris,http://www.wikidata.org/entity/Q3231690,модель автомобиля,http://www.wikidata.org/entity/Q53268,Toyota,Франция,,Toyota Starlet,,,,,,http://commons.wikimedia.org/wiki/Special:FilePath/2024%20Toyota%20Yaris%20Hybrid%20Z.jpg
http://www.wikidata.org/entity/Q60740801,Toyota Yaris (XP150),http://www.wikidata.org/entity/Q3231690,модель автомобиля,http://www.wikidata.org/entity/Q53268,Toyota,Франция,,Toyota Belta,Toyota Yaris (XP210),,1700,1475,,http://commons.wikimedia.org/wiki/Special:FilePath/2016%20Toyota%20Yaris%201.5%20G%20NCP150R%20%2820190616%29.jpg
http://www.wikidata.org/entity/Q60740801,Toyota Yaris (XP150),http://www.wikidata.org/entity/Q3231690,модель автомобиля,http://www.wikidata.org/entity/Q53268,Toyota,Франция,,Toyota Yaris (XP90),Toyota Yaris (XP210),,1700,1475,,http://commons.wikimedia.org/wiki/Special:FilePath/2016%20Toyota%20Yaris%201.5%20G%20NCP150R%20%2820190616%29.jpg
http://www.wikidata.org/entity/Q106244191,Toyota Yaris (XP210),http://www.wikidata.org/entity/Q3231690,модель автомобиля,http://www.wikidata.org/entity/Q53268,Toyota,Франция,,Toyota Vitz,,3940,1695,1470,,http://commons.wikimedia.org/wiki/Special:FilePath/2020%20Toyota%20Yaris%20Design%20HEV%20CVT%201.5%20Front.jpg
http://www.wikidata.org/entity/Q106244191,Toyota Yaris (XP210),http://www.wikidata.org/entity/Q3231690,модель автомобиля,http://www.wikidata.org/entity/Q53268,Toyota,Франция,,Toyota Yaris (XP150),,3940,1695,1470,,http://commons.wikimedia.org/wiki/Special:FilePath/2020%20Toyota%20Yaris%20Design%20HEV%20CVT%201.5%20Front.jpg
http://www.wikidata.org/entity/Q106244191,Toyota Yaris (XP210),http://www.wikidata.org/entity/Q3231690,модель автомобиля,http://www.wikidata.org/entity/Q53268,Toyota,Франция,,Toyota Yaris (XP130),,3940,1695,1470,,http://commons.wikimedia.org/wiki/Special:FilePath/2020%20Toyota%20Yaris%20Design%20HEV%20CVT%201.5%20Front.jpg
http://www.wikidata.org/entity/Q106244191,Toyota Yaris (XP210),http://www.wikidata.org/entity/Q3231690,модель автомобиля,http://www.wikidata.org/entity/Q53268,Toyota,Франция,,Toyota Vitz,,3940,1745,1470,,http://commons.wikimedia.org/wiki/Special:FilePath/2020%20Toyota%20Yaris%20Design%20HEV%20CVT%201.5%20Front.jpg
http://www.wikidata.org/entity/Q106244191,Toyota Yaris (XP210),http://www.wikidata.org/entity/Q3231690,модель автомобиля,http://www.wikidata.org/entity/Q53268,Toyota,Франция,,Toyota Yaris (XP150),,3940,1745,1470,,http://commons.wikimedia.org/wiki/Special:FilePath/2020%20Toyota%20Yaris%20Design%20HEV%20CVT%201.5%20Front.jpg
http://www.wikidata.org/entity/Q106244191,Toyota Yaris (XP210),http://www.wikidata.org/entity/Q3231690,модель автомобиля,http://www.wikidata.org/entity/Q53268,Toyota,Франция,,Toyota Yaris (XP130),,3940,1745,1470,,http://commons.wikimedia.org/wiki/Special:FilePath/2020%20Toyota%20Yaris%20Design%20HEV%20CVT%201.5%20Front.jpg
http://www.wikidata.org/entity/Q106244191,Toyota Yaris (XP210),http://www.wikidata.org/entity/Q3231690,модель автомобиля,http://www.wikidata.org/entity/Q53268,Toyota,Франция,,Toyota Vitz,,3940,1695,1500,,http://commons.wikimedia.org/wiki/Special:FilePath/2020%20Toyota%20Yaris%20Design%20HEV%20CVT%201.5%20Front.jpg
http://www.wikidata.org/entity/Q106244191,Toyota Yaris (XP210),http://www.wikidata.org/entity/Q3231690,модель автомобиля,http://www.wikidata.org/entity/Q53268,Toyota,Франция,,Toyota Yaris (XP150),,3940,1695,1500,,http://commons.wikimedia.org/wiki/Special:FilePath/2020%20Toyota%20Yaris%20Design%20HEV%20CVT%201.5%20Front.jpg
http://www.wikidata.org/entity/Q106244191,Toyota Yaris (XP210),http://www.wikidata.org/entity/Q3231690,модель автомобиля,http://www.wikidata.org/entity/Q53268,Toyota,Франция,,Toyota Yaris (XP130),,3940,1695,1500,,http://commons.wikimedia.org/wiki/Special:FilePath/2020%20Toyota%20Yaris%20Design%20HEV%20CVT%201.5%20Front.jpg
http://www.wikidata.org/entity/Q106244191,Toyota Yaris (XP210),http://www.wikidata.org/entity/Q3231690,модель автомобиля,http://www.wikidata.org/entity/Q53268,Toyota,Франция,,Toyota Vitz,,3940,1745,1500,,http://commons.wikimedia.org/wiki/Special:FilePath/2020%20Toyota%20Yaris%20Design%20HEV%20CVT%201.5%20Front.jpg
http://www.wikidata.org/entity/Q106244191,Toyota Yaris (XP210),http://www.wikidata.org/entity/Q3231690,модель автомобиля,http://www.wikidata.org/entity/Q53268,Toyota,Франция,,Toyota Yaris (XP150),,3940,1745,1500,,http://commons.wikimedia.org/wiki/Special:FilePath/2020%20Toyota%20Yaris%20Design%20HEV%20CVT%201.5%20Front.jpg
http://www.wikidata.org/entity/Q106244191,Toyota Yaris (XP210),http://www.wikidata.org/entity/Q3231690,модель автомобиля,http://www.wikidata.org/entity/Q53268,Toyota,Франция,,Toyota Yaris (XP130),,3940,1745,1500,,http://commons.wikimedia.org/wiki/Special:FilePath/2020%20Toyota%20Yaris%20Design%20HEV%20CVT%201.5%20Front.jpg
http://www.wikidata.org/entity/Q91621558,Toyota Yaris Cross,http://www.wikidata.org/entity/Q3231690,модель автомобиля,http://www.wikidata.org/entity/Q53268,Toyota,Франция,,Toyota Ist,,4180,1765,1560,1110,http://commons.wikimedia.org/wiki/Special:FilePath/Toyota%20Yaris%20Cross%20Hybrid%201X7A6352.jpg
http://www.wikidata.org/entity/Q91621558,Toyota Yaris Cross,http://www.wikidata.org/entity/Q3231690,модель автомобиля,http://www.wikidata.org/entity/Q53268,Toyota,Франция,,Toyota Urban Cruiser,,4180,1765,1560,1110,http://commons.wikimedia.org/wiki/Special:FilePath/Toyota%20Yaris%20Cross%20Hybrid%201X7A6352.jpg
http://www.wikidata.org/entity/Q91621558,Toyota Yaris Cross,http://www.wikidata.org/entity/Q3231690,модель автомобиля,http://www.wikidata.org/entity/Q53268,Toyota,Франция,,Scion xD,,4180,1765,1560,1110,http://commons.wikimedia.org/wiki/Special:FilePath/Toyota%20Yaris%20Cross%20Hybrid%201X7A6352.jpg
http://www.wikidata.org/entity/Q91621558,Toyota Yaris Cross,http://www.wikidata.org/entity/Q3231690,модель автомобиля,http://www.wikidata.org/entity/Q53268,Toyota,Франция,,Toyota Ist,,4310,1765,1560,1110,http://commons.wikimedia.org/wiki/Special:FilePath/Toyota%20Yaris%20Cross%20Hybrid%201X7A6352.jpg
http://www.wikidata.org/entity/Q91621558,Toyota Yaris Cross,http://www.wikidata.org/entity/Q3231690,модель автомобиля,http://www.wikidata.org/entity/Q53268,Toyota,Франция,,Toyota Urban Cruiser,,4310,1765,1560,1110,http://commons.wikimedia.org/wiki/Special:FilePath/Toyota%20Yaris%20Cross%20Hybrid%201X7A6352.jpg
http://www.wikidata.org/entity/Q91621558,Toyota Yaris Cross,http://www.wikidata.org/entity/Q3231690,модель автомобиля,http://www.wikidata.org/entity/Q53268,Toyota,Франция,,Scion xD,,4310,1765,1560,1110,http://commons.wikimedia.org/wiki/Special:FilePath/Toyota%20Yaris%20Cross%20Hybrid%201X7A6352.jpg
http://www.wikidata.org/entity/Q91621558,Toyota Yaris Cross,http://www.wikidata.org/entity/Q3231690,модель автомобиля,http://www.wikidata.org/entity/Q53268,Toyota,Франция,,Toyota Ist,,4180,1770,1560,1110,http://commons.wikimedia.org/wiki/Special:FilePath/Toyota%20Yaris%20Cross%20Hybrid%201X7A6352.jpg
http://www.wikidata.org/entity/Q91621558,Toyota Yaris Cross,http://www.wikidata.org/entity/Q3231690,модель автомобиля,http://www.wikidata.org/entity/Q53268,Toyota,Франция,,Toyota Urban Cruiser,,4180,1770,1560,1110,http://commons.wikimedia.org/wiki/Special:FilePath/Toyota%20Yaris%20Cross%20Hybrid%201X7A6352.jpg
http://www.wikidata.org/entity/Q91621558,Toyota Yaris Cross,http://www.wikidata.org/entity/Q3231690,модель автомобиля,http://www.wikidata.org/entity/Q53268,Toyota,Франция,,Scion xD,,4180,1770,1560,1110,http://commons.wikimedia.org/wiki/Special:FilePath/Toyota%20Yaris%20Cross%20Hybrid%201X7A6352.jpg
http://www.wikidata.org/entity/Q91621558,Toyota Yaris Cross,http://www.wikidata.org/entity/Q3231690,модель автомобиля,http://www.wikidata.org/entity/Q53268,Toyota,Франция,,Toyota Ist,,4310,1770,1560,1110,http://commons.wikimedia.org/wiki/Special:FilePath/Toyota%20Yaris%20Cross%20Hybrid%201X7A6352.jpg
http://www.wikidata.org/entity/Q91621558,Toyota Yaris Cross,http://www.wikidata.org/entity/Q3231690,модель автомобиля,http://www.wikidata.org/entity/Q53268,Toyota,Франция,,Toyota Urban Cruiser,,4310,1770,1560,1110,http://commons.wikimedia.org/wiki/Special:FilePath/Toyota%20Yaris%20Cross%20Hybrid%201X7A6352.jpg
http://www.wikidata.org/entity/Q91621558,Toyota Yaris Cross,http://www.wikidata.org/entity/Q3231690,модель автомобиля,http://www.wikidata.org/entity/Q53268,Toyota,Франция,,Scion xD,,4310,1770,1560,1110,http://commons.wikimedia.org/wiki/Special:FilePath/Toyota%20Yaris%20Cross%20Hybrid%201X7A6352.jpg
http://www.wikidata.org/entity/Q2064620,Toyota Yaris Verso,http://www.wikidata.org/entity/Q3231690,модель автомобиля,http://www.wikidata.org/entity/Q53268,Toyota,Франция,,,Toyota Ractis,3890,1690,1680,,http://commons.wikimedia.org/wiki/Special:FilePath/Toyota%20Yaris%20Verso%20Facelift%2020090621%20front.JPG
http://www.wikidata.org/entity/Q1726184,Toyota bB,http://www.wikidata.org/entity/Q3231690,модель автомобиля,http://www.wikidata.org/entity/Q53268,Toyota,Франция,,WiLL VS,,3825,,,,http://commons.wikimedia.org/wiki/Special:FilePath/2008%20Toyota%20bB%2001.jpg
http://www.wikidata.org/entity/Q114840014,Toyota bZ3,http://www.wikidata.org/entity/Q3231690,модель автомобиля,http://www.wikidata.org/entity/Q53268,Toyota,Франция,,,,4725,1835,1475,1710,http://commons.wikimedia.org/wiki/Special:FilePath/Toyota%20bZ3%2001.jpg
http://www.wikidata.org/entity/Q122848691,Toyota bZ3X,http://www.wikidata.org/entity/Q3231690,модель автомобиля,http://www.wikidata.org/entity/Q53268,Toyota,Франция,,,,,,,,http://commons.wikimedia.org/wiki/Special:FilePath/Toyota%20bZ3X%20%28%E9%93%82%E6%99%BA3X%29%2001%20China%202025-04-19.jpg
http://www.wikidata.org/entity/Q106481505,Toyota bZ4X,http://www.wikidata.org/entity/Q3231690,модель автомобиля,http://www.wikidata.org/entity/Q53268,Toyota,Франция,,Toyota RAV4 EV,,4690,1850,1650,1920,http://commons.wikimedia.org/wiki/Special:FilePath/Toyota%20bZ4X%20Automesse%20Ludwigsburg%202022%201X7A5895.jpg
http://www.wikidata.org/entity/Q2369459,Toyota i-unit,http://www.wikidata.org/entity/Q3231690,модель автомобиля,http://www.wikidata.org/entity/Q53268,Toyota,Франция,,,,,,,,http://commons.wikimedia.org/wiki/Special:FilePath/Toyota%20I-Unit%20low%20position%20with%20passenger.jpg
http://www.wikidata.org/entity/Q3536054,тойота королла Е140,http://www.wikidata.org/entity/Q3231690,модель автомобиля,http://www.wikidata.org/entity/Q53268,Toyota,Франция,,Toyota Allex,Toyota Corolla (E160),,,,,http://commons.wikimedia.org/wiki/Special:FilePath/09%20Toyota%20Corolla.jpg
http://www.wikidata.org/entity/Q3536054,тойота королла Е140,http://www.wikidata.org/entity/Q3231690,модель автомобиля,http://www.wikidata.org/entity/Q53268,Toyota,Франция,,Toyota Corolla EX,Toyota Corolla (E160),,,,,http://commons.wikimedia.org/wiki/Special:FilePath/09%20Toyota%20Corolla.jpg
http://www.wikidata.org/entity/Q3536054,тойота королла Е140,http://www.wikidata.org/entity/Q3231690,модель автомобиля,http://www.wikidata.org/entity/Q53268,Toyota,Франция,,Toyota Allex,Toyota Corolla (E170/E180),,,,,http://commons.wikimedia.org/wiki/Special:FilePath/09%20Toyota%20Corolla.jpg
http://www.wikidata.org/entity/Q3536054,тойота королла Е140,http://www.wikidata.org/entity/Q3231690,модель автомобиля,http://www.wikidata.org/entity/Q53268,Toyota,Франция,,Toyota Corolla EX,Toyota Corolla (E170/E180),,,,,http://commons.wikimedia.org/wiki/Special:FilePath/09%20Toyota%20Corolla.jpg
http://www.wikidata.org/entity/Q8982052,Toyota A1,http://www.wikidata.org/entity/Q3231690,модель автомобиля,http://www.wikidata.org/entity/Q53268,Toyota,Франция,1935-01-01T00:00:00Z,,,,,,,
http://www.wikidata.org/entity/Q8982302,Toyota AE,http://www.wikidata.org/entity/Q3231690,модель автомобиля,http://www.wikidata.org/entity/Q53268,Toyota,Франция,1939-01-01T00:00:00Z,,,,,,,
http://www.wikidata.org/entity/Q8982607,Toyota BA,http://www.wikidata.org/entity/Q3231690,модель автомобиля,http://www.wikidata.org/entity/Q53268,Toyota,Франция,1940-01-01T00:00:00Z,,,,,,,
http://www.wikidata.org/entity/Q8982252,Toyota AC,http://www.wikidata.org/entity/Q3231690,модель автомобиля,http://www.wikidata.org/entity/Q53268,Toyota,Франция,1943-01-01T00:00:00Z,,,,,,,http://commons.wikimedia.org/wiki/Special:FilePath/1943%20Toyota%20Model%20AC%2001.jpg
http://www.wikidata.org/entity/Q8984698,Toyota SD,http://www.wikidata.org/entity/Q3231690,модель автомобиля,http://www.wikidata.org/entity/Q53268,Toyota,Франция,1949-01-01T00:00:00Z,,,,,,,
http://www.wikidata.org/entity/Q8984736,Toyota SF,http://www.wikidata.org/entity/Q3231690,модель автомобиля,http://www.wikidata.org/entity/Q53268,Toyota,Франция,1951-01-01T00:00:00Z,,,,,,,
http://www.wikidata.org/entity/Q573411,Toyota Crown,http://www.wikidata.org/entity/Q3231690,модель автомобиля,http://www.wikidata.org/entity/Q53268,Toyota,Франция,1955-01-01T00:00:00Z,,,,,,,http://commons.wikimedia.org/wiki/Special:FilePath/Toyota%20Crown%20Sport%20Z%20%2724%20%281%29.jpg
http://www.wikidata.org/entity/Q1150087,Toyota Corona,http://www.wikidata.org/entity/Q3231690,модель автомобиля,http://www.wikidata.org/entity/Q53268,Toyota,Франция,1957-01-01T00:00:00Z,Toyopet Master,Toyota Camry,3912,,,,http://commons.wikimedia.org/wiki/Special:FilePath/Toyota%20Corona%20Premio.JPG
http://www.wikidata.org/entity/Q1150087,Toyota Corona,http://www.wikidata.org/entity/Q3231690,модель автомобиля,http://www.wikidata.org/entity/Q53268,Toyota,Франция,1957-01-01T00:00:00Z,Toyopet Master,Toyota Avensis,3912,,,,http://commons.wikimedia.org/wiki/Special:FilePath/Toyota%20Corona%20Premio.JPG
http://www.wikidata.org/entity/Q1150087,Toyota Corona,http://www.wikidata.org/entity/Q3231690,модель автомобиля,http://www.wikidata.org/entity/Q53268,Toyota,Франция,1957-01-01T00:00:00Z,Toyopet Master,Toyota Premio,3912,,,,http://commons.wikimedia.org/wiki/Special:FilePath/Toyota%20Corona%20Premio.JPG
http://www.wikidata.org/entity/Q786708,Toyota Publica,http://www.wikidata.org/entity/Q3231690,модель автомобиля,http://www.wikidata.org/entity/Q53268,Toyota,Франция,1961-01-01T00:00:00Z,,Toyota Corolla,3696,,,,http://commons.wikimedia.org/wiki/Special:FilePath/1961%20Toyota%20Publica%2001.jpg
http://www.wikidata.org/entity/Q786708,Toyota Publica,http://www.wikidata.org/entity/Q3231690,модель автомобиля,http://www.wikidata.org/entity/Q53268,Toyota,Франция,1961-01-01T00:00:00Z,,Toyota Starlet,3696,,,,http://commons.wikimedia.org/wiki/Special:FilePath/1961%20Toyota%20Publica%2001.jpg
http://www.wikidata.org/entity/Q786708,Toyota Publica,http://www.wikidata.org/entity/Q3231690,модель автомобиля,http://www.wikidata.org/entity/Q53268,Toyota,Франция,1961-01-01T00:00:00Z,,Toyota Corolla (E10),3696,,,,http://commons.wikimedia.org/wiki/Special:FilePath/1961%20Toyota%20Publica%2001.jpg
http://www.wikidata.org/entity/Q2779557,Toyota Corolla (E10),http://www.wikidata.org/entity/Q3231690,модель автомобиля,http://www.wikidata.org/entity/Q53268,Toyota,Франция,1966-11-01T00:00:00Z,Toyota Publica,Toyota Corolla (E20),3855,,,,http://commons.wikimedia.org/wiki/Special:FilePath/Toyota%20Corolla%20First-generation%20001.jpg
http://www.wikidata.org/entity/Q3536055,Toyota Corolla (E20),http://www.wikidata.org/entity/Q3231690,модель автомобиля,http://www.wikidata.org/entity/Q53268,Toyota,Франция,1970-05-01T00:00:00Z,Toyota Corolla (E10),Toyota Corolla (E30),,,,,http://commons.wikimedia.org/wiki/Special:FilePath/Toyota%20Corolla%20E20%20April%201976%201166cc.JPG
http://www.wikidata.org/entity/Q3536057,Toyota Corolla (E30),http://www.wikidata.org/entity/Q3231690,модель автомобиля,http://www.wikidata.org/entity/Q53268,Toyota,Франция,1974-08-01T00:00:00Z,Toyota Corolla (E20),Toyota Corolla (E70),,,,,http://commons.wikimedia.org/wiki/Special:FilePath/1976%20Toyota%20Corolla.jpg
http://www.wikidata.org/entity/Q3536058,Toyota Corolla (E70),http://www.wikidata.org/entity/Q3231690,модель автомобиля,http://www.wikidata.org/entity/Q53268,Toyota,Франция,1979-03-01T00:00:00Z,Toyota Corolla (E30),Toyota Corolla (E90),,,,,http://commons.wikimedia.org/wiki/Special:FilePath/1983%20Toyota%20Corolla%20%28KE70%29%20CS%20sedan%20%282015-07-03%29%2001.jpg
http://www.wikidata.org/entity/Q3536058,Toyota Corolla (E70),http://www.wikidata.org/entity/Q3231690,модель автомобиля,http://www.wikidata.org/entity/Q53268,Toyota,Франция,1979-03-01T00:00:00Z,Toyota Corolla (E30),Toyota Corolla (E80),,,,,http://commons.wikimedia.org/wiki/Special:FilePath/1983%20Toyota%20Corolla%20%28KE70%29%20CS%20sedan%20%282015-07-03%29%2001.jpg
http://www.wikidata.org/entity/Q3536061,Toyota Corolla (E80),http://www.wikidata.org/entity/Q3231690,модель автомобиля,http://www.wikidata.org/entity/Q53268,Toyota,Франция,1983-01-01T00:00:00Z,Toyota Corolla (E70),Toyota Corolla (E90),,,,,http://commons.wikimedia.org/wiki/Special:FilePath/1987%20Toyota%20Corolla%20%28AE82%29%20CS%20sedan%20%282015-11-11%29%2001.jpg
http://www.wikidata.org/entity/Q1873250,toyota corolla g-touring wagon,http://www.wikidata.org/entity/Q3231690,модель автомобиля,http://www.wikidata.org/entity/Q53268,Toyota,Франция,1991-06-01T00:00:00Z,Toyota Corolla (E90),Toyota Corolla (E110),,,,,http://commons.wikimedia.org/wiki/Special:FilePath/1996-1999%20Toyota%20Corolla%20%28AE101R%29%20CSi%20sedan%20%282011-06-15%29%2001.jpg
http://www.wikidata.org/entity/Q1873250,toyota corolla g-touring wagon,http://www.wikidata.org/entity/Q3231690,модель автомобиля,http://www.wikidata.org/entity/Q53268,Toyota,Франция,1991-06-01T00:00:00Z,Toyota Corolla (E90),Toyota Corolla Fielder,,,,,http://commons.wikimedia.org/wiki/Special:FilePath/1996-1999%20Toyota%20Corolla%20%28AE101R%29%20CSi%20sedan%20%282011-06-15%29%2001.jpg
http://www.wikidata.org/entity/Q1483444,Toyota Corolla Verso,http://www.wikidata.org/entity/Q3231690,модель автомобиля,http://www.wikidata.org/entity/Q53268,Toyota,Франция,1997-01-01T00:00:00Z,,Toyota Verso,4135,,,,http://commons.wikimedia.org/wiki/Special:FilePath/2006%20Toyota%20Corolla%20Verso%20TR%20D-4D%202.2%20Front.jpg
http://www.wikidata.org/entity/Q106612214,Toyota Yaris (XP10),http://www.wikidata.org/entity/Q3231690,модель автомобиля,http://www.wikidata.org/entity/Q53268,Toyota,Франция,1999-04-01T00:00:00Z,Toyota Starlet,Toyota Yaris (XP90),,,,,http://commons.wikimedia.org/wiki/Special:FilePath/2000%20Toyota%20Yaris%20GS%201.0%20Front.jpg
http://www.wikidata.org/entity/Q2726227,Toyota Allex,http://www.wikidata.org/entity/Q3231690,модель автомобиля,http://www.wikidata.org/entity/Q53268,Toyota,Франция,2000-11-01T00:00:00Z,Toyota Corolla (E110),Toyota Auris,4530,1705,1490,,http://commons.wikimedia.org/wiki/Special:FilePath/2003-2004%20Toyota%20Corolla%20%28ZZE122R%29%20Conquest%20sedan%2001.jpg
http://www.wikidata.org/entity/Q2726227,Toyota Allex,http://www.wikidata.org/entity/Q3231690,модель автомобиля,http://www.wikidata.org/entity/Q53268,Toyota,Франция,2000-11-01T00:00:00Z,Toyota Corolla (E110),Toyota Corolla Axio,4530,1705,1490,,http://commons.wikimedia.org/wiki/Special:FilePath/2003-2004%20Toyota%20Corolla%20%28ZZE122R%29%20Conquest%20sedan%2001.jpg
http://www.wikidata.org/entity/Q2726227,Toyota Allex,http://www.wikidata.org/entity/Q3231690,модель автомобиля,http://www.wikidata.org/entity/Q53268,Toyota,Франция,2000-11-01T00:00:00Z,Toyota Corolla (E110),тойота королла Е140,4530,1705,1490,,http://commons.wikimedia.org/wiki/Special:FilePath/2003-2004%20Toyota%20Corolla%20%28ZZE122R%29%20Conquest%20sedan%2001.jpg
http://www.wikidata.org/entity/Q7485545,Scion xA,http://www.wikidata.org/entity/Q3231690,модель автомобиля,http://www.wikidata.org/entity/Q53268,Toyota,Франция,2004-01-01T00:00:00Z,,Scion xD,,,,,http://commons.wikimedia.org/wiki/Special:FilePath/2004%20Scion%20xA%20--%20NHTSA.jpg
http://www.wikidata.org/entity/Q2568466,Scion xD,http://www.wikidata.org/entity/Q3231690,модель автомобиля,http://www.wikidata.org/entity/Q53268,Toyota,Франция,2007-01-01T00:00:00Z,Scion xA,,,,,,http://commons.wikimedia.org/wiki/Special:FilePath/08%20Scion%20xD.jpg
http://www.wikidata.org/entity/Q1538045,Toyota Corolla Rumion,http://www.wikidata.org/entity/Q3231690,модель автомобиля,http://www.wikidata.org/entity/Q53268,Toyota,Франция,2007-01-01T00:00:00Z,Toyota Corolla Verso,,4210,1760,,,http://commons.wikimedia.org/wiki/Special:FilePath/2007%20Toyota%20Corolla-Rumion%2001.jpg
http://www.wikidata.org/entity/Q370674,Toyota iQ,http://www.wikidata.org/entity/Q3231690,модель автомобиля,http://www.wikidata.org/entity/Q53268,Toyota,Франция,2008-01-01T00:00:00Z,,,2985,1680,1500,,http://commons.wikimedia.org/wiki/Special:FilePath/Toyota%20iQ.JPG
http://www.wikidata.org/entity/Q7830760,Toyota Camry (XV50),http://www.wikidata.org/entity/Q3231690,модель автомобиля,http://www.wikidata.org/entity/Q53268,Toyota,Франция,2011-09-01T00:00:00Z,Toyota Camry (XV40),Toyota Camry (XV70),,,,,http://commons.wikimedia.org/wiki/Special:FilePath/2012%20Toyota%20Camry%20SE%20--%2002-29-2012.JPG
http://www.wikidata.org/entity/Q42559260,Toyota JPN Taxi,http://www.wikidata.org/entity/Q3231690,модель автомобиля,http://www.wikidata.org/entity/Q53268,Toyota,Франция,2017-10-01T00:00:00Z,Toyota Crown,,4400,1695,1750,1685,http://commons.wikimedia.org/wiki/Special:FilePath/TOYOTA%20JPNTAXI%20NIHONKOTSU%20TAXI%20003.jpg
http://www.wikidata.org/entity/Q42559260,Toyota JPN Taxi,http://www.wikidata.org/entity/Q3231690,модель автомобиля,http://www.wikidata.org/entity/Q53268,Toyota,Франция,2017-10-01T00:00:00Z,Toyota Comfort,,4400,1695,1750,1685,http://commons.wikimedia.org/wiki/Special:FilePath/TOYOTA%20JPNTAXI%20NIHONKOTSU%20TAXI%20003.jpg
http://www.wikidata.org/entity/Q25387325,Dome 85C,http://www.wikidata.org/entity/Q90834785,модель гоночного автомобиля,http://www.wikidata.org/entity/Q53268,Toyota,Франция,,,,,,,,http://commons.wikimedia.org/wiki/Special:FilePath/Toyota-Dome%2085C%202008%20Motorsport%20Japan.jpg
http://www.wikidata.org/entity/Q107689053,Lexus RC F GT3,http://www.wikidata.org/entity/Q90834785,модель гоночного автомобиля,http://www.wikidata.org/entity/Q53268,Toyota,Франция,,,,,,,,http://commons.wikimedia.org/wiki/Special:FilePath/2014-03-04%20Geneva%20Motor%20Show%201465.JPG
http://www.wikidata.org/entity/Q17056122,TOM's Toyota LMP,http://www.wikidata.org/entity/Q90834785,модель гоночного автомобиля,http://www.wikidata.org/entity/Q53268,Toyota,Франция,,,,,,,,
http://www.wikidata.org/entity/Q1787602,Toyota 7,http://www.wikidata.org/entity/Q90834785,модель гоночного автомобиля,http://www.wikidata.org/entity/Q53268,Toyota,Франция,,,,3750,2040,840,,http://commons.wikimedia.org/wiki/Special:FilePath/Toyota%207%201970.jpg
http://www.wikidata.org/entity/Q30340393,Toyota 87C,http://www.wikidata.org/entity/Q90834785,модель гоночного автомобиля,http://www.wikidata.org/entity/Q53268,Toyota,Франция,,,,,,,,http://commons.wikimedia.org/wiki/Special:FilePath/Toyota%2087C%20at%20Goodwood%202014%20001.jpg
http://www.wikidata.org/entity/Q7830732,Toyota 88C,http://www.wikidata.org/entity/Q90834785,модель гоночного автомобиля,http://www.wikidata.org/entity/Q53268,Toyota,Франция,,,,,,,,http://commons.wikimedia.org/wiki/Special:FilePath/R%C3%A9tromobile%202018%20-%20Toyota%2088C%20-%201988%20-%20002.jpg
http://www.wikidata.org/entity/Q16957849,Toyota 88C-V,http://www.wikidata.org/entity/Q90834785,модель гоночного автомобиля,http://www.wikidata.org/entity/Q53268,Toyota,Франция,,,,,,,,http://commons.wikimedia.org/wiki/Special:FilePath/TOYOTA%2088C-V.jpg
http://www.wikidata.org/entity/Q11321592,Toyota 89C-V,http://www.wikidata.org/entity/Q90834785,модель гоночного автомобиля,http://www.wikidata.org/entity/Q53268,Toyota,Франция,,,,,,,,http://commons.wikimedia.org/wiki/Special:FilePath/Toyota%2089C-V%20Honda%20Collection%20Hall.jpg
http://www.wikidata.org/entity/Q7830731,Toyota 90C-V,http://www.wikidata.org/entity/Q90834785,модель гоночного автомобиля,http://www.wikidata.org/entity/Q53268,Toyota,Франция,,,,,,,,http://commons.wikimedia.org/wiki/Special:FilePath/Toyota%2090C-V%202010%20JAF%20Grand%20Prix.jpg
http://www.wikidata.org/entity/Q11321595,Toyota 91C-V,http://www.wikidata.org/entity/Q90834785,модель гоночного автомобиля,http://www.wikidata.org/entity/Q53268,Toyota,Франция,,,,,,,,http://commons.wikimedia.org/wiki/Special:FilePath/Toyota%2091C-V%20%28Esso%29%20front-left%202012%20WEC%20Fuji.jpg
http://www.wikidata.org/entity/Q7830733,Toyota 92C-V,http://www.wikidata.org/entity/Q90834785,модель гоночного автомобиля,http://www.wikidata.org/entity/Q53268,Toyota,Франция,,,,,,,,http://commons.wikimedia.org/wiki/Special:FilePath/Toyota%2092C-V.jpg
http://www.wikidata.org/entity/Q11321596,Toyota 94C-V,http://www.wikidata.org/entity/Q90834785,модель гоночного автомобиля,http://www.wikidata.org/entity/Q53268,Toyota,Франция,,,,,,,,http://commons.wikimedia.org/wiki/Special:FilePath/Toyota%2094%20CV.jpg
http://www.wikidata.org/entity/Q7830769,Toyota Celica Liftback Turbo (1977),http://www.wikidata.org/entity/Q90834785,модель гоночного автомобиля,http://www.wikidata.org/entity/Q53268,Toyota,Франция,,,,,,,,
http://www.wikidata.org/entity/Q137638647,Toyota GR Corolla RC2,http://www.wikidata.org/entity/Q90834785,модель гоночного автомобиля,http://www.wikidata.org/entity/Q53268,Toyota,Франция,,,,,,,,
http://www.wikidata.org/entity/Q110127758,Toyota GR Yaris Rally1,http://www.wikidata.org/entity/Q90834785,модель гоночного автомобиля,http://www.wikidata.org/entity/Q53268,Toyota,Франция,,Toyota Yaris WRC,,4225,1875,,1260,http://commons.wikimedia.org/wiki/Special:FilePath/Suzuka%20Fan%20Thanksgiving%20Day%202022%20%2831%29%20-%20TOYOTA%20GR%20YARIS%20RALLY%201%20No.18%20in%202022%20FIA%20World%20Rally%20Championship.jpg
http://www.wikidata.org/entity/Q115189448,Toyota GR Yaris Rally2,http://www.wikidata.org/entity/Q90834785,модель гоночного автомобиля,http://www.wikidata.org/entity/Q53268,Toyota,Франция,,,,,,,,http://commons.wikimedia.org/wiki/Special:FilePath/2024%20Rally%20Japan%20Sami%20Pajari.jpg
http://www.wikidata.org/entity/Q620486,Toyota GT-One,http://www.wikidata.org/entity/Q90834785,модель гоночного автомобиля,http://www.wikidata.org/entity/Q53268,Toyota,Франция,,Toyota TS010,Toyota TS030 Hybrid,4840,2000,1125,920,http://commons.wikimedia.org/wiki/Special:FilePath/20030712%2012%20July%202003%20Toyota%20TS-020%20Mega%20Web%20Odaiba%20Tokyo%20Japan.jpg
http://www.wikidata.org/entity/Q11321459,Toyota TOM'S Celica C,http://www.wikidata.org/entity/Q90834785,модель гоночного автомобиля,http://www.wikidata.org/entity/Q53268,Toyota,Франция,,,,,,,,http://commons.wikimedia.org/wiki/Special:FilePath/83%E9%88%B4%E9%B9%BF500%202%200013.jpg
http://www.wikidata.org/entity/Q137425120,Toyota TR010 Hybrid,http://www.wikidata.org/entity/Q90834785,модель гоночного автомобиля,http://www.wikidata.org/entity/Q53268,Toyota,Франция,,Toyota GR010 Hybrid,,,,,,
http://www.wikidata.org/entity/Q2118223,Toyota TS010,http://www.wikidata.org/entity/Q90834785,модель гоночного автомобиля,http://www.wikidata.org/entity/Q53268,Toyota,Франция,,,Toyota GT-One,4800,2000,1030,750,http://commons.wikimedia.org/wiki/Special:FilePath/1992%20Toyota%20TS010%2001.jpg
http://www.wikidata.org/entity/Q746230,Toyota TS030 Hybrid,http://www.wikidata.org/entity/Q90834785,модель гоночного автомобиля,http://www.wikidata.org/entity/Q53268,Toyota,Франция,,Toyota GT-One,TOYOTA TS040 Hybrid,4650,2000,1030,900,http://commons.wikimedia.org/wiki/Special:FilePath/Toyota%20TS030%20Hybrid%202012%20WEC%20Fuji%20FP1.jpg
http://www.wikidata.org/entity/Q16518662,TOYOTA TS040 Hybrid,http://www.wikidata.org/entity/Q90834785,модель гоночного автомобиля,http://www.wikidata.org/entity/Q53268,Toyota,Франция,,Toyota TS030 Hybrid,Toyota TS050 Hybrid,4650,1900,1050,,http://commons.wikimedia.org/wiki/Special:FilePath/Toyota%20TS040%20Silverstone%20Pits.JPG
http://www.wikidata.org/entity/Q2702392,Toyota Corolla WRC,http://www.wikidata.org/entity/Q90834785,модель гоночного автомобиля,http://www.wikidata.org/entity/Q53268,Toyota,Франция,,Toyota Celica GT-Four,Toyota Yaris WRC,,,,,http://commons.wikimedia.org/wiki/Special:FilePath/Toyota%20Corolla%20WRC%2001.jpg
http://www.wikidata.org/entity/Q104987424,Toyota GR010 Hybrid,http://www.wikidata.org/entity/Q90834785,модель гоночного автомобиля,http://www.wikidata.org/entity/Q53268,Toyota,Франция,,Toyota TS050 Hybrid,Toyota TR010 Hybrid,4900,2000,1150,1040,http://commons.wikimedia.org/wiki/Special:FilePath/Osaka%20Auto%20Messe%202022%20%28125%29%20-%20No.7%20TOYOTA%20GR010%20HYBRID%20ver%202021%20FIA%20World%20Endurance%20Championship.jpg
http://www.wikidata.org/entity/Q104773273,Toyota Hilux Dakar,http://www.wikidata.org/entity/Q90834785,модель гоночного автомобиля,http://www.wikidata.org/entity/Q53268,Toyota,Франция,,,,,,,,http://commons.wikimedia.org/wiki/Special:FilePath/Toyota%20HiLux%20Dakar%20%28MSP16%29.jpg
http://www.wikidata.org/entity/Q955595,Toyota TF101,http://www.wikidata.org/entity/Q90834785,модель гоночного автомобиля,http://www.wikidata.org/entity/Q53268,Toyota,Франция,,,,,,,,http://commons.wikimedia.org/wiki/Special:FilePath/Toyota%20TF101%20Megaweb.jpg
http://www.wikidata.org/entity/Q173522,Toyota TF102,http://www.wikidata.org/entity/Q90834785,модель гоночного автомобиля,http://www.wikidata.org/entity/Q53268,Toyota,Франция,,,,,,,,http://commons.wikimedia.org/wiki/Special:FilePath/McNish%20toyota%202002.jpg
http://www.wikidata.org/entity/Q2451997,Toyota TF103,http://www.wikidata.org/entity/Q90834785,модель гоночного автомобиля,http://www.wikidata.org/entity/Q53268,Toyota,Франция,,,,,,,,http://commons.wikimedia.org/wiki/Special:FilePath/Toyota%20F1%20Car%202003.jpg
http://www.wikidata.org/entity/Q2451437,Toyota TF104,http://www.wikidata.org/entity/Q90834785,модель гоночного автомобиля,http://www.wikidata.org/entity/Q53268,Toyota,Франция,,,,,,,,http://commons.wikimedia.org/wiki/Special:FilePath/Toyota%20f1%20usgp%202004.jpg
http://www.wikidata.org/entity/Q2316571,Toyota TF105,http://www.wikidata.org/entity/Q90834785,модель гоночного автомобиля,http://www.wikidata.org/entity/Q53268,Toyota,Франция,,,,,,,,http://commons.wikimedia.org/wiki/Special:FilePath/Jarno%20Trulli%202005%20Canada%203.jpg
http://www.wikidata.org/entity/Q2315899,Toyota TF106,http://www.wikidata.org/entity/Q90834785,модель гоночного автомобиля,http://www.wikidata.org/entity/Q53268,Toyota,Франция,,,,,,,,http://commons.wikimedia.org/wiki/Special:FilePath/Rschumacheraction.jpg
http://www.wikidata.org/entity/Q2337109,Toyota TF107,http://www.wikidata.org/entity/Q90834785,модель гоночного автомобиля,http://www.wikidata.org/entity/Q53268,Toyota,Франция,,,,,,,,http://commons.wikimedia.org/wiki/Special:FilePath/Jarno%20Trulli%202007%20Bahrain%20%28crop%29.jpg
http://www.wikidata.org/entity/Q2078016,Toyota TF108,http://www.wikidata.org/entity/Q90834785,модель гоночного автомобиля,http://www.wikidata.org/entity/Q53268,Toyota,Франция,,,,,,,,http://commons.wikimedia.org/wiki/Special:FilePath/Jarno%20Trulli%202008%20Britain%203.jpg
http://www.wikidata.org/entity/Q172389,Toyota TF109,http://www.wikidata.org/entity/Q90834785,модель гоночного автомобиля,http://www.wikidata.org/entity/Q53268,Toyota,Франция,,,,,,,,http://commons.wikimedia.org/wiki/Special:FilePath/Kamui%20Kobayashi%202009%20Japan%201st%20Free%20Practice.jpg
http://www.wikidata.org/entity/Q4051660,Toyota TF110,http://www.wikidata.org/entity/Q90834785,модель гоночного автомобиля,http://www.wikidata.org/entity/Q53268,Toyota,Франция,,,,,,,,http://commons.wikimedia.org/wiki/Special:FilePath/Toyota%20TF110%20front-left%202019%20Prototyp%20Museum.jpg
http://www.wikidata.org/entity/Q133838714,Q133838714,http://www.wikidata.org/entity/Q21546143,модель грузовика,http://www.wikidata.org/entity/Q53268,Toyota,Франция,,,,,,,,http://commons.wikimedia.org/wiki/Special:FilePath/1950%20Toyota%20Model%20BM%20Truck%2001.jpg
http://www.wikidata.org/entity/Q11510546,Hino 600,http://www.wikidata.org/entity/Q21546143,модель грузовика,http://www.wikidata.org/entity/Q53268,Toyota,Франция,,,,,,,,http://commons.wikimedia.org/wiki/Special:FilePath/165Hybrid.jpg
http://www.wikidata.org/entity/Q3232635,Hino Dutro,http://www.wikidata.org/entity/Q21546143,модель грузовика,http://www.wikidata.org/entity/Q53268,Toyota,Франция,,,,,,,,http://commons.wikimedia.org/wiki/Special:FilePath/HINO%20300%20HONG%20KONG%2020151215%2001.JPG
http://www.wikidata.org/entity/Q1094045,Hino Profia,http://www.wikidata.org/entity/Q21546143,модель грузовика,http://www.wikidata.org/entity/Q53268,Toyota,Франция,,,,,,,,http://commons.wikimedia.org/wiki/Special:FilePath/Profia-dump.jpg
http://www.wikidata.org/entity/Q537998,Toyota Dyna,http://www.wikidata.org/entity/Q21546143,модель грузовика,http://www.wikidata.org/entity/Q53268,Toyota,Франция,,,,,,,,http://commons.wikimedia.org/wiki/Special:FilePath/Toyota%20Dyna%20U10%20001.JPG
http://www.wikidata.org/entity/Q3276778,Toyota Massy Dyna,http://www.wikidata.org/entity/Q21546143,модель грузовика,http://www.wikidata.org/entity/Q53268,Toyota,Франция,,,Hino Ranger,,,,,
http://www.wikidata.org/entity/Q909401,Toyota QuickDelivery,http://www.wikidata.org/entity/Q21546143,модель грузовика,http://www.wikidata.org/entity/Q53268,Toyota,Франция,,Toyota Dyna,Toyota Urban Supporter,,,,,http://commons.wikimedia.org/wiki/Special:FilePath/Toyota%20Quick%20Delivery%20100%20001.JPG
http://www.wikidata.org/entity/Q11321584,Q11321584,http://www.wikidata.org/entity/Q15057021,модель двигателя,http://www.wikidata.org/entity/Q53268,Toyota,Франция,,,,,,,,
http://www.wikidata.org/entity/Q11321603,Q11321603,http://www.wikidata.org/entity/Q15057021,модель двигателя,http://www.wikidata.org/entity/Q53268,Toyota,Франция,,,,,,,,
http://www.wikidata.org/entity/Q11321607,Q11321607,http://www.wikidata.org/entity/Q15057021,модель двигателя,http://www.wikidata.org/entity/Q53268,Toyota,Франция,,,,,,,,http://commons.wikimedia.org/wiki/Special:FilePath/Toyota%202D%20engine.jpg
http://www.wikidata.org/entity/Q11321609,Q11321609,http://www.wikidata.org/entity/Q15057021,модель двигателя,http://www.wikidata.org/entity/Q53268,Toyota,Франция,,,,,,,,
http://www.wikidata.org/entity/Q11321618,Q11321618,http://www.wikidata.org/entity/Q15057021,модель двигателя,http://www.wikidata.org/entity/Q53268,Toyota,Франция,,,,,,,,
http://www.wikidata.org/entity/Q11321619,Q11321619,http://www.wikidata.org/entity/Q15057021,модель двигателя,http://www.wikidata.org/entity/Q53268,Toyota,Франция,,,,,,,,
http://www.wikidata.org/entity/Q11321620,Q11321620,http://www.wikidata.org/entity/Q15057021,модель двигателя,http://www.wikidata.org/entity/Q53268,Toyota,Франция,,,,,,,,
http://www.wikidata.org/entity/Q16484677,Q16484677,http://www.wikidata.org/entity/Q15057021,модель двигателя,http://www.wikidata.org/entity/Q53268,Toyota,Франция,,,,,,,,http://commons.wikimedia.org/wiki/Special:FilePath/1935%20Toyota%20Type%20A%20engine.jpg
http://www.wikidata.org/entity/Q17177335,Q17177335,http://www.wikidata.org/entity/Q15057021,модель двигателя,http://www.wikidata.org/entity/Q53268,Toyota,Франция,,,,,,,,
http://www.wikidata.org/entity/Q17177418,Q17177418,http://www.wikidata.org/entity/Q15057021,модель двигателя,http://www.wikidata.org/entity/Q53268,Toyota,Франция,,,,,,,,
http://www.wikidata.org/entity/Q85872486,Q85872486,http://www.wikidata.org/entity/Q15057021,модель двигателя,http://www.wikidata.org/entity/Q53268,Toyota,Франция,,,,,,,,
http://www.wikidata.org/entity/Q123589764,1.5 L Dual VVT-i 16 V DOHC Flex Toyota engine,http://www.wikidata.org/entity/Q15057021,модель двигателя,http://www.wikidata.org/entity/Q53268,Toyota,Франция,,,,,,,,
http://www.wikidata.org/entity/Q134570195,2JZ engine,http://www.wikidata.org/entity/Q15057021,модель двигателя,http://www.wikidata.org/entity/Q53268,Toyota,Франция,,,,,,,,
http://www.wikidata.org/entity/Q11321586,Toyota 1GZ-FE engine,http://www.wikidata.org/entity/Q15057021,модель двигателя,http://www.wikidata.org/entity/Q53268,Toyota,Франция,,,,,,,,http://commons.wikimedia.org/wiki/Special:FilePath/1GZ-FE.jpg
http://www.wikidata.org/entity/Q11321585,Toyota 1JZ-GTE engine,http://www.wikidata.org/entity/Q15057021,модель двигателя,http://www.wikidata.org/entity/Q53268,Toyota,Франция,,,,,,,,
http://www.wikidata.org/entity/Q130288548,Toyota 1KR-FE engine,http://www.wikidata.org/entity/Q15057021,модель двигателя,http://www.wikidata.org/entity/Q53268,Toyota,Франция,,,,,,,,
http://www.wikidata.org/entity/Q11321587,Toyota 1NZ-FE engine,http://www.wikidata.org/entity/Q15057021,модель двигателя,http://www.wikidata.org/entity/Q53268,Toyota,Франция,,,Toyota M15A-FKS,,,,,http://commons.wikimedia.org/wiki/Special:FilePath/Toyota%201NZ-FE%20engine%20001.JPG
http://www.wikidata.org/entity/Q11321588,Toyota 1ZZ-FE,http://www.wikidata.org/entity/Q15057021,модель двигателя,http://www.wikidata.org/entity/Q53268,Toyota,Франция,,,,,,,,
http://www.wikidata.org/entity/Q16484175,Toyota 3S-GE engine,http://www.wikidata.org/entity/Q15057021,модель двигателя,http://www.wikidata.org/entity/Q53268,Toyota,Франция,,,,,,,,http://commons.wikimedia.org/wiki/Special:FilePath/Toyota%203S-GE%20%28longitudinal%29%20001.JPG
http://www.wikidata.org/entity/Q107736150,Toyota 3UZ-FE engine,http://www.wikidata.org/entity/Q15057021,модель двигателя,http://www.wikidata.org/entity/Q53268,Toyota,Франция,,,,,,,,
http://www.wikidata.org/entity/Q166695,Toyota 4A-GE engine,http://www.wikidata.org/entity/Q15057021,модель двигателя,http://www.wikidata.org/entity/Q53268,Toyota,Франция,,,,,,,,
http://www.wikidata.org/entity/Q110124181,Toyota G16E-GTS engine,http://www.wikidata.org/entity/Q15057021,модель двигателя,http://www.wikidata.org/entity/Q53268,Toyota,Франция,,,,,,,,http://commons.wikimedia.org/wiki/Special:FilePath/2021%20Toyota%20GR%20Yaris%201.6%20GXPA16R%20G16E-GTS%20engine%20%2820211117%29.jpg
http://www.wikidata.org/entity/Q48752947,Toyota V35A-FTS engine,http://www.wikidata.org/entity/Q15057021,модель двигателя,http://www.wikidata.org/entity/Q53268,Toyota,Франция,,,,,,,,http://commons.wikimedia.org/wiki/Special:FilePath/2021%20Toyota%20Land%20Cruiser%20300%20%28Colombia%29%20V35A-FTS%20V6%20petrol%20engine.png
http://www.wikidata.org/entity/Q55523172,Toyota A25A-FKS,http://www.wikidata.org/entity/Q15057021,модель двигателя,http://www.wikidata.org/entity/Q53268,Toyota,Франция,,,,,,,,http://commons.wikimedia.org/wiki/Special:FilePath/Toyota%20Camry%20Engine%20IMG%2020180408%20152456.jpg
http://www.wikidata.org/entity/Q38279373,Toyota A25A-FXS,http://www.wikidata.org/entity/Q15057021,модель двигателя,http://www.wikidata.org/entity/Q53268,Toyota,Франция,,,,,,,,http://commons.wikimedia.org/wiki/Special:FilePath/Toyota%20Camry%20Engine.jpg
http://www.wikidata.org/entity/Q86736983,Toyota M15A-FKS,http://www.wikidata.org/entity/Q15057021,модель двигателя,http://www.wikidata.org/entity/Q53268,Toyota,Франция,,Toyota 1NZ-FE engine,,,,,,http://commons.wikimedia.org/wiki/Special:FilePath/M15A-FKS%20in%20Toyota%20Yaris%20%284th-gen%29%20%281%29.jpg
http://www.wikidata.org/entity/Q86736990,Toyota M15A-FXE,http://www.wikidata.org/entity/Q15057021,модель двигателя,http://www.wikidata.org/entity/Q53268,Toyota,Франция,,,,,,,,http://commons.wikimedia.org/wiki/Special:FilePath/Lexus%20LBX%20engine.jpg
http://www.wikidata.org/entity/Q86735776,Toyota M20A-FKS,http://www.wikidata.org/entity/Q15057021,модель двигателя,http://www.wikidata.org/entity/Q53268,Toyota,Франция,,,,,,,,http://commons.wikimedia.org/wiki/Special:FilePath/M20A-FKS%202019%20Toyota%20Engine%20Corolla%20HB%20E210.jpg
http://www.wikidata.org/entity/Q11321599,Двигатель Toyota BZ,http://www.wikidata.org/entity/Q15057021,модель двигателя,http://www.wikidata.org/entity/Q53268,Toyota,Франция,,,,,,,,
http://www.wikidata.org/entity/Q7830806,Двигатель Toyota KZ,http://www.wikidata.org/entity/Q15057021,модель двигателя,http://www.wikidata.org/entity/Q53268,Toyota,Франция,,,,,,,,http://commons.wikimedia.org/wiki/Special:FilePath/MG%204971%20%2852597950652%29.jpg
http://www.wikidata.org/entity/Q88296082,Toyota E+R Classic LC21,http://www.wikidata.org/entity/Q10929058,модель объекта производства,http://www.wikidata.org/entity/Q53268,Toyota,Франция,,,,,,,,http://commons.wikimedia.org/wiki/Special:FilePath/E%2BR%20Classic%2C%20LC21.jpg
http://www.wikidata.org/entity/Q863075,Куродзудо-Аро,http://www.wikidata.org/entity/Q18487055,модель ракеты,http://www.wikidata.org/entity/Q53268,Toyota,Франция,,,,,,,,http://commons.wikimedia.org/wiki/Special:FilePath/JGSDF%20Koukidousha%20%28TOYOTA%29%2010.jpg
http://www.wikidata.org/entity/Q7830919,Toyota i-Road,http://www.wikidata.org/entity/Q29048322,модель транспортного средства,http://www.wikidata.org/entity/Q53268,Toyota,Франция,,,,,,,,http://commons.wikimedia.org/wiki/Special:FilePath/I-road%20-%20Grenoble.JPG
http://www.wikidata.org/entity/Q137393573,Toyota Crown (China),http://www.wikidata.org/entity/Q59773381,модельный ряд автомобилей,http://www.wikidata.org/entity/Q53268,Toyota,Франция,,,,,,,,http://commons.wikimedia.org/wiki/Special:FilePath/TOYOTA%20CROWN%20%28S210%29%20China%20%2870%29.jpg
http://www.wikidata.org/entity/Q137655940,Toyota Reiz,http://www.wikidata.org/entity/Q59773381,модельный ряд автомобилей,http://www.wikidata.org/entity/Q53268,Toyota,Франция,,,,,,,,http://commons.wikimedia.org/wiki/Special:FilePath/TOYOTA%20REIZ%20%28X130%29%20China%20%28162%29.jpg
http://www.wikidata.org/entity/Q243543,Toyota Corolla,http://www.wikidata.org/entity/Q59773381,модельный ряд автомобилей,http://www.wikidata.org/entity/Q53268,Toyota,Франция,,,,,,,,http://commons.wikimedia.org/wiki/Special:FilePath/2019-2022%20Toyota%20Corolla%20G-X%201.8%203BA-ZRE212%20%2820220911%29.jpg
http://www.wikidata.org/entity/Q727218,Toyota Aurion,http://www.wikidata.org/entity/Q59773381,модельный ряд автомобилей,http://www.wikidata.org/entity/Q53268,Toyota,Франция,,Toyota Avalon,,,,,,http://commons.wikimedia.org/wiki/Special:FilePath/2007%20Toyota%20Aurion%20Prodigy%2006%20%28edit%205%29.jpg
http://www.wikidata.org/entity/Q727218,Toyota Aurion,http://www.wikidata.org/entity/Q59773381,модельный ряд автомобилей,http://www.wikidata.org/entity/Q53268,Toyota,Франция,,Toyota Camry (XV30),,,,,,http://commons.wikimedia.org/wiki/Special:FilePath/2007%20Toyota%20Aurion%20Prodigy%2006%20%28edit%205%29.jpg
http://www.wikidata.org/entity/Q500035,Toyota Camry,http://www.wikidata.org/entity/Q59773381,модельный ряд автомобилей,http://www.wikidata.org/entity/Q53268,Toyota,Франция,,Toyota Corolla,,4805,,1450,,http://commons.wikimedia.org/wiki/Special:FilePath/2025%20Toyota%20Camry%20LE%20Las%20Vegas%202025.jpg
http://www.wikidata.org/entity/Q334040,Toyota Celica,http://www.wikidata.org/entity/Q59773381,модельный ряд автомобилей,http://www.wikidata.org/entity/Q53268,Toyota,Франция,,,Toyota GT86,4350,,,,http://commons.wikimedia.org/wiki/Special:FilePath/Toyota%20Celica%20T230%20GT-S%20%28XLS%20887%29%20%281%29.jpg
http://www.wikidata.org/entity/Q848607,Toyota Hilux,http://www.wikidata.org/entity/Q59773381,модельный ряд автомобилей,http://www.wikidata.org/entity/Q53268,Toyota,Франция,,Toyota Stout (Тойота Стаут ),Toyota Tacoma,,,,1500,http://commons.wikimedia.org/wiki/Special:FilePath/2025%20Toyota%20Hilux%20Travo%20Overland%20Double-Cab%202.8%20Plus%204TREX.jpg
http://www.wikidata.org/entity/Q213115,Toyota Prius,http://www.wikidata.org/entity/Q59773381,модельный ряд автомобилей,http://www.wikidata.org/entity/Q53268,Toyota,Франция,,,,,,,,http://commons.wikimedia.org/wiki/Special:FilePath/2023%20Toyota%20Prius%20Z%20HEV.jpg
http://www.wikidata.org/entity/Q4204327,Toyota Sprinter,http://www.wikidata.org/entity/Q59773381,модельный ряд автомобилей,http://www.wikidata.org/entity/Q53268,Toyota,Франция,,,,,,,,http://commons.wikimedia.org/wiki/Special:FilePath/Toyota%20Sprinter.jpg
http://www.wikidata.org/entity/Q106551740,Toyota bZ,http://www.wikidata.org/entity/Q59773381,модельный ряд автомобилей,http://www.wikidata.org/entity/Q53268,Toyota,Франция,,,,,,,,http://commons.wikimedia.org/wiki/Special:FilePath/2025%20Toyota%20bZ4X%20FWD.jpg
http://www.wikidata.org/entity/Q3536061,Toyota Corolla (E80),http://www.wikidata.org/entity/Q59773381,модельный ряд автомобилей,http://www.wikidata.org/entity/Q53268,Toyota,Франция,1983-01-01T00:00:00Z,Toyota Corolla (E70),Toyota Corolla (E90),,,,,http://commons.wikimedia.org/wiki/Special:FilePath/1987%20Toyota%20Corolla%20%28AE82%29%20CS%20sedan%20%282015-11-11%29%2001.jpg
http://www.wikidata.org/entity/Q1161691,Toyota MR2,http://www.wikidata.org/entity/Q59773381,модельный ряд автомобилей,http://www.wikidata.org/entity/Q53268,Toyota,Франция,1984-01-01T00:00:00Z,,,4170,,,,http://commons.wikimedia.org/wiki/Special:FilePath/1997%20Toyota%20MR2%20GT.jpg
http://www.wikidata.org/entity/Q11261882,Hino Briska,http://www.wikidata.org/entity/Q215601,пикап,http://www.wikidata.org/entity/Q53268,Toyota,Франция,,,Toyota Hilux,1620,1620,1640,935,http://commons.wikimedia.org/wiki/Special:FilePath/Hino%20Briska%20in%20Aden%2C%20Maala%20Straight-%201966.jpg
http://www.wikidata.org/entity/Q112127198,Toyota e-TNGA platform,http://www.wikidata.org/entity/Q632300,платформа,http://www.wikidata.org/entity/Q53268,Toyota,Франция,,,,,,,,
http://www.wikidata.org/entity/Q21279354,Toyota New Global Architecture,http://www.wikidata.org/entity/Q632300,платформа,http://www.wikidata.org/entity/Q53268,Toyota,Франция,,,,,,,,http://commons.wikimedia.org/wiki/Special:FilePath/Toyota%20Prius%204th%20gen%20SAO%202016%209118.jpg
http://www.wikidata.org/entity/Q7830896,Toyota Type 73,http://www.wikidata.org/entity/Q214833,полный привод,http://www.wikidata.org/entity/Q53268,Toyota,Франция,,,,,,,,http://commons.wikimedia.org/wiki/Special:FilePath/Type73chugataold.jpg
http://www.wikidata.org/entity/Q7830896,Toyota Type 73,http://www.wikidata.org/entity/Q214833,полный привод,http://www.wikidata.org/entity/Q53268,Toyota,Франция,,,,,,,,http://commons.wikimedia.org/wiki/Special:FilePath/Type73chugatatruck.jpg
http://www.wikidata.org/entity/Q4261107,Intelligent Parking Assist System,http://www.wikidata.org/entity/Q2424752,продукт,http://www.wikidata.org/entity/Q53268,Toyota,Франция,,,,,,,,
http://www.wikidata.org/entity/Q7830914,Двигатель Toyota ZZ,http://www.wikidata.org/entity/Q946676,рядный двигатель,http://www.wikidata.org/entity/Q53268,Toyota,Франция,,,,,,,,http://commons.wikimedia.org/wiki/Special:FilePath/2005%20toyota%20corolla%20s%20engine%201.jpg
http://www.wikidata.org/entity/Q7830899,2uz-fe,http://www.wikidata.org/entity/Q15057020,семейство двигателей,http://www.wikidata.org/entity/Q53268,Toyota,Франция,,,,,,,,http://commons.wikimedia.org/wiki/Special:FilePath/Lexus%203UZ-FE.jpg
http://www.wikidata.org/entity/Q6151214,NZ,http://www.wikidata.org/entity/Q15057020,семейство двигателей,http://www.wikidata.org/entity/Q53268,Toyota,Франция,,,,,,,,http://commons.wikimedia.org/wiki/Special:FilePath/Toyota%201NZ-FE%20engine%20001.JPG
http://www.wikidata.org/entity/Q7830911,Toyota 4Y,http://www.wikidata.org/entity/Q15057020,семейство двигателей,http://www.wikidata.org/entity/Q53268,Toyota,Франция,,,,,,,,http://commons.wikimedia.org/wiki/Special:FilePath/Toyota%202Y-PU.jpg
http://www.wikidata.org/entity/Q60985818,Toyota Dynamic Force,http://www.wikidata.org/entity/Q15057020,семейство двигателей,http://www.wikidata.org/entity/Q53268,Toyota,Франция,,,,,,,,http://commons.wikimedia.org/wiki/Special:FilePath/2018%20Toyota%20Crown%20Hybrid%20A25A-FXS.jpg
http://www.wikidata.org/entity/Q7830802,Toyota KD (двигатель),http://www.wikidata.org/entity/Q15057020,семейство двигателей,http://www.wikidata.org/entity/Q53268,Toyota,Франция,,Двигатель Toyota KZ,Двигатель Toyota GD,,,,,http://commons.wikimedia.org/wiki/Special:FilePath/Toyota%201KD-FTV%20Engine%2001.JPG
http://www.wikidata.org/entity/Q7830802,Toyota KD (двигатель),http://www.wikidata.org/entity/Q15057020,семейство двигателей,http://www.wikidata.org/entity/Q53268,Toyota,Франция,,Двигатель Toyota L,Двигатель Toyota GD,,,,,http://commons.wikimedia.org/wiki/Special:FilePath/Toyota%201KD-FTV%20Engine%2001.JPG
http://www.wikidata.org/entity/Q7830844,Toyota NR,http://www.wikidata.org/entity/Q15057020,семейство двигателей,http://www.wikidata.org/entity/Q53268,Toyota,Франция,,,,,,,,http://commons.wikimedia.org/wiki/Special:FilePath/Corolla%20Sport%208NR-FTS.jpg
http://www.wikidata.org/entity/Q7830866,Toyota SZ,http://www.wikidata.org/entity/Q15057020,семейство двигателей,http://www.wikidata.org/entity/Q53268,Toyota,Франция,,,,,,,,http://commons.wikimedia.org/wiki/Special:FilePath/Toyota%201SZ-FE%20engine.jpg
http://www.wikidata.org/entity/Q4924661,Двигатели Toyota 1G,http://www.wikidata.org/entity/Q15057020,семейство двигателей,http://www.wikidata.org/entity/Q53268,Toyota,Франция,,,,,,,,http://commons.wikimedia.org/wiki/Special:FilePath/Toyota%201G-GTE%20GZ20%20Soarer.JPG
http://www.wikidata.org/entity/Q253082,Двигатель Toyota A,http://www.wikidata.org/entity/Q15057020,семейство двигателей,http://www.wikidata.org/entity/Q53268,Toyota,Франция,,,,,,,,
http://www.wikidata.org/entity/Q7830734,Двигатель Toyota AD,http://www.wikidata.org/entity/Q15057020,семейство двигателей,http://www.wikidata.org/entity/Q53268,Toyota,Франция,,,,,,,,http://commons.wikimedia.org/wiki/Special:FilePath/Toyota%201AD-FTV.JPG
http://www.wikidata.org/entity/Q7830736,Двигатель Toyota AR,http://www.wikidata.org/entity/Q15057020,семейство двигателей,http://www.wikidata.org/entity/Q53268,Toyota,Франция,,,,,,,,http://commons.wikimedia.org/wiki/Special:FilePath/2AR-FE%202014%20Camry%20SE.jpg
http://www.wikidata.org/entity/Q7830739,Двигатель Toyota AZ,http://www.wikidata.org/entity/Q15057020,семейство двигателей,http://www.wikidata.org/entity/Q53268,Toyota,Франция,,,,,,,,http://commons.wikimedia.org/wiki/Special:FilePath/Toyota%202AZ-FE%20engine%20001.JPG
http://www.wikidata.org/entity/Q7830779,Двигатель Toyota E,http://www.wikidata.org/entity/Q15057020,семейство двигателей,http://www.wikidata.org/entity/Q53268,Toyota,Франция,,,,,,,,http://commons.wikimedia.org/wiki/Special:FilePath/Toyota%201E.jpg
http://www.wikidata.org/entity/Q7830785,Двигатель Toyota F,http://www.wikidata.org/entity/Q15057020,семейство двигателей,http://www.wikidata.org/entity/Q53268,Toyota,Франция,,,,,,,,
http://www.wikidata.org/entity/Q115237606,Двигатель Toyota F33A,http://www.wikidata.org/entity/Q15057020,семейство двигателей,http://www.wikidata.org/entity/Q53268,Toyota,Франция,,,,,,,,
http://www.wikidata.org/entity/Q7830783,Двигатель Toyota FZ,http://www.wikidata.org/entity/Q15057020,семейство двигателей,http://www.wikidata.org/entity/Q53268,Toyota,Франция,,,,,,,,
http://www.wikidata.org/entity/Q98614352,Двигатель Toyota G16E,http://www.wikidata.org/entity/Q15057020,семейство двигателей,http://www.wikidata.org/entity/Q53268,Toyota,Франция,,,,,,,,http://commons.wikimedia.org/wiki/Special:FilePath/Toyota%20GR%20YARIS%20RZ%22High%20performance%22%20%283BA-GXPA16%29%20%288%29.jpg
http://www.wikidata.org/entity/Q20038327,Двигатель Toyota GD,http://www.wikidata.org/entity/Q15057020,семейство двигателей,http://www.wikidata.org/entity/Q53268,Toyota,Франция,,Toyota KD (двигатель),,,,,,http://commons.wikimedia.org/wiki/Special:FilePath/Toyota%201GD-FTV%2001.jpg
http://www.wikidata.org/entity/Q7830788,Двигатель Toyota GR,http://www.wikidata.org/entity/Q15057020,семейство двигателей,http://www.wikidata.org/entity/Q53268,Toyota,Франция,,,,,,,,http://commons.wikimedia.org/wiki/Special:FilePath/2008%20Toyota%20Aurion%20%28GSV40R%29%20Sportivo%20ZR6%20sedan%20%282008-10-10%29%2003.jpg
http://www.wikidata.org/entity/Q7830789,Двигатель Toyota GZ,http://www.wikidata.org/entity/Q15057020,семейство двигателей,http://www.wikidata.org/entity/Q53268,Toyota,Франция,,,,,,,,http://commons.wikimedia.org/wiki/Special:FilePath/1GZ-FE.jpg
http://www.wikidata.org/entity/Q281930,Двигатель Toyota K,http://www.wikidata.org/entity/Q15057020,семейство двигателей,http://www.wikidata.org/entity/Q53268,Toyota,Франция,,,,,,,,
http://www.wikidata.org/entity/Q7830810,Двигатель Toyota LR,http://www.wikidata.org/entity/Q15057020,семейство двигателей,http://www.wikidata.org/entity/Q53268,Toyota,Франция,,,,,,,,http://commons.wikimedia.org/wiki/Special:FilePath/Toyota%201LR-GUE%20engine.jpg
http://www.wikidata.org/entity/Q7830819,Двигатель Toyota M,http://www.wikidata.org/entity/Q15057020,семейство двигателей,http://www.wikidata.org/entity/Q53268,Toyota,Франция,,,,,,,,http://commons.wikimedia.org/wiki/Special:FilePath/2M-G%20for%20the%20famous%20Toyota%202000GT%20-%20Flickr%20-%20Moto%40Club4AG.jpg
http://www.wikidata.org/entity/Q7830817,Двигатель Toyota MZ,http://www.wikidata.org/entity/Q15057020,семейство двигателей,http://www.wikidata.org/entity/Q53268,Toyota,Франция,,Двигатель Toyota VZ,Двигатель Toyota GR,,,,,http://commons.wikimedia.org/wiki/Special:FilePath/1999Camry1mzfev6engine.jpg
http://www.wikidata.org/entity/Q7830843,Двигатель Toyota ND,http://www.wikidata.org/entity/Q15057020,семейство двигателей,http://www.wikidata.org/entity/Q53268,Toyota,Франция,,,,,,,,
http://www.wikidata.org/entity/Q7830850,Двигатель Toyota P,http://www.wikidata.org/entity/Q15057020,семейство двигателей,http://www.wikidata.org/entity/Q53268,Toyota,Франция,,,,,,,,
http://www.wikidata.org/entity/Q82735,Двигатель Toyota S,http://www.wikidata.org/entity/Q15057020,семейство двигателей,http://www.wikidata.org/entity/Q53268,Toyota,Франция,,,,,,,,http://commons.wikimedia.org/wiki/Special:FilePath/5S-FE%20Engine.jpg
http://www.wikidata.org/entity/Q7830883,Двигатель Toyota TR,http://www.wikidata.org/entity/Q15057020,семейство двигателей,http://www.wikidata.org/entity/Q53268,Toyota,Франция,,,,,,,,http://commons.wikimedia.org/wiki/Special:FilePath/Toyota%202TR-FE.jpg
http://www.wikidata.org/entity/Q7830882,Двигатель Toyota TZ,http://www.wikidata.org/entity/Q15057020,семейство двигателей,http://www.wikidata.org/entity/Q53268,Toyota,Франция,,,,,,,,
http://www.wikidata.org/entity/Q7830900,Двигатель Toyota U,http://www.wikidata.org/entity/Q15057020,семейство двигателей,http://www.wikidata.org/entity/Q53268,Toyota,Франция,,,,,,,,
http://www.wikidata.org/entity/Q7830901,Двигатель Toyota VD,http://www.wikidata.org/entity/Q15057020,семейство двигателей,http://www.wikidata.org/entity/Q53268,Toyota,Франция,,,,,,,,http://commons.wikimedia.org/wiki/Special:FilePath/Toyota%201VD-FTV%20Engine.JPG
http://www.wikidata.org/entity/Q7830904,Двигатель Toyota VZ,http://www.wikidata.org/entity/Q15057020,семейство двигателей,http://www.wikidata.org/entity/Q53268,Toyota,Франция,,,,,,,,http://commons.wikimedia.org/wiki/Special:FilePath/Toyota%202VZ-FE%20engine.jpg
http://www.wikidata.org/entity/Q7830914,Двигатель Toyota ZZ,http://www.wikidata.org/entity/Q15057020,семейство двигателей,http://www.wikidata.org/entity/Q53268,Toyota,Франция,,,,,,,,http://commons.wikimedia.org/wiki/Special:FilePath/2005%20toyota%20corolla%20s%20engine%201.jpg
http://www.wikidata.org/entity/Q2061130,двигатель Toyota JZ,http://www.wikidata.org/entity/Q15057020,семейство двигателей,http://www.wikidata.org/entity/Q53268,Toyota,Франция,,,,,,,,http://commons.wikimedia.org/wiki/Special:FilePath/MK4%20supra%20engine%20bay.JPG
http://www.wikidata.org/entity/Q4261107,Intelligent Parking Assist System,http://www.wikidata.org/entity/Q58778,система,http://www.wikidata.org/entity/Q53268,Toyota,Франция,,,,,,,,
http://www.wikidata.org/entity/Q16482687,Q16482687,http://www.wikidata.org/entity/Q13406463,статья-список в проекте Викимедиа,http://www.wikidata.org/entity/Q53268,Toyota,Франция,,,,,,,,
http://www.wikidata.org/entity/Q22981557,"Toyota concept vehicles, 2010–19",http://www.wikidata.org/entity/Q13406463,статья-список в проекте Викимедиа,http://www.wikidata.org/entity/Q53268,Toyota,Франция,,,,3400,1880,1550,,http://commons.wikimedia.org/wiki/Special:FilePath/Toyota%20FT-86%20Gs1001.JPG
http://www.wikidata.org/entity/Q2493909,Список автомобилей Toyota,http://www.wikidata.org/entity/Q13406463,статья-список в проекте Викимедиа,http://www.wikidata.org/entity/Q53268,Toyota,Франция,,,,,,,,
http://www.wikidata.org/entity/Q2447216,Toyota Tarago,http://www.wikidata.org/entity/Q4167410,страница значений в проекте Викимедиа,http://www.wikidata.org/entity/Q53268,Toyota,Франция,,,,,,,,
http://www.wikidata.org/entity/Q11186586,IMTS-00 series,http://www.wikidata.org/entity/Q811704,тип подвижного состава,http://www.wikidata.org/entity/Q53268,Toyota,Франция,,,,,,,,http://commons.wikimedia.org/wiki/Special:FilePath/TOYOTA%20IMTS%2004.jpg
http://www.wikidata.org/entity/Q88296082,Toyota E+R Classic LC21,http://www.wikidata.org/entity/Q49013,швейная машина,http://www.wikidata.org/entity/Q53268,Toyota,Франция,,,,,,,,http://commons.wikimedia.org/wiki/Special:FilePath/E%2BR%20Classic%2C%20LC21.jpg
http://www.wikidata.org/entity/Q129803551,Toyota LQ Concept (2019),http://www.wikidata.org/entity/Q193692,электромобиль,http://www.wikidata.org/entity/Q53268,Toyota,Франция,,,,,,,,http://commons.wikimedia.org/wiki/Special:FilePath/2023%20Denver%20Auto%20Show%20Toyota%20LQ%20Concept%20front%20quarter.jpg
http://www.wikidata.org/entity/Q90882060,Škoda 1100 MBX,http://www.wikidata.org/entity/Q9396958,Škoda 1100 MB,http://www.wikidata.org/entity/Q29637,Škoda Auto,Чехия,,,,,,,,http://commons.wikimedia.org/wiki/Special:FilePath/Skoda%201000%20MBX%20%2825801229633%29.jpg
http://www.wikidata.org/entity/Q90701195,Škoda Forman Plus,http://www.wikidata.org/entity/Q9396975,Škoda Forman,http://www.wikidata.org/entity/Q29637,Škoda Auto,Чехия,,,,,,,,http://commons.wikimedia.org/wiki/Special:FilePath/Brno%2C%20Wurmova%2C%20%C5%A0koda%20Forman%20Plus.jpg
http://www.wikidata.org/entity/Q90701197,Škoda Forman Praktik,http://www.wikidata.org/entity/Q9396975,Škoda Forman,http://www.wikidata.org/entity/Q29637,Škoda Auto,Чехия,,,,,,,,http://commons.wikimedia.org/wiki/Special:FilePath/Pardubice%2C%20s%C3%ADdli%C5%A1t%C4%9B%20Dubina%2C%20Jana%20Zaj%C3%ADce%2C%20%C5%A0koda%20Forman%20Praktik.jpg
http://www.wikidata.org/entity/Q90701188,Škoda 1000 MB Combi,http://www.wikidata.org/entity/Q391825,Škoda 1000 MB,http://www.wikidata.org/entity/Q29637,Škoda Auto,Чехия,,,,,,,,http://commons.wikimedia.org/wiki/Special:FilePath/SkodaPrototyp990%28Skoda%201000%20MB%20Combi%29%20%282%29.JPG
http://www.wikidata.org/entity/Q90884099,Škoda 1202 Kamyonet,http://www.wikidata.org/entity/Q391847,Škoda 1202,http://www.wikidata.org/entity/Q29637,Škoda Auto,Чехия,,,,,,,,http://commons.wikimedia.org/wiki/Special:FilePath/Skoda%201202%20with%20Pick%20up%20body%20built%20in%20Turkey%20by%20Celik%20Motor.%20%2816324740590%29%20-%20cropped.jpg
http://www.wikidata.org/entity/Q90701223,Škoda Favorit prototype,http://www.wikidata.org/entity/Q391996,Škoda Favorit,http://www.wikidata.org/entity/Q29637,Škoda Auto,Чехия,,,,,,,,http://commons.wikimedia.org/wiki/Special:FilePath/SkodaFavoritCoupe.JPG
http://www.wikidata.org/entity/Q90701327,Škoda Favorit sedan,http://www.wikidata.org/entity/Q391996,Škoda Favorit,http://www.wikidata.org/entity/Q29637,Škoda Auto,Чехия,,,,,,,,http://commons.wikimedia.org/wiki/Special:FilePath/%C5%A0koda%20auto%20museum%20FSedan.JPG
http://www.wikidata.org/entity/Q90701201,Škoda Pick-up,http://www.wikidata.org/entity/Q391996,Škoda Favorit,http://www.wikidata.org/entity/Q29637,Škoda Auto,Чехия,,,,,,,,http://commons.wikimedia.org/wiki/Special:FilePath/Skoda%20Favorit%20LX%20Pick%20up%201995%20%2826525339629%29.jpg
http://www.wikidata.org/entity/Q90700853,Škoda Kodiaq RS,http://www.wikidata.org/entity/Q11832265,Škoda Kodiaq,http://www.wikidata.org/entity/Q29637,Škoda Auto,Чехия,,,,,,,,http://commons.wikimedia.org/wiki/Special:FilePath/Skoda%20Kodiaq%20RS%20at%20IAA%202019%20IMG%200788.jpg
http://www.wikidata.org/entity/Q90882055,Škoda Octavia Combi (1961 - 1971),http://www.wikidata.org/entity/Q2439814,Škoda Octavia,http://www.wikidata.org/entity/Q29637,Škoda Auto,Чехия,,,,,,,,http://commons.wikimedia.org/wiki/Special:FilePath/2010-07-30%20Skoda%20Octavia%20Combi%20%281959%20-%201971%29%20%282%29.jpg
http://www.wikidata.org/entity/Q90701134,Škoda Rapid (China),http://www.wikidata.org/entity/Q180270,Škoda Rapid,http://www.wikidata.org/entity/Q29637,Škoda Auto,Чехия,,,,,,,,http://commons.wikimedia.org/wiki/Special:FilePath/%C5%A0koda%20Rapid%20CN%20China%202013-03-03.jpg
http://www.wikidata.org/entity/Q90701141,Škoda Rapid Sport,http://www.wikidata.org/entity/Q180270,Škoda Rapid,http://www.wikidata.org/entity/Q29637,Škoda Auto,Чехия,,,,,,,,http://commons.wikimedia.org/wiki/Special:FilePath/Rapid%20Sport.jpg
http://www.wikidata.org/entity/Q3594275,Škoda 105,http://www.wikidata.org/entity/Q1420,автомобиль,http://www.wikidata.org/entity/Q29637,Škoda Auto,Чехия,,,Škoda Favorit,,,,,http://commons.wikimedia.org/wiki/Special:FilePath/%C5%A0koda%20105%20BJ%201978%20%28Foto%20Hilarmont%29%20%284%29%20%28cropped%29.jpg
http://www.wikidata.org/entity/Q98526234,Škoda 130 L/A,http://www.wikidata.org/entity/Q673687,гоночный автомобиль,http://www.wikidata.org/entity/Q29637,Škoda Auto,Чехия,,,,,,,,http://commons.wikimedia.org/wiki/Special:FilePath/2015%20Rally%20Bohemia%20Historic%20-%20Jun.jpg
http://www.wikidata.org/entity/Q98526141,Škoda 130 LR,http://www.wikidata.org/entity/Q673687,гоночный автомобиль,http://www.wikidata.org/entity/Q29637,Škoda Auto,Чехия,,,,,,,,http://commons.wikimedia.org/wiki/Special:FilePath/13-04-05-Skoda%20Museum%20Mlad%C3%A1%20Boleslav%20by%20RalfR-021.jpg
http://www.wikidata.org/entity/Q10259041,Category:Škoda Octavia,http://www.wikidata.org/entity/Q4167836,категория в проекте Викимедиа,http://www.wikidata.org/entity/Q29637,Škoda Auto,Чехия,,,,,,,,
http://www.wikidata.org/entity/Q51078938,Skoda Yeti Roadster,http://www.wikidata.org/entity/Q850270,концепт-кар,http://www.wikidata.org/entity/Q29637,Škoda Auto,Чехия,,,,,,,,http://commons.wikimedia.org/wiki/Special:FilePath/Techno%20Classica%202018%2C%20Essen%20%28IMG%209662%29.jpg
http://www.wikidata.org/entity/Q329909,ÚVMV 1100 GT,http://www.wikidata.org/entity/Q850270,концепт-кар,http://www.wikidata.org/entity/Q29637,Škoda Auto,Чехия,,,,,,,,http://commons.wikimedia.org/wiki/Special:FilePath/Skoda1100gt.jpg
http://www.wikidata.org/entity/Q9396957,Škoda 1101 Taub,http://www.wikidata.org/entity/Q850270,концепт-кар,http://www.wikidata.org/entity/Q29637,Škoda Auto,Чехия,,,,,,,,
http://www.wikidata.org/entity/Q391934,Škoda 932,http://www.wikidata.org/entity/Q850270,концепт-кар,http://www.wikidata.org/entity/Q29637,Škoda Auto,Чехия,,,,,,,,
http://www.wikidata.org/entity/Q391937,Škoda 935,http://www.wikidata.org/entity/Q850270,концепт-кар,http://www.wikidata.org/entity/Q29637,Škoda Auto,Чехия,,,,,,,,http://commons.wikimedia.org/wiki/Special:FilePath/%C5%A0koda%20935.jpg
http://www.wikidata.org/entity/Q391939,Škoda 973,http://www.wikidata.org/entity/Q850270,концепт-кар,http://www.wikidata.org/entity/Q29637,Škoda Auto,Чехия,,Q11838654,,,,,,http://commons.wikimedia.org/wiki/Special:FilePath/%C5%A0koda%20Museum%20-%20%C5%A0koda%20973%20Babeta.JPG
http://www.wikidata.org/entity/Q392006,Škoda Joyster,http://www.wikidata.org/entity/Q850270,концепт-кар,http://www.wikidata.org/entity/Q29637,Škoda Auto,Чехия,,,,,,,,http://commons.wikimedia.org/wiki/Special:FilePath/%C5%A0koda%20Joyster.jpg
http://www.wikidata.org/entity/Q392013,Škoda MOŽ-2,http://www.wikidata.org/entity/Q850270,концепт-кар,http://www.wikidata.org/entity/Q29637,Škoda Auto,Чехия,,,,,,,,http://commons.wikimedia.org/wiki/Special:FilePath/%C5%A0koda%20MO%C5%BD-2%2C%20VTM%20Le%C5%A1any.jpg
http://www.wikidata.org/entity/Q392012,Škoda MissionL,http://www.wikidata.org/entity/Q850270,концепт-кар,http://www.wikidata.org/entity/Q29637,Škoda Auto,Чехия,,,Škoda Rapid,,,,,http://commons.wikimedia.org/wiki/Special:FilePath/11-09-04-iaa-by-RalfR-394.jpg
http://www.wikidata.org/entity/Q392052,Škoda Sagitta,http://www.wikidata.org/entity/Q850270,концепт-кар,http://www.wikidata.org/entity/Q29637,Škoda Auto,Чехия,,,,,,,,http://commons.wikimedia.org/wiki/Special:FilePath/Skoda%20Sagitta%201936-1937%20seitlich.JPG
http://www.wikidata.org/entity/Q392076,Škoda Tudor (2002),http://www.wikidata.org/entity/Q850270,концепт-кар,http://www.wikidata.org/entity/Q29637,Škoda Auto,Чехия,,,,,,,,http://commons.wikimedia.org/wiki/Special:FilePath/Skoda%20tudor%202002-1.jpg
http://www.wikidata.org/entity/Q392076,Škoda Tudor (2002),http://www.wikidata.org/entity/Q850270,концепт-кар,http://www.wikidata.org/entity/Q29637,Škoda Auto,Чехия,,,,,,,,http://commons.wikimedia.org/wiki/Special:FilePath/Skoda%20tudor%202002-2.jpg
http://www.wikidata.org/entity/Q392076,Škoda Tudor (2002),http://www.wikidata.org/entity/Q850270,концепт-кар,http://www.wikidata.org/entity/Q29637,Škoda Auto,Чехия,,,,,,,,http://commons.wikimedia.org/wiki/Special:FilePath/SkodaTudorConceptbyAlofok%281%29.JPG
http://www.wikidata.org/entity/Q392084,Škoda Vision D,http://www.wikidata.org/entity/Q850270,концепт-кар,http://www.wikidata.org/entity/Q29637,Škoda Auto,Чехия,,,,,,,,http://commons.wikimedia.org/wiki/Special:FilePath/13-04-05-Skoda%20Museum%20Mlad%C3%A1%20Boleslav%20by%20RalfR-206.jpg
http://www.wikidata.org/entity/Q56884256,Škoda Vision RS,http://www.wikidata.org/entity/Q850270,концепт-кар,http://www.wikidata.org/entity/Q29637,Škoda Auto,Чехия,,,,,,,,http://commons.wikimedia.org/wiki/Special:FilePath/Skoda%20Vision%20RS%20-%20Mondial%20de%20l%27Automobile%20de%20Paris%202018%20-%20003.jpg
http://www.wikidata.org/entity/Q50388201,Škoda Vision X,http://www.wikidata.org/entity/Q850270,концепт-кар,http://www.wikidata.org/entity/Q29637,Škoda Auto,Чехия,,,,,,,,http://commons.wikimedia.org/wiki/Special:FilePath/Skoda%2C%20GIMS%202018%2C%20Le%20Grand-Saconnex%20%281X7A1562%29.jpg
http://www.wikidata.org/entity/Q50388201,Škoda Vision X,http://www.wikidata.org/entity/Q850270,концепт-кар,http://www.wikidata.org/entity/Q29637,Škoda Auto,Чехия,,,,,,,,http://commons.wikimedia.org/wiki/Special:FilePath/Tuning%20World%20Bodensee%202018%2C%20Friedrichshafen%20%28OW1A0584%29.jpg
http://www.wikidata.org/entity/Q16295647,Škoda VisionC,http://www.wikidata.org/entity/Q850270,концепт-кар,http://www.wikidata.org/entity/Q29637,Škoda Auto,Чехия,,,,,,,,http://commons.wikimedia.org/wiki/Special:FilePath/2014-03-04%20Geneva%20Motor%20Show%201332-1.JPG
http://www.wikidata.org/entity/Q113534255,Škoda Vision 7S,http://www.wikidata.org/entity/Q850270,концепт-кар,http://www.wikidata.org/entity/Q29637,Škoda Auto,Чехия,,,,,,,,http://commons.wikimedia.org/wiki/Special:FilePath/%C5%A0koda%20Vision%207S.png
http://www.wikidata.org/entity/Q10403838,Škoda 256,http://www.wikidata.org/entity/Q23039057,модель автобуса,http://www.wikidata.org/entity/Q29637,Škoda Auto,Чехия,,,,,,,,http://commons.wikimedia.org/wiki/Special:FilePath/%C5%A0koda%20256%20G%20in%20the%20Po%C5%99e%C5%BEany%20museum.jpg
http://www.wikidata.org/entity/Q10403750,Škoda 21Ab,http://www.wikidata.org/entity/Q23039057,модель автобуса,http://www.wikidata.org/entity/Q29637,Škoda Auto,Чехия,1995-01-01T00:00:00Z,,,11560,2500,2823,9600,http://commons.wikimedia.org/wiki/Special:FilePath/Brno%2C%20%C5%98e%C4%8Dkovice%2C%20depozit%C3%A1%C5%99%20TMB%2C%20%C5%A0koda%2021Ab%20%C4%8D.%20362%20%2801%29.jpg
http://www.wikidata.org/entity/Q10404678,Škoda H12,http://www.wikidata.org/entity/Q23039057,модель автобуса,http://www.wikidata.org/entity/Q29637,Škoda Auto,Чехия,2012-01-01T00:00:00Z,,,12000,2550,3250,,http://commons.wikimedia.org/wiki/Special:FilePath/Solaris%20Urbino%20%C5%A0koda%20Hybridbus.jpg
http://www.wikidata.org/entity/Q10403322,Q10403322,http://www.wikidata.org/entity/Q3231690,модель автомобиля,http://www.wikidata.org/entity/Q29637,Škoda Auto,Чехия,,,,,,,,http://commons.wikimedia.org/wiki/Special:FilePath/%C5%A0koda%20100%20%281939%29.jpg
http://www.wikidata.org/entity/Q10404063,Q10404063,http://www.wikidata.org/entity/Q3231690,модель автомобиля,http://www.wikidata.org/entity/Q29637,Škoda Auto,Чехия,,,,,,,,
http://www.wikidata.org/entity/Q10404082,Q10404082,http://www.wikidata.org/entity/Q3231690,модель автомобиля,http://www.wikidata.org/entity/Q29637,Škoda Auto,Чехия,,,,,,,,
http://www.wikidata.org/entity/Q10404317,Q10404317,http://www.wikidata.org/entity/Q3231690,модель автомобиля,http://www.wikidata.org/entity/Q29637,Škoda Auto,Чехия,,,,,,,,http://commons.wikimedia.org/wiki/Special:FilePath/%C5%A0koda%206%20ST%206-L.gif
http://www.wikidata.org/entity/Q10404862,Q10404862,http://www.wikidata.org/entity/Q3231690,модель автомобиля,http://www.wikidata.org/entity/Q29637,Škoda Auto,Чехия,,,,,,,,http://commons.wikimedia.org/wiki/Special:FilePath/%C5%A0koda%20L.gif
http://www.wikidata.org/entity/Q11838654,Q11838654,http://www.wikidata.org/entity/Q3231690,модель автомобиля,http://www.wikidata.org/entity/Q29637,Škoda Auto,Чехия,,,Škoda 973,,,,,http://commons.wikimedia.org/wiki/Special:FilePath/%C5%A0koda%20Combat%20Tudor%20%287581431548%29.jpg
http://www.wikidata.org/entity/Q12017919,Q12017919,http://www.wikidata.org/entity/Q3231690,модель автомобиля,http://www.wikidata.org/entity/Q29637,Škoda Auto,Чехия,,,,,,,,http://commons.wikimedia.org/wiki/Special:FilePath/BAZ%20Furgonet.JPG
http://www.wikidata.org/entity/Q125844347,Q125844347,http://www.wikidata.org/entity/Q3231690,модель автомобиля,http://www.wikidata.org/entity/Q29637,Škoda Auto,Чехия,,,,,,,,
http://www.wikidata.org/entity/Q42652687,Q42652687,http://www.wikidata.org/entity/Q3231690,модель автомобиля,http://www.wikidata.org/entity/Q29637,Škoda Auto,Чехия,,,,,,,,
http://www.wikidata.org/entity/Q60980858,Q60980858,http://www.wikidata.org/entity/Q3231690,модель автомобиля,http://www.wikidata.org/entity/Q29637,Škoda Auto,Чехия,,,,,,,,http://commons.wikimedia.org/wiki/Special:FilePath/Skoda%20Kamiq%20Genf%202019%201Y7A5520.jpg
http://www.wikidata.org/entity/Q91024251,Q91024251,http://www.wikidata.org/entity/Q3231690,модель автомобиля,http://www.wikidata.org/entity/Q29637,Škoda Auto,Чехия,,,,,,,,http://commons.wikimedia.org/wiki/Special:FilePath/%C5%A0koda%20Targa%20at%20Legendy%202014.JPG
http://www.wikidata.org/entity/Q91450807,Q91450807,http://www.wikidata.org/entity/Q3231690,модель автомобиля,http://www.wikidata.org/entity/Q29637,Škoda Auto,Чехия,,,,,,,,http://commons.wikimedia.org/wiki/Special:FilePath/%C5%A0koda%20Element%20Azubi%20Car%202017%20at%20Legendy%202018%20in%20Prague.jpg
http://www.wikidata.org/entity/Q9396968,Q9396968,http://www.wikidata.org/entity/Q3231690,модель автомобиля,http://www.wikidata.org/entity/Q29637,Škoda Auto,Чехия,,,Škoda Octavia,,,,,
http://www.wikidata.org/entity/Q9396972,Q9396972,http://www.wikidata.org/entity/Q3231690,модель автомобиля,http://www.wikidata.org/entity/Q29637,Škoda Auto,Чехия,,,,,,,,
http://www.wikidata.org/entity/Q21285732,HZS-1,http://www.wikidata.org/entity/Q3231690,модель автомобиля,http://www.wikidata.org/entity/Q29637,Škoda Auto,Чехия,,,,,,,,http://commons.wikimedia.org/wiki/Special:FilePath/HZS-1%20ve%20Va%C5%88kovce%20obr10.jpg
http://www.wikidata.org/entity/Q12032400,LIAZ / Škoda 706 RT,http://www.wikidata.org/entity/Q3231690,модель автомобиля,http://www.wikidata.org/entity/Q29637,Škoda Auto,Чехия,,,,,,,,http://commons.wikimedia.org/wiki/Special:FilePath/Brno%2C%20%C5%98e%C4%8Dkovice%2C%20depozit%C3%A1%C5%99%20TMB%2C%20valn%C3%ADk%20%C5%A0koda.jpg
http://www.wikidata.org/entity/Q90884070,MTX 1-01,http://www.wikidata.org/entity/Q3231690,модель автомобиля,http://www.wikidata.org/entity/Q29637,Škoda Auto,Чехия,,,,,,,,http://commons.wikimedia.org/wiki/Special:FilePath/%C5%A0koda%20MTX%201-01%20at%20Legendy%202018%20in%20Prague.jpg
http://www.wikidata.org/entity/Q51078938,Skoda Yeti Roadster,http://www.wikidata.org/entity/Q3231690,модель автомобиля,http://www.wikidata.org/entity/Q29637,Škoda Auto,Чехия,,,,,,,,http://commons.wikimedia.org/wiki/Special:FilePath/Techno%20Classica%202018%2C%20Essen%20%28IMG%209662%29.jpg
http://www.wikidata.org/entity/Q1128232,Trekka,http://www.wikidata.org/entity/Q3231690,модель автомобиля,http://www.wikidata.org/entity/Q29637,Škoda Auto,Чехия,,,,4200,1650,,,http://commons.wikimedia.org/wiki/Special:FilePath/TrekkaNZ.jpg
http://www.wikidata.org/entity/Q329909,ÚVMV 1100 GT,http://www.wikidata.org/entity/Q3231690,модель автомобиля,http://www.wikidata.org/entity/Q29637,Škoda Auto,Чехия,,,,,,,,http://commons.wikimedia.org/wiki/Special:FilePath/Skoda1100gt.jpg
http://www.wikidata.org/entity/Q90701188,Škoda 1000 MB Combi,http://www.wikidata.org/entity/Q3231690,модель автомобиля,http://www.wikidata.org/entity/Q29637,Škoda Auto,Чехия,,,,,,,,http://commons.wikimedia.org/wiki/Special:FilePath/SkodaPrototyp990%28Skoda%201000%20MB%20Combi%29%20%282%29.JPG
http://www.wikidata.org/entity/Q137798766,Škoda 1000 MB/1100 MB,http://www.wikidata.org/entity/Q3231690,модель автомобиля,http://www.wikidata.org/entity/Q29637,Škoda Auto,Чехия,,Škoda Octavia,Škoda 100,,,,,http://commons.wikimedia.org/wiki/Special:FilePath/Skoda%201000%20MB%20%281965%29%20%28cropped%29.jpg
http://www.wikidata.org/entity/Q137798859,Škoda 1000 MBX/1100 MBX,http://www.wikidata.org/entity/Q3231690,модель автомобиля,http://www.wikidata.org/entity/Q29637,Škoda Auto,Чехия,,Škoda Octavia,,,,,,http://commons.wikimedia.org/wiki/Special:FilePath/%C5%A0koda%201000%20MBX%20%281967%29.jpg
http://www.wikidata.org/entity/Q10403352,Škoda 104,http://www.wikidata.org/entity/Q3231690,модель автомобиля,http://www.wikidata.org/entity/Q29637,Škoda Auto,Чехия,,,,,,,,http://commons.wikimedia.org/wiki/Special:FilePath/Brno%2C%20%C5%98e%C4%8Dkovice%2C%20depozit%C3%A1%C5%99%20TMB%2C%20DOD%202016%2C%20Policie%20%281%29%20crop.jpg
http://www.wikidata.org/entity/Q90883839,Škoda 110,http://www.wikidata.org/entity/Q3231690,модель автомобиля,http://www.wikidata.org/entity/Q29637,Škoda Auto,Чехия,,,,,,,,http://commons.wikimedia.org/wiki/Special:FilePath/Skoda-110LS.jpg
http://www.wikidata.org/entity/Q9396958,Škoda 1100 MB,http://www.wikidata.org/entity/Q3231690,модель автомобиля,http://www.wikidata.org/entity/Q29637,Škoda Auto,Чехия,,Škoda 1000 MB,Škoda 100,4170,1620,1390,,http://commons.wikimedia.org/wiki/Special:FilePath/Brno%20-%20Zeln%C3%BD%20trh%2C%20%C5%A0koda%201100%20MB%2C%202024-06%2C%20obr01.jpg
http://www.wikidata.org/entity/Q90882060,Škoda 1100 MBX,http://www.wikidata.org/entity/Q3231690,модель автомобиля,http://www.wikidata.org/entity/Q29637,Škoda Auto,Чехия,,,,,,,,http://commons.wikimedia.org/wiki/Special:FilePath/Skoda%201000%20MBX%20%2825801229633%29.jpg
http://www.wikidata.org/entity/Q391832,Škoda 1100 OHC,http://www.wikidata.org/entity/Q3231690,модель автомобиля,http://www.wikidata.org/entity/Q29637,Škoda Auto,Чехия,,Škoda Sport,,3880,1430,,,http://commons.wikimedia.org/wiki/Special:FilePath/%C5%A0koda%201101%20OHC.jpg
http://www.wikidata.org/entity/Q391837,Škoda 1101/1102,http://www.wikidata.org/entity/Q3231690,модель автомобиля,http://www.wikidata.org/entity/Q29637,Škoda Auto,Чехия,,Škoda Popular,Škoda 1200,4050,1500,1520,940,http://commons.wikimedia.org/wiki/Special:FilePath/%C5%A0koda%201101%20tudor.JPG
http://www.wikidata.org/entity/Q9396959,Škoda 1102,http://www.wikidata.org/entity/Q3231690,модель автомобиля,http://www.wikidata.org/entity/Q29637,Škoda Auto,Чехия,,,,,,,,http://commons.wikimedia.org/wiki/Special:FilePath/1951%20SKODA%201102%2C%20NG-70-77%2C%20Horn%2C%20the%20Netherlands%2C%20pic6.JPG
http://www.wikidata.org/entity/Q137771826,Škoda 120,http://www.wikidata.org/entity/Q3231690,модель автомобиля,http://www.wikidata.org/entity/Q29637,Škoda Auto,Чехия,,,Škoda Favorit,,,,,http://commons.wikimedia.org/wiki/Special:FilePath/Skoda%20%287909327772%29%20%28cropped%29.jpg
http://www.wikidata.org/entity/Q90884029,Škoda 120 GLS,http://www.wikidata.org/entity/Q3231690,модель автомобиля,http://www.wikidata.org/entity/Q29637,Škoda Auto,Чехия,,,,,,,,http://commons.wikimedia.org/wiki/Special:FilePath/Skoda%20%287909347996%29.jpg
http://www.wikidata.org/entity/Q9396961,Škoda 120 S,http://www.wikidata.org/entity/Q3231690,модель автомобиля,http://www.wikidata.org/entity/Q29637,Škoda Auto,Чехия,,,,,,,,http://commons.wikimedia.org/wiki/Special:FilePath/Skoda120s.jpg
http://www.wikidata.org/entity/Q391849,Škoda 1201,http://www.wikidata.org/entity/Q3231690,модель автомобиля,http://www.wikidata.org/entity/Q29637,Škoda Auto,Чехия,,Škoda 1200,Škoda 1202,4500,1680,1520,,http://commons.wikimedia.org/wiki/Special:FilePath/Skoda%201201%20Stationsvagn%201959.jpg
http://www.wikidata.org/entity/Q90884099,Škoda 1202 Kamyonet,http://www.wikidata.org/entity/Q3231690,модель автомобиля,http://www.wikidata.org/entity/Q29637,Škoda Auto,Чехия,,,,,,,,http://commons.wikimedia.org/wiki/Special:FilePath/Skoda%201202%20with%20Pick%20up%20body%20built%20in%20Turkey%20by%20Celik%20Motor.%20%2816324740590%29%20-%20cropped.jpg
http://www.wikidata.org/entity/Q90884067,Škoda 125,http://www.wikidata.org/entity/Q3231690,модель автомобиля,http://www.wikidata.org/entity/Q29637,Škoda Auto,Чехия,,,Škoda Favorit,,,,,http://commons.wikimedia.org/wiki/Special:FilePath/%C5%A0koda%20125%20L%20%2846510243835%29%20%28cropped%29.jpg
http://www.wikidata.org/entity/Q9396960,Škoda 130 RS,http://www.wikidata.org/entity/Q3231690,модель автомобиля,http://www.wikidata.org/entity/Q29637,Škoda Auto,Чехия,,,,,,,,http://commons.wikimedia.org/wiki/Special:FilePath/130RS.JPG
http://www.wikidata.org/entity/Q137771820,Škoda 135,http://www.wikidata.org/entity/Q3231690,модель автомобиля,http://www.wikidata.org/entity/Q29637,Škoda Auto,Чехия,,,Škoda Favorit,,,,,http://commons.wikimedia.org/wiki/Special:FilePath/Skoda%20%287907616216%29.jpg
http://www.wikidata.org/entity/Q90882074,Škoda 136,http://www.wikidata.org/entity/Q3231690,модель автомобиля,http://www.wikidata.org/entity/Q29637,Škoda Auto,Чехия,,,Škoda Favorit,,,,,http://commons.wikimedia.org/wiki/Special:FilePath/%C5%A0koda%20136L%20%C5%A1ed%C3%A1%20%28cropped%29.JPG
http://www.wikidata.org/entity/Q9396965,Škoda 154,http://www.wikidata.org/entity/Q3231690,модель автомобиля,http://www.wikidata.org/entity/Q29637,Škoda Auto,Чехия,,,,,,,,http://commons.wikimedia.org/wiki/Special:FilePath/1930%20Skoda%20154%20fire%20engine%20pic1.JPG
http://www.wikidata.org/entity/Q90883423,Škoda 160 RS MTX,http://www.wikidata.org/entity/Q3231690,модель автомобиля,http://www.wikidata.org/entity/Q29637,Škoda Auto,Чехия,,,,,,,,http://commons.wikimedia.org/wiki/Special:FilePath/%C5%A0koda%20160%20RS%20MTX%20Rally%20Legend%202014.jpg
http://www.wikidata.org/entity/Q10403699,Škoda 200 RS,http://www.wikidata.org/entity/Q3231690,модель автомобиля,http://www.wikidata.org/entity/Q29637,Škoda Auto,Чехия,,,,,,,,http://commons.wikimedia.org/wiki/Special:FilePath/Skoda-museum-mlada-boleslav-rr-088.jpg
http://www.wikidata.org/entity/Q10403726,Škoda 206,http://www.wikidata.org/entity/Q3231690,модель автомобиля,http://www.wikidata.org/entity/Q29637,Škoda Auto,Чехия,,,,,,,,http://commons.wikimedia.org/wiki/Special:FilePath/%C5%A0koda%20206%20-%20all-metal%20body%2C%20hydraulical%20dump%20%28Auto%20magazine%2C%201931%29.png
http://www.wikidata.org/entity/Q10403816,Škoda 254,http://www.wikidata.org/entity/Q3231690,модель автомобиля,http://www.wikidata.org/entity/Q29637,Škoda Auto,Чехия,,,,,,,,http://commons.wikimedia.org/wiki/Special:FilePath/%C5%A0koda%20254%20D%20%281938%29.jpg
http://www.wikidata.org/entity/Q10403838,Škoda 256,http://www.wikidata.org/entity/Q3231690,модель автомобиля,http://www.wikidata.org/entity/Q29637,Škoda Auto,Чехия,,,,,,,,http://commons.wikimedia.org/wiki/Special:FilePath/%C5%A0koda%20256%20G%20in%20the%20Po%C5%99e%C5%BEany%20museum.jpg
http://www.wikidata.org/entity/Q10403914,Škoda 304,http://www.wikidata.org/entity/Q3231690,модель автомобиля,http://www.wikidata.org/entity/Q29637,Škoda Auto,Чехия,,,,,,,,http://commons.wikimedia.org/wiki/Special:FilePath/Commercial%20vehicle%2C%20Skoda-brand%2C%20Czech%20brand%20Fortepan%2071315.jpg
http://www.wikidata.org/entity/Q10403941,Škoda 306,http://www.wikidata.org/entity/Q3231690,модель автомобиля,http://www.wikidata.org/entity/Q29637,Škoda Auto,Чехия,,,,,,,,http://commons.wikimedia.org/wiki/Special:FilePath/%C5%A0koda%20306%20N%20-%20all-metal%20body%20%28Auto%20magazine%2C%201931%29.png
http://www.wikidata.org/entity/Q391900,Škoda 4 R,http://www.wikidata.org/entity/Q3231690,модель автомобиля,http://www.wikidata.org/entity/Q29637,Škoda Auto,Чехия,,Laurin & Klement - Škoda 110,,,,,,http://commons.wikimedia.org/wiki/Special:FilePath/%C5%A0koda%204%20R%20Coup%C3%A9%201928%20%284-cylinder%2C%2075x110%20mm%2C%2014-34%20HP%29.png
http://www.wikidata.org/entity/Q391885,Škoda 420,http://www.wikidata.org/entity/Q3231690,модель автомобиля,http://www.wikidata.org/entity/Q29637,Škoda Auto,Чехия,,,,3770,1360,1500,,http://commons.wikimedia.org/wiki/Special:FilePath/Skoda%20420%20Popular%20%281937%29%20Classic-Days%202022%20IMG%207042.jpg
http://www.wikidata.org/entity/Q391887,Škoda 422,http://www.wikidata.org/entity/Q3231690,модель автомобиля,http://www.wikidata.org/entity/Q29637,Škoda Auto,Чехия,,Škoda 420,,,,,950,http://commons.wikimedia.org/wiki/Special:FilePath/Unknown%20model%20of%20Skoda%20in%20Praque.jpg
http://www.wikidata.org/entity/Q391890,Škoda 430,http://www.wikidata.org/entity/Q3231690,модель автомобиля,http://www.wikidata.org/entity/Q29637,Škoda Auto,Чехия,,,,4430,1660,1750,,http://commons.wikimedia.org/wiki/Special:FilePath/110%20let%20zalo%C5%BEen%C3%AD%20autoklubu%20v%20Liberci%2003.JPG
http://www.wikidata.org/entity/Q9396969,Škoda 450,http://www.wikidata.org/entity/Q3231690,модель автомобиля,http://www.wikidata.org/entity/Q29637,Škoda Auto,Чехия,,Škoda 1101/1102,Škoda Felicia,4065,1600,1380,930,http://commons.wikimedia.org/wiki/Special:FilePath/Techno%20Classica%202018%2C%20Essen%20%28IMG%209652%29.jpg
http://www.wikidata.org/entity/Q10404163,Škoda 504,http://www.wikidata.org/entity/Q3231690,модель автомобиля,http://www.wikidata.org/entity/Q29637,Škoda Auto,Чехия,,,,,,,,http://commons.wikimedia.org/wiki/Special:FilePath/N%C3%A1kladn%C3%AD%20automobil%20zn.%20%C5%A0koda%201930%20%28Pivovar%20Vy%C5%A1kov-%20czech%20republic%29.jpg
http://www.wikidata.org/entity/Q10404175,Škoda 506,http://www.wikidata.org/entity/Q3231690,модель автомобиля,http://www.wikidata.org/entity/Q29637,Škoda Auto,Чехия,,,,,,,,http://commons.wikimedia.org/wiki/Special:FilePath/%C5%A0koda%20506%206-cylinder%20of%205-tonne%20capacity%20%28Auto%20magazine%2C%201929%29.png
http://www.wikidata.org/entity/Q391915,Škoda 6 R,http://www.wikidata.org/entity/Q3231690,модель автомобиля,http://www.wikidata.org/entity/Q29637,Škoda Auto,Чехия,,,,,,,,http://commons.wikimedia.org/wiki/Special:FilePath/%C5%A0koda%206%20R%2C%206-cylinder%20Limousine%20%28%C4%8Cesk%C3%BD%20sv%C4%9Bt%2C%201928%29.png
http://www.wikidata.org/entity/Q391906,Škoda 633,http://www.wikidata.org/entity/Q3231690,модель автомобиля,http://www.wikidata.org/entity/Q29637,Škoda Auto,Чехия,,,,,,,,http://commons.wikimedia.org/wiki/Special:FilePath/%C5%A0koda%20633%20-%201933.JPG
http://www.wikidata.org/entity/Q391902,Škoda 637,http://www.wikidata.org/entity/Q3231690,модель автомобиля,http://www.wikidata.org/entity/Q29637,Škoda Auto,Чехия,,,,,,,,http://commons.wikimedia.org/wiki/Special:FilePath/%C5%A0koda%20637%20%281934%29%2005.jpg
http://www.wikidata.org/entity/Q391904,Škoda 645,http://www.wikidata.org/entity/Q3231690,модель автомобиля,http://www.wikidata.org/entity/Q29637,Škoda Auto,Чехия,,,,,,,,http://commons.wikimedia.org/wiki/Special:FilePath/Techno%20Classica%202018%2C%20Essen%20%28IMG%209665%29.jpg
http://www.wikidata.org/entity/Q391912,Škoda 650,http://www.wikidata.org/entity/Q3231690,модель автомобиля,http://www.wikidata.org/entity/Q29637,Škoda Auto,Чехия,,,,,,,,http://commons.wikimedia.org/wiki/Special:FilePath/%C5%A0koda%20650%20%281934%29.jpg
http://www.wikidata.org/entity/Q10404450,Škoda 740,http://www.wikidata.org/entity/Q3231690,модель автомобиля,http://www.wikidata.org/entity/Q29637,Škoda Auto,Чехия,,,,,,,,http://commons.wikimedia.org/wiki/Special:FilePath/SkodaPrototyp740.JPG
http://www.wikidata.org/entity/Q391932,Škoda 860,http://www.wikidata.org/entity/Q3231690,модель автомобиля,http://www.wikidata.org/entity/Q29637,Škoda Auto,Чехия,,,,,,,,http://commons.wikimedia.org/wiki/Special:FilePath/2014%20%C5%A0koda%20Museum%2C%20%C5%A0koda%20860%201932%2001.JPG
http://www.wikidata.org/entity/Q9396974,Škoda 903,http://www.wikidata.org/entity/Q3231690,модель автомобиля,http://www.wikidata.org/entity/Q29637,Škoda Auto,Чехия,,,,,,,,http://commons.wikimedia.org/wiki/Special:FilePath/BAHNA%202018%20-%20670.jpg
http://www.wikidata.org/entity/Q391937,Škoda 935,http://www.wikidata.org/entity/Q3231690,модель автомобиля,http://www.wikidata.org/entity/Q29637,Škoda Auto,Чехия,,,,,,,,http://commons.wikimedia.org/wiki/Special:FilePath/%C5%A0koda%20935.jpg
http://www.wikidata.org/entity/Q391939,Škoda 973,http://www.wikidata.org/entity/Q3231690,модель автомобиля,http://www.wikidata.org/entity/Q29637,Škoda Auto,Чехия,,Q11838654,,,,,,http://commons.wikimedia.org/wiki/Special:FilePath/%C5%A0koda%20Museum%20-%20%C5%A0koda%20973%20Babeta.JPG
http://www.wikidata.org/entity/Q63978770,Škoda Citigo-e iV,http://www.wikidata.org/entity/Q3231690,модель автомобиля,http://www.wikidata.org/entity/Q29637,Škoda Auto,Чехия,,,,,,,,http://commons.wikimedia.org/wiki/Special:FilePath/Skoda%20Citigo-e%20iV%20at%20IAA%202019%20IMG%200269.jpg
http://www.wikidata.org/entity/Q118911224,Škoda Eltra,http://www.wikidata.org/entity/Q3231690,модель автомобиля,http://www.wikidata.org/entity/Q29637,Škoda Auto,Чехия,,,,,,,,http://commons.wikimedia.org/wiki/Special:FilePath/1992%20Skoda%20Elmo%20Pick%20Up.jpg
http://www.wikidata.org/entity/Q20354830,Škoda Fabia R5,http://www.wikidata.org/entity/Q3231690,модель автомобиля,http://www.wikidata.org/entity/Q29637,Škoda Auto,Чехия,,Škoda Fabia S2000,Škoda Fabia Rally2 evo,,,,,http://commons.wikimedia.org/wiki/Special:FilePath/Rally%20de%20Portugal%202019%20-%20%C5%A0KODA%20FABIA%20Rally2%20evo.jpg
http://www.wikidata.org/entity/Q65042038,Škoda Fabia Rally2 evo,http://www.wikidata.org/entity/Q3231690,модель автомобиля,http://www.wikidata.org/entity/Q29637,Škoda Auto,Чехия,,Škoda Fabia R5,,,,,,http://commons.wikimedia.org/wiki/Special:FilePath/Rally%20de%20Portugal%202019%20-%20%C5%A0KODA%20FABIA%20Rally2%20evo.jpg
http://www.wikidata.org/entity/Q391999,Škoda Favorit,http://www.wikidata.org/entity/Q3231690,модель автомобиля,http://www.wikidata.org/entity/Q29637,Škoda Auto,Чехия,,Škoda 430,,,,,,http://commons.wikimedia.org/wiki/Special:FilePath/2007-08-cesko-207.jpg
http://www.wikidata.org/entity/Q90701223,Škoda Favorit prototype,http://www.wikidata.org/entity/Q3231690,модель автомобиля,http://www.wikidata.org/entity/Q29637,Škoda Auto,Чехия,,,,,,,,http://commons.wikimedia.org/wiki/Special:FilePath/SkodaFavoritCoupe.JPG
http://www.wikidata.org/entity/Q90701327,Škoda Favorit sedan,http://www.wikidata.org/entity/Q3231690,модель автомобиля,http://www.wikidata.org/entity/Q29637,Škoda Auto,Чехия,,,,,,,,http://commons.wikimedia.org/wiki/Special:FilePath/%C5%A0koda%20auto%20museum%20FSedan.JPG
http://www.wikidata.org/entity/Q391899,Škoda Felicia,http://www.wikidata.org/entity/Q3231690,модель автомобиля,http://www.wikidata.org/entity/Q29637,Škoda Auto,Чехия,,Škoda 440,,4065,1600,1380,,http://commons.wikimedia.org/wiki/Special:FilePath/13-04-05-Skoda%20Museum%20Mlad%C3%A1%20Boleslav%20by%20RalfR-014%20%28cropped%29.jpg
http://www.wikidata.org/entity/Q90882163,Škoda Felicia Fun,http://www.wikidata.org/entity/Q3231690,модель автомобиля,http://www.wikidata.org/entity/Q29637,Škoda Auto,Чехия,,,,,,,,http://commons.wikimedia.org/wiki/Special:FilePath/%C5%A0koda%20Felicia%20Fun%20at%20Legendy%202018%20in%20Prague.jpg
http://www.wikidata.org/entity/Q9396975,Škoda Forman,http://www.wikidata.org/entity/Q3231690,модель автомобиля,http://www.wikidata.org/entity/Q29637,Škoda Auto,Чехия,,,,,,,,http://commons.wikimedia.org/wiki/Special:FilePath/Brno%2C%20%C4%8Cern%C3%A1%20Pole%2C%20Pflegrova%2C%20%C5%A0koda%20Forman%20%282022-05-28%3B%2001%29%20%28cropped%29.jpg
http://www.wikidata.org/entity/Q90701195,Škoda Forman Plus,http://www.wikidata.org/entity/Q3231690,модель автомобиля,http://www.wikidata.org/entity/Q29637,Škoda Auto,Чехия,,,,,,,,http://commons.wikimedia.org/wiki/Special:FilePath/Brno%2C%20Wurmova%2C%20%C5%A0koda%20Forman%20Plus.jpg
http://www.wikidata.org/entity/Q90701197,Škoda Forman Praktik,http://www.wikidata.org/entity/Q3231690,модель автомобиля,http://www.wikidata.org/entity/Q29637,Škoda Auto,Чехия,,,,,,,,http://commons.wikimedia.org/wiki/Special:FilePath/Pardubice%2C%20s%C3%ADdli%C5%A1t%C4%9B%20Dubina%2C%20Jana%20Zaj%C3%ADce%2C%20%C5%A0koda%20Forman%20Praktik.jpg
http://www.wikidata.org/entity/Q257346,Škoda Garde,http://www.wikidata.org/entity/Q3231690,модель автомобиля,http://www.wikidata.org/entity/Q29637,Škoda Auto,Чехия,,Škoda 110 R,Škoda Rapid (1984),4170,1610,1380,855,http://commons.wikimedia.org/wiki/Special:FilePath/Skoda%20rapid%20001.jpg
http://www.wikidata.org/entity/Q392006,Škoda Joyster,http://www.wikidata.org/entity/Q3231690,модель автомобиля,http://www.wikidata.org/entity/Q29637,Škoda Auto,Чехия,,,,,,,,http://commons.wikimedia.org/wiki/Special:FilePath/%C5%A0koda%20Joyster.jpg
http://www.wikidata.org/entity/Q59572019,Škoda Kodiaq GT,http://www.wikidata.org/entity/Q3231690,модель автомобиля,http://www.wikidata.org/entity/Q29637,Škoda Auto,Чехия,,,,4634,1883,1649,,http://commons.wikimedia.org/wiki/Special:FilePath/Skoda%20Kodiaq%20GT%20001.jpg
http://www.wikidata.org/entity/Q90700853,Škoda Kodiaq RS,http://www.wikidata.org/entity/Q3231690,модель автомобиля,http://www.wikidata.org/entity/Q29637,Škoda Auto,Чехия,,,,,,,,http://commons.wikimedia.org/wiki/Special:FilePath/Skoda%20Kodiaq%20RS%20at%20IAA%202019%20IMG%200788.jpg
http://www.wikidata.org/entity/Q392013,Škoda MOŽ-2,http://www.wikidata.org/entity/Q3231690,модель автомобиля,http://www.wikidata.org/entity/Q29637,Škoda Auto,Чехия,,,,,,,,http://commons.wikimedia.org/wiki/Special:FilePath/%C5%A0koda%20MO%C5%BD-2%2C%20VTM%20Le%C5%A1any.jpg
http://www.wikidata.org/entity/Q392012,Škoda MissionL,http://www.wikidata.org/entity/Q3231690,модель автомобиля,http://www.wikidata.org/entity/Q29637,Škoda Auto,Чехия,,,Škoda Rapid,,,,,http://commons.wikimedia.org/wiki/Special:FilePath/11-09-04-iaa-by-RalfR-394.jpg
http://www.wikidata.org/entity/Q90882055,Škoda Octavia Combi (1961 - 1971),http://www.wikidata.org/entity/Q3231690,модель автомобиля,http://www.wikidata.org/entity/Q29637,Škoda Auto,Чехия,,,,,,,,http://commons.wikimedia.org/wiki/Special:FilePath/2010-07-30%20Skoda%20Octavia%20Combi%20%281959%20-%201971%29%20%282%29.jpg
http://www.wikidata.org/entity/Q16689282,Škoda Octavia RS,http://www.wikidata.org/entity/Q3231690,модель автомобиля,http://www.wikidata.org/entity/Q29637,Škoda Auto,Чехия,,,,,,,,http://commons.wikimedia.org/wiki/Special:FilePath/Skoda%20Octavia%20IV%20RS%20IMG%204251.jpg
http://www.wikidata.org/entity/Q10396630,Škoda Octavia Scout,http://www.wikidata.org/entity/Q3231690,модель автомобиля,http://www.wikidata.org/entity/Q29637,Škoda Auto,Чехия,,,,,,,,http://commons.wikimedia.org/wiki/Special:FilePath/2016%20Skoda%20Octavia%20Scout%20TDi%204X4%202.0%20Front.jpg
http://www.wikidata.org/entity/Q90883266,Škoda Octavia Super,http://www.wikidata.org/entity/Q3231690,модель автомобиля,http://www.wikidata.org/entity/Q29637,Škoda Auto,Чехия,,,,,,,,http://commons.wikimedia.org/wiki/Special:FilePath/%C5%A0koda%20Octavia.jpeg
http://www.wikidata.org/entity/Q90883477,Škoda Octavia Touring Sport (1960 - 1964),http://www.wikidata.org/entity/Q3231690,модель автомобиля,http://www.wikidata.org/entity/Q29637,Škoda Auto,Чехия,,,,,,,,http://commons.wikimedia.org/wiki/Special:FilePath/286.%20Pekka%20Anttalainen%20and%20Tapani%20Valo%2C%20Skoda%20Octavia%20TS%20%286002644365%29.jpg
http://www.wikidata.org/entity/Q90701201,Škoda Pick-up,http://www.wikidata.org/entity/Q3231690,модель автомобиля,http://www.wikidata.org/entity/Q29637,Škoda Auto,Чехия,,,,,,,,http://commons.wikimedia.org/wiki/Special:FilePath/Skoda%20Favorit%20LX%20Pick%20up%201995%20%2826525339629%29.jpg
http://www.wikidata.org/entity/Q90701134,Škoda Rapid (China),http://www.wikidata.org/entity/Q3231690,модель автомобиля,http://www.wikidata.org/entity/Q29637,Škoda Auto,Чехия,,,,,,,,http://commons.wikimedia.org/wiki/Special:FilePath/%C5%A0koda%20Rapid%20CN%20China%202013-03-03.jpg
http://www.wikidata.org/entity/Q392040,Škoda Rapid 2200,http://www.wikidata.org/entity/Q3231690,модель автомобиля,http://www.wikidata.org/entity/Q29637,Škoda Auto,Чехия,,,,,,,1350,
http://www.wikidata.org/entity/Q392047,Škoda Rapid Six,http://www.wikidata.org/entity/Q3231690,модель автомобиля,http://www.wikidata.org/entity/Q29637,Škoda Auto,Чехия,,,,,,,1050,
http://www.wikidata.org/entity/Q23661383,Škoda Rapid Spaceback,http://www.wikidata.org/entity/Q3231690,модель автомобиля,http://www.wikidata.org/entity/Q29637,Škoda Auto,Чехия,,,,,,,,http://commons.wikimedia.org/wiki/Special:FilePath/Skoda%20Rapid%20Spaceback%201.2%20TSI%20Style%20Plus%20%E2%80%93%20Frontansicht%2C%2015.%20M%C3%A4rz%202014%2C%20D%C3%BCsseldorf.jpg
http://www.wikidata.org/entity/Q90701141,Škoda Rapid Sport,http://www.wikidata.org/entity/Q3231690,модель автомобиля,http://www.wikidata.org/entity/Q29637,Škoda Auto,Чехия,,,,,,,,http://commons.wikimedia.org/wiki/Special:FilePath/Rapid%20Sport.jpg
http://www.wikidata.org/entity/Q392052,Škoda Sagitta,http://www.wikidata.org/entity/Q3231690,модель автомобиля,http://www.wikidata.org/entity/Q29637,Škoda Auto,Чехия,,,,,,,,http://commons.wikimedia.org/wiki/Special:FilePath/Skoda%20Sagitta%201936-1937%20seitlich.JPG
http://www.wikidata.org/entity/Q13634413,Škoda Sentinel,http://www.wikidata.org/entity/Q3231690,модель автомобиля,http://www.wikidata.org/entity/Q29637,Škoda Auto,Чехия,,,,,,,,http://commons.wikimedia.org/wiki/Special:FilePath/Brno%2C%20%C5%98e%C4%8Dkovice%2C%20depozit%C3%A1%C5%99%20TMB%2C%20DOD%202013%2C%20%C5%A0koda%20Sentinel%20%2801%29.jpg
http://www.wikidata.org/entity/Q392054,Škoda Sport,http://www.wikidata.org/entity/Q3231690,модель автомобиля,http://www.wikidata.org/entity/Q29637,Škoda Auto,Чехия,,,,,,,,http://commons.wikimedia.org/wiki/Special:FilePath/1950%20Skoda%201101%20Sport%20IMG%203047%20-%20Flickr%20-%20nemor2.jpg
http://www.wikidata.org/entity/Q10403396,Škoda Super Sport,http://www.wikidata.org/entity/Q3231690,модель автомобиля,http://www.wikidata.org/entity/Q29637,Škoda Auto,Чехия,,,,,,,,http://commons.wikimedia.org/wiki/Special:FilePath/Skoda%20110%20Super%20sport%20%27Ferat%27%20type%20724%20pic7.JPG
http://www.wikidata.org/entity/Q392063,Škoda Superb I,http://www.wikidata.org/entity/Q3231690,модель автомобиля,http://www.wikidata.org/entity/Q29637,Škoda Auto,Чехия,,,Škoda Superb II,4803,1765,1469,,http://commons.wikimedia.org/wiki/Special:FilePath/SkodaSuperb.jpg
http://www.wikidata.org/entity/Q392067,Škoda Superb II,http://www.wikidata.org/entity/Q3231690,модель автомобиля,http://www.wikidata.org/entity/Q29637,Škoda Auto,Чехия,,Škoda Superb I,Škoda Superb III,,1817,,,http://commons.wikimedia.org/wiki/Special:FilePath/2009%20Skoda%20Superb%20Elegance%20CRTDi%20Automatic%202.0%20Front.jpg
http://www.wikidata.org/entity/Q19758190,Škoda Superb III,http://www.wikidata.org/entity/Q3231690,модель автомобиля,http://www.wikidata.org/entity/Q29637,Škoda Auto,Чехия,,Škoda Superb II,,4856,1864,1468,,http://commons.wikimedia.org/wiki/Special:FilePath/2018%20Skoda%20Superb%20SE%20L%20Executive%20TSi%201.4.jpg
http://www.wikidata.org/entity/Q19758190,Škoda Superb III,http://www.wikidata.org/entity/Q3231690,модель автомобиля,http://www.wikidata.org/entity/Q29637,Škoda Auto,Чехия,,Škoda Superb II,,4861,1864,1468,,http://commons.wikimedia.org/wiki/Special:FilePath/2018%20Skoda%20Superb%20SE%20L%20Executive%20TSi%201.4.jpg
http://www.wikidata.org/entity/Q19758190,Škoda Superb III,http://www.wikidata.org/entity/Q3231690,модель автомобиля,http://www.wikidata.org/entity/Q29637,Škoda Auto,Чехия,,Škoda Superb II,,4856,1864,1477,,http://commons.wikimedia.org/wiki/Special:FilePath/2018%20Skoda%20Superb%20SE%20L%20Executive%20TSi%201.4.jpg
http://www.wikidata.org/entity/Q19758190,Škoda Superb III,http://www.wikidata.org/entity/Q3231690,модель автомобиля,http://www.wikidata.org/entity/Q29637,Škoda Auto,Чехия,,Škoda Superb II,,4861,1864,1477,,http://commons.wikimedia.org/wiki/Special:FilePath/2018%20Skoda%20Superb%20SE%20L%20Executive%20TSi%201.4.jpg
http://www.wikidata.org/entity/Q392076,Škoda Tudor (2002),http://www.wikidata.org/entity/Q3231690,модель автомобиля,http://www.wikidata.org/entity/Q29637,Škoda Auto,Чехия,,,,,,,,http://commons.wikimedia.org/wiki/Special:FilePath/Skoda%20tudor%202002-1.jpg
http://www.wikidata.org/entity/Q392076,Škoda Tudor (2002),http://www.wikidata.org/entity/Q3231690,модель автомобиля,http://www.wikidata.org/entity/Q29637,Škoda Auto,Чехия,,,,,,,,http://commons.wikimedia.org/wiki/Special:FilePath/Skoda%20tudor%202002-2.jpg
http://www.wikidata.org/entity/Q392076,Škoda Tudor (2002),http://www.wikidata.org/entity/Q3231690,модель автомобиля,http://www.wikidata.org/entity/Q29637,Škoda Auto,Чехия,,,,,,,,http://commons.wikimedia.org/wiki/Special:FilePath/SkodaTudorConceptbyAlofok%281%29.JPG
http://www.wikidata.org/entity/Q392084,Škoda Vision D,http://www.wikidata.org/entity/Q3231690,модель автомобиля,http://www.wikidata.org/entity/Q29637,Škoda Auto,Чехия,,,,,,,,http://commons.wikimedia.org/wiki/Special:FilePath/13-04-05-Skoda%20Museum%20Mlad%C3%A1%20Boleslav%20by%20RalfR-206.jpg
http://www.wikidata.org/entity/Q16295647,Škoda VisionC,http://www.wikidata.org/entity/Q3231690,модель автомобиля,http://www.wikidata.org/entity/Q29637,Škoda Auto,Чехия,,,,,,,,http://commons.wikimedia.org/wiki/Special:FilePath/2014-03-04%20Geneva%20Motor%20Show%201332-1.JPG
http://www.wikidata.org/entity/Q391822,Škoda 100,http://www.wikidata.org/entity/Q3231690,модель автомобиля,http://www.wikidata.org/entity/Q29637,Škoda Auto,Чехия,,Škoda 1000 MB,Škoda 105/120/125,4155,1620,1380,,http://commons.wikimedia.org/wiki/Special:FilePath/%C5%A0koda%20v%20Praze%20%282%29.jpg
http://www.wikidata.org/entity/Q391825,Škoda 1000 MB,http://www.wikidata.org/entity/Q3231690,модель автомобиля,http://www.wikidata.org/entity/Q29637,Škoda Auto,Чехия,,Škoda Octavia,Škoda 100,4170,1620,1390,,http://commons.wikimedia.org/wiki/Special:FilePath/Skoda%201000%20MB%20%281965%29%20%28cropped%29.jpg
http://www.wikidata.org/entity/Q391936,Škoda 105/120/125,http://www.wikidata.org/entity/Q3231690,модель автомобиля,http://www.wikidata.org/entity/Q29637,Škoda Auto,Чехия,,Škoda 100,Škoda Favorit,4160,1595,1400,,http://commons.wikimedia.org/wiki/Special:FilePath/Skoda%20Estelle%20Malta%201996.jpg
http://www.wikidata.org/entity/Q391841,Škoda 110 R,http://www.wikidata.org/entity/Q3231690,модель автомобиля,http://www.wikidata.org/entity/Q29637,Škoda Auto,Чехия,,Škoda 1000 MB,Škoda Garde,4155,1620,1340,880,http://commons.wikimedia.org/wiki/Special:FilePath/%C5%A0koda%20110%20R%201977.jpg
http://www.wikidata.org/entity/Q391845,Škoda 1200,http://www.wikidata.org/entity/Q3231690,модель автомобиля,http://www.wikidata.org/entity/Q29637,Škoda Auto,Чехия,,Škoda 1101/1102,Škoda 1201,,1520,1680,1060,http://commons.wikimedia.org/wiki/Special:FilePath/1955%20Skoda%201200%20%282568618690%29.jpg
http://www.wikidata.org/entity/Q391847,Škoda 1202,http://www.wikidata.org/entity/Q3231690,модель автомобиля,http://www.wikidata.org/entity/Q29637,Škoda Auto,Чехия,,Škoda 1201,Škoda 1203,4485,1700,1580,,http://commons.wikimedia.org/wiki/Special:FilePath/Brno%2C%20Mahenova%2C%20%C5%A0koda%201202%20%2802%29.jpg
http://www.wikidata.org/entity/Q391853,Škoda 1203,http://www.wikidata.org/entity/Q3231690,модель автомобиля,http://www.wikidata.org/entity/Q29637,Škoda Auto,Чехия,,Škoda 1202,,4520,1800,1900,,http://commons.wikimedia.org/wiki/Special:FilePath/Skoda1203Brumov-BylniceAlofok%20%281%29.jpg
http://www.wikidata.org/entity/Q12032779,Škoda 125,http://www.wikidata.org/entity/Q3231690,модель автомобиля,http://www.wikidata.org/entity/Q29637,Škoda Auto,Чехия,,,,,,,,http://commons.wikimedia.org/wiki/Special:FilePath/Sodomkovo%20M%C3%BDto%202011%20-%2021.JPG
http://www.wikidata.org/entity/Q8082807,Škoda 130,http://www.wikidata.org/entity/Q3231690,модель автомобиля,http://www.wikidata.org/entity/Q29637,Škoda Auto,Чехия,,,Škoda Favorit,,,,,http://commons.wikimedia.org/wiki/Special:FilePath/Skoda130estelle.JPG
http://www.wikidata.org/entity/Q391896,Škoda 440,http://www.wikidata.org/entity/Q3231690,модель автомобиля,http://www.wikidata.org/entity/Q29637,Škoda Auto,Чехия,,Škoda 1101/1102,Škoda Octavia,4065,1600,1430,,http://commons.wikimedia.org/wiki/Special:FilePath/Skoda%20440%20red%20vr%20TCE.jpg
http://www.wikidata.org/entity/Q10404225,Škoda 606,http://www.wikidata.org/entity/Q3231690,модель автомобиля,http://www.wikidata.org/entity/Q29637,Škoda Auto,Чехия,,,,,,,,http://commons.wikimedia.org/wiki/Special:FilePath/N%C3%A1kladn%C3%AD%20automobil%20zn.%20%C5%A0koda%201930%20%28Pivovar%20Vy%C5%A1kov-%20czech%20republic%29.jpg
http://www.wikidata.org/entity/Q10404425,Škoda 720,http://www.wikidata.org/entity/Q3231690,модель автомобиля,http://www.wikidata.org/entity/Q29637,Škoda Auto,Чехия,,,,,,,,http://commons.wikimedia.org/wiki/Special:FilePath/SkodaPrototyp720OP1%20%281%29.JPG
http://www.wikidata.org/entity/Q117390,Škoda 760,http://www.wikidata.org/entity/Q3231690,модель автомобиля,http://www.wikidata.org/entity/Q29637,Škoda Auto,Чехия,,,,,,,,http://commons.wikimedia.org/wiki/Special:FilePath/SkodaPrototyp760%20%281%29.JPG
http://www.wikidata.org/entity/Q391963,Škoda Citigo,http://www.wikidata.org/entity/Q3231690,модель автомобиля,http://www.wikidata.org/entity/Q29637,Škoda Auto,Чехия,,Volkswagen Lupo,,3563,1641,1478,,http://commons.wikimedia.org/wiki/Special:FilePath/%C5%A0koda%20Citigo-e%20iV%201X7A7291.jpg
http://www.wikidata.org/entity/Q30753091,Škoda Enyaq iV,http://www.wikidata.org/entity/Q3231690,модель автомобиля,http://www.wikidata.org/entity/Q29637,Škoda Auto,Чехия,,,,4655,2148,1616,,http://commons.wikimedia.org/wiki/Special:FilePath/%C5%A0koda%20Enyaq%20IMG%201190.jpg
http://www.wikidata.org/entity/Q125365975,Škoda Epiq,http://www.wikidata.org/entity/Q3231690,модель автомобиля,http://www.wikidata.org/entity/Q29637,Škoda Auto,Чехия,,,,,,,,http://commons.wikimedia.org/wiki/Special:FilePath/%C5%A0koda%20Epiq%20Showcar%20IAA%202025%20DSC%201378%20%28cropped%29.jpg
http://www.wikidata.org/entity/Q391966,Škoda Fabia I,http://www.wikidata.org/entity/Q3231690,модель автомобиля,http://www.wikidata.org/entity/Q29637,Škoda Auto,Чехия,,Škoda Felicia,Škoda Fabia II,,1646,,,http://commons.wikimedia.org/wiki/Special:FilePath/%C5%A0koda%20Fabia%20Yellow.jpg
http://www.wikidata.org/entity/Q391971,Škoda Fabia II,http://www.wikidata.org/entity/Q3231690,модель автомобиля,http://www.wikidata.org/entity/Q29637,Škoda Auto,Чехия,,Škoda Fabia I,Škoda Fabia III,,,,,http://commons.wikimedia.org/wiki/Special:FilePath/Skoda%20Fabia%20II%2020090426%20front.JPG
http://www.wikidata.org/entity/Q18410434,Škoda Fabia III,http://www.wikidata.org/entity/Q3231690,модель автомобиля,http://www.wikidata.org/entity/Q29637,Škoda Auto,Чехия,,Škoda Fabia II,,,1732,,,http://commons.wikimedia.org/wiki/Special:FilePath/2018%20Skoda%20Fabia%20facelift%201.0%20Front.jpg
http://www.wikidata.org/entity/Q391996,Škoda Favorit,http://www.wikidata.org/entity/Q3231690,модель автомобиля,http://www.wikidata.org/entity/Q29637,Škoda Auto,Чехия,,Škoda 105/120/125,Škoda Felicia,3815,1620,1415,840,http://commons.wikimedia.org/wiki/Special:FilePath/Skoda%20Favorit%20Utrecht%201989.jpg
http://www.wikidata.org/entity/Q392016,Škoda Felicia,http://www.wikidata.org/entity/Q3231690,модель автомобиля,http://www.wikidata.org/entity/Q29637,Škoda Auto,Чехия,,Škoda Favorit,Škoda Fabia,3855,1635,1415,,http://commons.wikimedia.org/wiki/Special:FilePath/SkodaFelicia1.jpg
http://www.wikidata.org/entity/Q52054487,Škoda Kamiq,http://www.wikidata.org/entity/Q3231690,модель автомобиля,http://www.wikidata.org/entity/Q29637,Škoda Auto,Чехия,,Škoda Yeti,,4390,1781,1593,1277,http://commons.wikimedia.org/wiki/Special:FilePath/Skoda%20Kamiq%20Genf%202019%201Y7A5528.jpg
http://www.wikidata.org/entity/Q65246931,Škoda Kamiq (Китай),http://www.wikidata.org/entity/Q3231690,модель автомобиля,http://www.wikidata.org/entity/Q29637,Škoda Auto,Чехия,,,,,,,,http://commons.wikimedia.org/wiki/Special:FilePath/2018%20SAIC-%C5%A0koda%20Kamiq.jpg
http://www.wikidata.org/entity/Q29584097,Škoda Karoq,http://www.wikidata.org/entity/Q3231690,модель автомобиля,http://www.wikidata.org/entity/Q29637,Škoda Auto,Чехия,,Škoda Yeti,,4382,1841,1603,1318,http://commons.wikimedia.org/wiki/Special:FilePath/2018%20Skoda%20Karoq%20Edition%20TDi%20SCR%204X4%202.0%20Front.jpg
http://www.wikidata.org/entity/Q11832265,Škoda Kodiaq,http://www.wikidata.org/entity/Q3231690,модель автомобиля,http://www.wikidata.org/entity/Q29637,Škoda Auto,Чехия,,,,4697,1882,1676,,http://commons.wikimedia.org/wiki/Special:FilePath/2018%20Skoda%20Kodiaq%20Edition%20TDi.jpg
http://www.wikidata.org/entity/Q105044283,Škoda Kushaq,http://www.wikidata.org/entity/Q3231690,модель автомобиля,http://www.wikidata.org/entity/Q29637,Škoda Auto,Чехия,,,,4221,1760,1612,,http://commons.wikimedia.org/wiki/Special:FilePath/4th%20International%20Auto%20Show%2C%20Bangalore%20%282025%29%2082.jpg
http://www.wikidata.org/entity/Q130223132,Škoda Kylaq,http://www.wikidata.org/entity/Q3231690,модель автомобиля,http://www.wikidata.org/entity/Q29637,Škoda Auto,Чехия,,,,3995,1783,1619,,http://commons.wikimedia.org/wiki/Special:FilePath/4th%20International%20Auto%20Show%2C%20Bangalore%20%282025%29%2081.jpg
http://www.wikidata.org/entity/Q2439814,Škoda Octavia,http://www.wikidata.org/entity/Q3231690,модель автомобиля,http://www.wikidata.org/entity/Q29637,Škoda Auto,Чехия,,Škoda 440,Škoda 1000 MB,4065,,,,http://commons.wikimedia.org/wiki/Special:FilePath/Skoda%20Octavia%20%281959%29%20at%20IAA%202019%20IMG%200271.jpg
http://www.wikidata.org/entity/Q223696,Škoda Octavia,http://www.wikidata.org/entity/Q3231690,модель автомобиля,http://www.wikidata.org/entity/Q29637,Škoda Auto,Чехия,,,,,1829,,,http://commons.wikimedia.org/wiki/Special:FilePath/Skoda%20Octavia%20IV%20Combi%20IMG%202617.jpg
http://www.wikidata.org/entity/Q392017,Škoda Octavia I,http://www.wikidata.org/entity/Q3231690,модель автомобиля,http://www.wikidata.org/entity/Q29637,Škoda Auto,Чехия,,,Škoda Octavia II,,1731,,,http://commons.wikimedia.org/wiki/Special:FilePath/Skoda%20Octavia%20I%20front%2020080213.jpg
http://www.wikidata.org/entity/Q392018,Škoda Octavia II,http://www.wikidata.org/entity/Q3231690,модель автомобиля,http://www.wikidata.org/entity/Q29637,Škoda Auto,Чехия,,Škoda Octavia I,Škoda Octavia III,4572,1769,,,http://commons.wikimedia.org/wiki/Special:FilePath/Skoda%20Octavia%20TDI%20%28II%2C%20Facelift%29%20%E2%80%93%20Frontansicht%2C%201.%20April%202011%2C%20W%C3%BClfrath.jpg
http://www.wikidata.org/entity/Q1609671,Škoda Octavia III,http://www.wikidata.org/entity/Q3231690,модель автомобиля,http://www.wikidata.org/entity/Q29637,Škoda Auto,Чехия,,Škoda Octavia II,,,1814,,,http://commons.wikimedia.org/wiki/Special:FilePath/2018%20Skoda%20Octavia%20SE%20TDi%20S-A%201.6%20Front.jpg
http://www.wikidata.org/entity/Q75030046,Škoda Octavia IV,http://www.wikidata.org/entity/Q3231690,модель автомобиля,http://www.wikidata.org/entity/Q29637,Škoda Auto,Чехия,,,,,,,,http://commons.wikimedia.org/wiki/Special:FilePath/Skoda%20Octavia%20IV%20Combi%20IMG%202617.jpg
http://www.wikidata.org/entity/Q392024,Škoda Pick-up,http://www.wikidata.org/entity/Q3231690,модель автомобиля,http://www.wikidata.org/entity/Q29637,Škoda Auto,Чехия,,,,,,,,http://commons.wikimedia.org/wiki/Special:FilePath/Brno%2C%20Barvi%C4%8Dova%2C%20%C5%A0koda%20Pickup.jpg
http://www.wikidata.org/entity/Q392026,Škoda Popular,http://www.wikidata.org/entity/Q3231690,модель автомобиля,http://www.wikidata.org/entity/Q29637,Škoda Auto,Чехия,,Škoda 420,Škoda 1101/1102,,,,,http://commons.wikimedia.org/wiki/Special:FilePath/13-04-05-Skoda%20Museum%20Mlad%C3%A1%20Boleslav%20by%20RalfR-095.jpg
http://www.wikidata.org/entity/Q2116818,Škoda Praktik,http://www.wikidata.org/entity/Q3231690,модель автомобиля,http://www.wikidata.org/entity/Q29637,Škoda Auto,Чехия,,,,,,,,http://commons.wikimedia.org/wiki/Special:FilePath/%C5%A0koda%20Praktik%20Eesti%20Energia%20duty%20vehicle.jpg
http://www.wikidata.org/entity/Q180270,Škoda Rapid,http://www.wikidata.org/entity/Q3231690,модель автомобиля,http://www.wikidata.org/entity/Q29637,Škoda Auto,Чехия,,,Škoda Scala,4304,1706,1459,,http://commons.wikimedia.org/wiki/Special:FilePath/2014%20Skoda%20Rapid%20SE%20Connect%20TSi%201.2%20Front.jpg
http://www.wikidata.org/entity/Q180270,Škoda Rapid,http://www.wikidata.org/entity/Q3231690,модель автомобиля,http://www.wikidata.org/entity/Q29637,Škoda Auto,Чехия,,,Škoda Scala,4483,1706,1459,,http://commons.wikimedia.org/wiki/Special:FilePath/2014%20Skoda%20Rapid%20SE%20Connect%20TSi%201.2%20Front.jpg
http://www.wikidata.org/entity/Q180270,Škoda Rapid,http://www.wikidata.org/entity/Q3231690,модель автомобиля,http://www.wikidata.org/entity/Q29637,Škoda Auto,Чехия,,,Škoda Scala,4304,1706,1461,,http://commons.wikimedia.org/wiki/Special:FilePath/2014%20Skoda%20Rapid%20SE%20Connect%20TSi%201.2%20Front.jpg
http://www.wikidata.org/entity/Q180270,Škoda Rapid,http://www.wikidata.org/entity/Q3231690,модель автомобиля,http://www.wikidata.org/entity/Q29637,Škoda Auto,Чехия,,,Škoda Scala,4483,1706,1461,,http://commons.wikimedia.org/wiki/Special:FilePath/2014%20Skoda%20Rapid%20SE%20Connect%20TSi%201.2%20Front.jpg
http://www.wikidata.org/entity/Q392029,Škoda Rapid (1935–47),http://www.wikidata.org/entity/Q3231690,модель автомобиля,http://www.wikidata.org/entity/Q29637,Škoda Auto,Чехия,,Škoda 420,,,,,,http://commons.wikimedia.org/wiki/Special:FilePath/Old%20Skoda%20Rapid%202.jpg
http://www.wikidata.org/entity/Q392038,Škoda Rapid (1984),http://www.wikidata.org/entity/Q3231690,модель автомобиля,http://www.wikidata.org/entity/Q29637,Škoda Auto,Чехия,,Škoda Garde,,4170,1610,1380,,http://commons.wikimedia.org/wiki/Special:FilePath/Skoda%20Rapid%2C%20Pfingsttreffen%20Puetnitz%202018%2C%20Ribnitz-Damgarten%20%281X7A2426%29.jpg
http://www.wikidata.org/entity/Q392036,Škoda Rapid (2011),http://www.wikidata.org/entity/Q3231690,модель автомобиля,http://www.wikidata.org/entity/Q29637,Škoda Auto,Чехия,,,Škoda Slavia,4386,1699,1466,,http://commons.wikimedia.org/wiki/Special:FilePath/Skoda%20Rapid.jpg
http://www.wikidata.org/entity/Q392071,Škoda Roomster,http://www.wikidata.org/entity/Q3231690,модель автомобиля,http://www.wikidata.org/entity/Q29637,Škoda Auto,Чехия,,Škoda Pick-up,,4205,1684,,,http://commons.wikimedia.org/wiki/Special:FilePath/2014%20Skoda%20Roomster%20SE%20TDi%20CR%201.6%20Front.jpg
http://www.wikidata.org/entity/Q57340128,Škoda Scala,http://www.wikidata.org/entity/Q3231690,модель автомобиля,http://www.wikidata.org/entity/Q29637,Škoda Auto,Чехия,,Škoda Rapid,,4362,1793,1471,,http://commons.wikimedia.org/wiki/Special:FilePath/2019%20Skoda%20Scala%20SE%20TDi%201.6%20Front.jpg
http://www.wikidata.org/entity/Q109315466,Škoda Slavia,http://www.wikidata.org/entity/Q3231690,модель автомобиля,http://www.wikidata.org/entity/Q29637,Škoda Auto,Чехия,,Škoda Rapid (2011),,4541,1752,1487,,http://commons.wikimedia.org/wiki/Special:FilePath/2021%20%C5%A0koda%20Slavia%201.5%20TSI%20Style%20%28India%29%20front%20view.png
http://www.wikidata.org/entity/Q392060,Škoda Superb,http://www.wikidata.org/entity/Q3231690,модель автомобиля,http://www.wikidata.org/entity/Q29637,Škoda Auto,Чехия,,,Škoda VOS,,,,,http://commons.wikimedia.org/wiki/Special:FilePath/SkodaSuperB.jpg
http://www.wikidata.org/entity/Q392083,Škoda Superb,http://www.wikidata.org/entity/Q3231690,модель автомобиля,http://www.wikidata.org/entity/Q29637,Škoda Auto,Чехия,,,,,1765,,,http://commons.wikimedia.org/wiki/Special:FilePath/%C5%A0koda%20Superb%20IV%20Combi%20Automesse%20Ludwigsburg%202024%20IMG%201400.jpg
http://www.wikidata.org/entity/Q392080,Škoda VOS,http://www.wikidata.org/entity/Q3231690,модель автомобиля,http://www.wikidata.org/entity/Q29637,Škoda Auto,Чехия,,Škoda Superb,,5700,1950,1750,,http://commons.wikimedia.org/wiki/Special:FilePath/Skoda-vos-l.jpg
http://www.wikidata.org/entity/Q392105,Škoda Yeti,http://www.wikidata.org/entity/Q3231690,модель автомобиля,http://www.wikidata.org/entity/Q29637,Škoda Auto,Чехия,,,Škoda Karoq,4223,1793,,,http://commons.wikimedia.org/wiki/Special:FilePath/Skoda%20Yeti%20%E2%80%93%20Frontansicht%2C%2014.%20Juni%202011%2C%20Mettmann.jpg
http://www.wikidata.org/entity/Q30277434,Škoda ŠOT,http://www.wikidata.org/entity/Q100710213,модель боевой машины,http://www.wikidata.org/entity/Q29637,Škoda Auto,Чехия,,,,,,,,
http://www.wikidata.org/entity/Q391958,Škoda F3,http://www.wikidata.org/entity/Q90834785,модель гоночного автомобиля,http://www.wikidata.org/entity/Q29637,Škoda Auto,Чехия,,,,,,,,http://commons.wikimedia.org/wiki/Special:FilePath/Skoda-museum-mlada-boleslav-rr-118.jpg
http://www.wikidata.org/entity/Q112663761,Škoda Fabia RS Rally2,http://www.wikidata.org/entity/Q90834785,модель гоночного автомобиля,http://www.wikidata.org/entity/Q29637,Škoda Auto,Чехия,,,,,,,,http://commons.wikimedia.org/wiki/Special:FilePath/2022%20Bohemia%20Rally%20Mlad%C3%A1%20Boleslav%20-%20Mikkelsen%2C%20%C5%A0koda%20Fabia%20RS%20Rally2.jpg
http://www.wikidata.org/entity/Q112663761,Škoda Fabia RS Rally2,http://www.wikidata.org/entity/Q90834785,модель гоночного автомобиля,http://www.wikidata.org/entity/Q29637,Škoda Auto,Чехия,,,,,,,,http://commons.wikimedia.org/wiki/Special:FilePath/2023%20Bohemia%20Rally%20Mlad%C3%A1%20Boleslav%20-%20Kopeck%C3%BD.jpg
http://www.wikidata.org/entity/Q257578,Škoda Fabia S2000,http://www.wikidata.org/entity/Q90834785,модель гоночного автомобиля,http://www.wikidata.org/entity/Q29637,Škoda Auto,Чехия,,Škoda Fabia WRC,Škoda Fabia R5,4000,,,,http://commons.wikimedia.org/wiki/Special:FilePath/%C5%A0kodaFabiaS2000%282009%29.jpg
http://www.wikidata.org/entity/Q8082809,Škoda Felicia Kit Car,http://www.wikidata.org/entity/Q90834785,модель гоночного автомобиля,http://www.wikidata.org/entity/Q29637,Škoda Auto,Чехия,,,,,,,,http://commons.wikimedia.org/wiki/Special:FilePath/Rally%20Bohemia%202011%20-%20Bro%C5%BE.jpg
http://www.wikidata.org/entity/Q2068865,Škoda Fabia WRC,http://www.wikidata.org/entity/Q90834785,модель гоночного автомобиля,http://www.wikidata.org/entity/Q29637,Škoda Auto,Чехия,,Škoda Octavia WRC,Škoda Fabia S2000,,,,,http://commons.wikimedia.org/wiki/Special:FilePath/Armin%20Schwarz%20-%202005%20Rally%20Finland.jpg
http://www.wikidata.org/entity/Q2673846,Škoda Octavia WRC,http://www.wikidata.org/entity/Q90834785,модель гоночного автомобиля,http://www.wikidata.org/entity/Q29637,Škoda Auto,Чехия,,,Škoda Fabia WRC,,,,,http://commons.wikimedia.org/wiki/Special:FilePath/SkodaOctaviaWRCMBbyAlofok%20%281%29.JPG
http://www.wikidata.org/entity/Q10404354,CAS 25 Škoda 706 RTHP,http://www.wikidata.org/entity/Q21546143,модель грузовика,http://www.wikidata.org/entity/Q29637,Škoda Auto,Чехия,,,,,,,,http://commons.wikimedia.org/wiki/Special:FilePath/LIAZ0505.jpg
http://www.wikidata.org/entity/Q391867,Škoda 150,http://www.wikidata.org/entity/Q21546143,модель грузовика,http://www.wikidata.org/entity/Q29637,Škoda Auto,Чехия,,,,,,,,http://commons.wikimedia.org/wiki/Special:FilePath/Praga%20A150%20light%20truck%20crop.JPG
http://www.wikidata.org/entity/Q131985540,Škoda 550,http://www.wikidata.org/entity/Q21546143,модель грузовика,http://www.wikidata.org/entity/Q29637,Škoda Auto,Чехия,,,,,,,,http://commons.wikimedia.org/wiki/Special:FilePath/%C5%A0koda%20550%20Wood%20system%20truck%20%28Auto%20magazine%2C%201927%29.png
http://www.wikidata.org/entity/Q12032396,LIAZ 400,http://www.wikidata.org/entity/Q21546143,модель грузовика,http://www.wikidata.org/entity/Q29637,Škoda Auto,Чехия,,,,,,,,http://commons.wikimedia.org/wiki/Special:FilePath/%C5%A0koda-Xena%20Sytov%C3%A1-CIMG1476.jpg
http://www.wikidata.org/entity/Q391919,Škoda 706,http://www.wikidata.org/entity/Q21546143,модель грузовика,http://www.wikidata.org/entity/Q29637,Škoda Auto,Чехия,,Škoda 706 R,Category:Škoda trucks,,,,,http://commons.wikimedia.org/wiki/Special:FilePath/LIAZ0505.jpg
http://www.wikidata.org/entity/Q10404742,Škoda HS-300,http://www.wikidata.org/entity/Q15057021,модель двигателя,http://www.wikidata.org/entity/Q29637,Škoda Auto,Чехия,,,,,,,,
http://www.wikidata.org/entity/Q163053,Škoda Fabia,http://www.wikidata.org/entity/Q59773381,модельный ряд автомобилей,http://www.wikidata.org/entity/Q29637,Škoda Auto,Чехия,,Škoda Felicia,,3970,,,,http://commons.wikimedia.org/wiki/Special:FilePath/2018%20Skoda%20Fabia%20SE%20MPi%201.0.jpg
http://www.wikidata.org/entity/Q11832265,Škoda Kodiaq,http://www.wikidata.org/entity/Q59773381,модельный ряд автомобилей,http://www.wikidata.org/entity/Q29637,Škoda Auto,Чехия,,,,4697,1882,1676,,http://commons.wikimedia.org/wiki/Special:FilePath/2018%20Skoda%20Kodiaq%20Edition%20TDi.jpg
http://www.wikidata.org/entity/Q223696,Škoda Octavia,http://www.wikidata.org/entity/Q59773381,модельный ряд автомобилей,http://www.wikidata.org/entity/Q29637,Škoda Auto,Чехия,,,,,1829,,,http://commons.wikimedia.org/wiki/Special:FilePath/Skoda%20Octavia%20IV%20Combi%20IMG%202617.jpg
http://www.wikidata.org/entity/Q346196,Škoda Rapid,http://www.wikidata.org/entity/Q59773381,модельный ряд автомобилей,http://www.wikidata.org/entity/Q29637,Škoda Auto,Чехия,,,,,,,,http://commons.wikimedia.org/wiki/Special:FilePath/Skoda%20130%20Rapid.jpg
http://www.wikidata.org/entity/Q1982880,Volkswagen Group New Small Family,http://www.wikidata.org/entity/Q632300,платформа,http://www.wikidata.org/entity/Q29637,Škoda Auto,Чехия,,,,,,,,http://commons.wikimedia.org/wiki/Special:FilePath/VW%20high%20up%21%201.0%20%E2%80%93%20Frontansicht%2C%2017.%20M%C3%A4rz%202012%2C%20D%C3%BCsseldorf.jpg
http://www.wikidata.org/entity/Q391934,Škoda 932,http://www.wikidata.org/entity/Q207977,прототип,http://www.wikidata.org/entity/Q29637,Škoda Auto,Чехия,,,,,,,,
http://www.wikidata.org/entity/Q9396978,Škoda RSO,http://www.wikidata.org/entity/Q59569,тягач,http://www.wikidata.org/entity/Q29637,Škoda Auto,Чехия,,,,,,,,http://commons.wikimedia.org/wiki/Special:FilePath/Skoda%20Rad%20Schlepper%201944%20%2812169501973%29.jpg
