model,modelLabel,type,typeLabel,manufacturer,manufacturerLabel,countryLabel,startProduction,predecessorLabel,successorLabel,length,width,height,mass,image
http://www.wikidata.org/entity/Q91031140,BMW Z3 M (E36/7),http://www.wikidata.org/entity/Q12627468,Q12627468,http://www.wikidata.org/entity/Q26678,BMW,Германия,,,,,,,,http://commons.wikimedia.org/wiki/Special:FilePath/BMW%20Z3%20M%20-%20Flickr%20-%20Alexandre%20Pr%C3%A9vot.jpg
http://www.wikidata.org/entity/Q90996924,BMW 2000 touring,http://www.wikidata.org/entity/Q67388842,BMW 2000,http://www.wikidata.org/entity/Q26678,BMW,Германия,,,,,,,,http://commons.wikimedia.org/wiki/Special:FilePath/BMW%202000%20Touring%20arriving%20at%20Schaffen-Diest.JPG
http://www.wikidata.org/entity/Q108544556,EMW 325,http://www.wikidata.org/entity/Q137188246,military vehicle model,http://www.wikidata.org/entity/Q26678,BMW,Германия,,,,,,,,
http://www.wikidata.org/entity/Q796496,BMW F 800,http://www.wikidata.org/entity/Q71310524,motorcycle model series,http://www.wikidata.org/entity/Q26678,BMW,Германия,,,,,,,,http://commons.wikimedia.org/wiki/Special:FilePath/Liesel%2014-11-10%20BMW%20F%20800%20GS%2001-2.JPG
http://www.wikidata.org/entity/Q796507,BMW GS,http://www.wikidata.org/entity/Q71310524,motorcycle model series,http://www.wikidata.org/entity/Q26678,BMW,Германия,,,,,,,,
http://www.wikidata.org/entity/Q2188925,BMW HP2 series,http://www.wikidata.org/entity/Q71310524,motorcycle model series,http://www.wikidata.org/entity/Q26678,BMW,Германия,,,,,,,,
http://www.wikidata.org/entity/Q25431426,BMW Strahljäger I,http://www.wikidata.org/entity/Q76379517,prototype aircraft,http://www.wikidata.org/entity/Q26678,BMW,Германия,,,,,,,,
http://www.wikidata.org/entity/Q25431431,BMW Strahljäger II,http://www.wikidata.org/entity/Q76379517,prototype aircraft,http://www.wikidata.org/entity/Q26678,BMW,Германия,,,,,,,,http://commons.wikimedia.org/wiki/Special:FilePath/BMW%20TLJ-2%2C%20Strahlj%C3%A4ger%20Projekt%20II%20%28Replica%29%20%2845020226532%29.jpg
http://www.wikidata.org/entity/Q25431432,BMW Strahljäger III,http://www.wikidata.org/entity/Q76379517,prototype aircraft,http://www.wikidata.org/entity/Q26678,BMW,Германия,,,,,,,,
http://www.wikidata.org/entity/Q25431433,BMW Strahljäger IV,http://www.wikidata.org/entity/Q76379517,prototype aircraft,http://www.wikidata.org/entity/Q26678,BMW,Германия,,,,,,,,
http://www.wikidata.org/entity/Q138578300,BMW Strahljäger V,http://www.wikidata.org/entity/Q76379517,prototype aircraft,http://www.wikidata.org/entity/Q26678,BMW,Германия,,,,,,,,
http://www.wikidata.org/entity/Q90996946,BMW 2002 turbo,http://www.wikidata.org/entity/Q378796,BMW 2002,http://www.wikidata.org/entity/Q26678,BMW,Германия,,,,,,,,http://commons.wikimedia.org/wiki/Special:FilePath/1974%20BMW%202002%20turbo.jpg
http://www.wikidata.org/entity/Q90992856,BMW M6 (F06),http://www.wikidata.org/entity/Q796478,BMW 6 (F13),http://www.wikidata.org/entity/Q26678,BMW,Германия,,,,,,,,http://commons.wikimedia.org/wiki/Special:FilePath/M6%20Gran%20Coup%C3%A9.JPG
http://www.wikidata.org/entity/Q21036535,BMW M3 (E30),http://www.wikidata.org/entity/Q838837,BMW E30,http://www.wikidata.org/entity/Q26678,BMW,Германия,,,BMW M3 (E36),4346,1680,1370,,http://commons.wikimedia.org/wiki/Special:FilePath/BMW%20E30%20M3.jpg
http://www.wikidata.org/entity/Q21036535,BMW M3 (E30),http://www.wikidata.org/entity/Q838837,BMW E30,http://www.wikidata.org/entity/Q26678,BMW,Германия,,,BMW M3 (E36),4346,1680,1370,,http://commons.wikimedia.org/wiki/Special:FilePath/BMW%20M3%20E30%20front%2020090514.jpg
http://www.wikidata.org/entity/Q90926645,BMW M3 (E46/2S),http://www.wikidata.org/entity/Q756792,BMW E46,http://www.wikidata.org/entity/Q26678,BMW,Германия,,,,,,,,http://commons.wikimedia.org/wiki/Special:FilePath/BMW%20E46%20M3%20%2816721044731%29.jpg
http://www.wikidata.org/entity/Q90990917,BMW M3 (E30) Sport Evolution,http://www.wikidata.org/entity/Q21036535,BMW M3 (E30),http://www.wikidata.org/entity/Q26678,BMW,Германия,,,,,,,,http://commons.wikimedia.org/wiki/Special:FilePath/Black%20BMW%20M3%20E30%20fr.jpg
http://www.wikidata.org/entity/Q13411061,BMW X5,http://www.wikidata.org/entity/Q796778,BMW X5,http://www.wikidata.org/entity/Q26678,BMW,Германия,,BMW X5 (E70),BMW X5 (G05),,,,,http://commons.wikimedia.org/wiki/Special:FilePath/2016%20BMW%20X5%20xDrive40d%20M%20Sport%20Automatic%203.0%20Front.jpg
http://www.wikidata.org/entity/Q17749733,BMW 745h,http://www.wikidata.org/entity/Q1420,автомобиль,http://www.wikidata.org/entity/Q26678,BMW,Германия,,,,,,,,http://commons.wikimedia.org/wiki/Special:FilePath/BMW-745.jpg
http://www.wikidata.org/entity/Q2877238,BMW Concept Coupe Mille Miglia,http://www.wikidata.org/entity/Q1420,автомобиль,http://www.wikidata.org/entity/Q26678,BMW,Германия,,,,,,,,http://commons.wikimedia.org/wiki/Special:FilePath/BMW%20328%20Mille%20Miglia%20-%20Baujahr%201940.jpg
http://www.wikidata.org/entity/Q6017077,Mini John Cooper Works S2000,http://www.wikidata.org/entity/Q1420,автомобиль,http://www.wikidata.org/entity/Q26678,BMW,Германия,,,,,,,,http://commons.wikimedia.org/wiki/Special:FilePath/Rally%20Bohemia%202013%20-%20Pech%2C%20Mini%20Cooper%20S2000%201.6T%2001.JPG
http://www.wikidata.org/entity/Q107447016,BMW 2 (G42),http://www.wikidata.org/entity/Q1420,автомобиль,http://www.wikidata.org/entity/Q26678,BMW,Германия,,,,,,,,http://commons.wikimedia.org/wiki/Special:FilePath/BMW%20G42%201X7A5766.jpg
http://www.wikidata.org/entity/Q695703,BMW Dixi,http://www.wikidata.org/entity/Q10429667,автомобильная марка,http://www.wikidata.org/entity/Q26678,BMW,Германия,,,BMW 3/15,,,,,http://commons.wikimedia.org/wiki/Special:FilePath/Dixi%203-15%20DA%20%281929%29.jpg
http://www.wikidata.org/entity/Q796750,BMW S65,http://www.wikidata.org/entity/Q502048,бензиновый двигатель внутреннего сгорания,http://www.wikidata.org/entity/Q26678,BMW,Германия,,,,,,,,http://commons.wikimedia.org/wiki/Special:FilePath/BMW%20S65%20Engine.JPG
http://www.wikidata.org/entity/Q95864511,Q95864511,http://www.wikidata.org/entity/Q44167,двигатель,http://www.wikidata.org/entity/Q26678,BMW,Германия,,,,,,,,http://commons.wikimedia.org/wiki/Special:FilePath/Touring%20cars%20racing%20engine%20M49%20in%20BMW-Museum%20in%20Munich%2C%20Bayern.JPG
http://www.wikidata.org/entity/Q95864913,Q95864913,http://www.wikidata.org/entity/Q44167,двигатель,http://www.wikidata.org/entity/Q26678,BMW,Германия,,,,,,,,http://commons.wikimedia.org/wiki/Special:FilePath/BMW%20P75%20engine%20BMW-Museum.jpg
http://www.wikidata.org/entity/Q3632092,BMW S50,http://www.wikidata.org/entity/Q44167,двигатель,http://www.wikidata.org/entity/Q26678,BMW,Германия,,,,,,,,http://commons.wikimedia.org/wiki/Special:FilePath/BMW%20M3%20Evo%20Coupe%20E36%20-%20Flickr%20-%20The%20Car%20Spy%20%285%29.jpg
http://www.wikidata.org/entity/Q85859638,BMW S58,http://www.wikidata.org/entity/Q44167,двигатель,http://www.wikidata.org/entity/Q26678,BMW,Германия,,,,,,,,http://commons.wikimedia.org/wiki/Special:FilePath/S58%20Engine-crop.jpg
http://www.wikidata.org/entity/Q4836090,BMW B37,http://www.wikidata.org/entity/Q44167,двигатель,http://www.wikidata.org/entity/Q26678,BMW,Германия,2014-01-01T00:00:00Z,,,,,,,http://commons.wikimedia.org/wiki/Special:FilePath/Bmw%20216d%20active%20tourer.jpg
http://www.wikidata.org/entity/Q796592,BMW M67,http://www.wikidata.org/entity/Q12757,двигатель внутреннего сгорания,http://www.wikidata.org/entity/Q26678,BMW,Германия,,,,,,,,http://commons.wikimedia.org/wiki/Special:FilePath/BMW%20740d%20E65%20%288807712333%29.jpg
http://www.wikidata.org/entity/Q15784973,BMW S55,http://www.wikidata.org/entity/Q12757,двигатель внутреннего сгорания,http://www.wikidata.org/entity/Q26678,BMW,Германия,,,,,,,,http://commons.wikimedia.org/wiki/Special:FilePath/2014%20Washington%20Auto%20Show%20%2812140974934%29.jpg
http://www.wikidata.org/entity/Q796385,Q796385,http://www.wikidata.org/entity/Q850270,концепт-кар,http://www.wikidata.org/entity/Q26678,BMW,Германия,,,,,,,,
http://www.wikidata.org/entity/Q48790578,BMW 3.0 CSL Hommage,http://www.wikidata.org/entity/Q850270,концепт-кар,http://www.wikidata.org/entity/Q26678,BMW,Германия,,,,,,,,http://commons.wikimedia.org/wiki/Special:FilePath/3-0CSL-Hommage%20Concours%20%C3%A9l%C3%A9gance%20Villa%20Este%202015-resized.jpg
http://www.wikidata.org/entity/Q796438,BMW CS Concept,http://www.wikidata.org/entity/Q850270,концепт-кар,http://www.wikidata.org/entity/Q26678,BMW,Германия,,BMW E31,,,,,,http://commons.wikimedia.org/wiki/Special:FilePath/BMW%20Concept%20CS%20AMI.JPG
http://www.wikidata.org/entity/Q796438,BMW CS Concept,http://www.wikidata.org/entity/Q850270,концепт-кар,http://www.wikidata.org/entity/Q26678,BMW,Германия,,BMW E31,,,,,,http://commons.wikimedia.org/wiki/Special:FilePath/Concept%20cs.JPG
http://www.wikidata.org/entity/Q2691769,BMW CS1,http://www.wikidata.org/entity/Q850270,концепт-кар,http://www.wikidata.org/entity/Q26678,BMW,Германия,,,,,,,,
http://www.wikidata.org/entity/Q40871439,BMW Concept 8 series,http://www.wikidata.org/entity/Q850270,концепт-кар,http://www.wikidata.org/entity/Q26678,BMW,Германия,,,,,,,,http://commons.wikimedia.org/wiki/Special:FilePath/BMW%208er%20Concept%20IMG%200884.jpg
http://www.wikidata.org/entity/Q1555638,BMW Concept X1,http://www.wikidata.org/entity/Q850270,концепт-кар,http://www.wikidata.org/entity/Q26678,BMW,Германия,,,,,,,,http://commons.wikimedia.org/wiki/Special:FilePath/Bmw%20Concept%20X1.jpg
http://www.wikidata.org/entity/Q1555638,BMW Concept X1,http://www.wikidata.org/entity/Q850270,концепт-кар,http://www.wikidata.org/entity/Q26678,BMW,Германия,,,,,,,,http://commons.wikimedia.org/wiki/Special:FilePath/Mondial%20de%20l%27Automobile%202008%2C%20Paris%20-%20France%20%283261075916%29.jpg
http://www.wikidata.org/entity/Q796431,BMW Concept X6 ActiveHybrid,http://www.wikidata.org/entity/Q850270,концепт-кар,http://www.wikidata.org/entity/Q26678,BMW,Германия,,,,,,,,http://commons.wikimedia.org/wiki/Special:FilePath/BMW%20Concept%20X6%20Active%20Hybrid.JPG
http://www.wikidata.org/entity/Q60965052,BMW Concept Z4,http://www.wikidata.org/entity/Q850270,концепт-кар,http://www.wikidata.org/entity/Q26678,BMW,Германия,,,,,,,,http://commons.wikimedia.org/wiki/Special:FilePath/BMW%20Concept%20Z4%2C%20Frankfurt%20%281Y7A3563%29.jpg
http://www.wikidata.org/entity/Q60965052,BMW Concept Z4,http://www.wikidata.org/entity/Q850270,концепт-кар,http://www.wikidata.org/entity/Q26678,BMW,Германия,,,,,,,,http://commons.wikimedia.org/wiki/Special:FilePath/BMW%20Z4%20Concept%20%2836846176234%29.jpg
http://www.wikidata.org/entity/Q796433,BMW E1,http://www.wikidata.org/entity/Q850270,концепт-кар,http://www.wikidata.org/entity/Q26678,BMW,Германия,,,,,,,,http://commons.wikimedia.org/wiki/Special:FilePath/BMW%20E1%2001.jpg
http://www.wikidata.org/entity/Q778046,BMW H2R,http://www.wikidata.org/entity/Q850270,концепт-кар,http://www.wikidata.org/entity/Q26678,BMW,Германия,,,,5400,,,,http://commons.wikimedia.org/wiki/Special:FilePath/BMW%20H2R%20IAA%202005.jpg
http://www.wikidata.org/entity/Q778046,BMW H2R,http://www.wikidata.org/entity/Q850270,концепт-кар,http://www.wikidata.org/entity/Q26678,BMW,Германия,,,,5400,,,,http://commons.wikimedia.org/wiki/Special:FilePath/BMW%20H2R%20IAA%202023%201X7A0780-resized.jpg
http://www.wikidata.org/entity/Q796514,BMW K1,http://www.wikidata.org/entity/Q850270,концепт-кар,http://www.wikidata.org/entity/Q26678,BMW,Германия,,,,,,,,
http://www.wikidata.org/entity/Q796516,BMW K4,http://www.wikidata.org/entity/Q850270,концепт-кар,http://www.wikidata.org/entity/Q26678,BMW,Германия,,,,,,,,http://commons.wikimedia.org/wiki/Special:FilePath/BMW%20328%20Kamm%20Gitterrohrrahmen%201.jpg
http://www.wikidata.org/entity/Q65125003,BMW Vision M Next,http://www.wikidata.org/entity/Q850270,концепт-кар,http://www.wikidata.org/entity/Q26678,BMW,Германия,,,,,,,,http://commons.wikimedia.org/wiki/Special:FilePath/BMW%20Vision%20M%20NEXT%20IAA%202019%20JM%200090.jpg
http://www.wikidata.org/entity/Q4836082,BMW X-Coupe,http://www.wikidata.org/entity/Q850270,концепт-кар,http://www.wikidata.org/entity/Q26678,BMW,Германия,,Italdesign Nasca,BMW Z4 (E85),,,,,http://commons.wikimedia.org/wiki/Special:FilePath/Bmw%20x-coupe.jpg
http://www.wikidata.org/entity/Q4836082,BMW X-Coupe,http://www.wikidata.org/entity/Q850270,концепт-кар,http://www.wikidata.org/entity/Q26678,BMW,Германия,,Italdesign Nasca,BMW Z4 (E85),,,,,http://commons.wikimedia.org/wiki/Special:FilePath/BMW%20X-Coupe%202001%2001.jpg
http://www.wikidata.org/entity/Q4836089,BMW Z9,http://www.wikidata.org/entity/Q850270,концепт-кар,http://www.wikidata.org/entity/Q26678,BMW,Германия,,,,,,,,http://commons.wikimedia.org/wiki/Special:FilePath/BMW%20Z9GT%201999%2001.jpg
http://www.wikidata.org/entity/Q4836088,BMW Zagato Coupe,http://www.wikidata.org/entity/Q850270,концепт-кар,http://www.wikidata.org/entity/Q26678,BMW,Германия,,,,,,,,http://commons.wikimedia.org/wiki/Special:FilePath/BMW%20Zagato%20Coup%C3%A9.jpg
http://www.wikidata.org/entity/Q40872077,BMW i Vision Dynamics,http://www.wikidata.org/entity/Q850270,концепт-кар,http://www.wikidata.org/entity/Q26678,BMW,Германия,,,,,,,,http://commons.wikimedia.org/wiki/Special:FilePath/BMW%20i%20Vision%20Dynamics%2C%20IAA%202017%2C%20Frankfurt%20%281Y7A3509%29.jpg
http://www.wikidata.org/entity/Q108434768,BMW iX5 Hydrogen,http://www.wikidata.org/entity/Q850270,концепт-кар,http://www.wikidata.org/entity/Q26678,BMW,Германия,,,,,,,,http://commons.wikimedia.org/wiki/Special:FilePath/BMW%20iX5%20Hydrogen%20IAA%202023%201X7A0718.jpg
http://www.wikidata.org/entity/Q25436943,BMW next 100,http://www.wikidata.org/entity/Q850270,концепт-кар,http://www.wikidata.org/entity/Q26678,BMW,Германия,,,,,,,,
http://www.wikidata.org/entity/Q6716160,MINI Beachcomber,http://www.wikidata.org/entity/Q850270,концепт-кар,http://www.wikidata.org/entity/Q26678,BMW,Германия,,,,,,,,http://commons.wikimedia.org/wiki/Special:FilePath/Mini%20Beachcomber%20%28122%29.JPG
http://www.wikidata.org/entity/Q40881989,Mini Electric Concept,http://www.wikidata.org/entity/Q850270,концепт-кар,http://www.wikidata.org/entity/Q26678,BMW,Германия,,,,,,,,http://commons.wikimedia.org/wiki/Special:FilePath/Mini%20Electric%20IMG%200860.jpg
http://www.wikidata.org/entity/Q40882274,Mini John Cooper Works GP Concept,http://www.wikidata.org/entity/Q850270,концепт-кар,http://www.wikidata.org/entity/Q26678,BMW,Германия,,,,,,,,http://commons.wikimedia.org/wiki/Special:FilePath/Mini%20John%20Cooper%20Works%20GP%20Concept%2C%20IAA%202017%2C%20Frankfurt%20%281Y7A3222%29.jpg
http://www.wikidata.org/entity/Q7361314,Rolls-Royce 102EX,http://www.wikidata.org/entity/Q850270,концепт-кар,http://www.wikidata.org/entity/Q26678,BMW,Германия,,,,,,,,http://commons.wikimedia.org/wiki/Special:FilePath/BMW%20presentation%20at%20the%20Frankfurt%20Motor%20Show%202011%20%286143610224%29.jpg
http://www.wikidata.org/entity/Q90960971,Mini (3rd Generation),http://www.wikidata.org/entity/Q1144312,легковой автомобиль,http://www.wikidata.org/entity/Q26678,BMW,Германия,,,,,,,,http://commons.wikimedia.org/wiki/Special:FilePath/M%C3%BCnster%2C%20Parkhaus%20am%20Coesfelder%20Kreuz%2C%20BMW%20Mini%20--%202018%20--%201457.jpg
http://www.wikidata.org/entity/Q130544940,Q130544940,http://www.wikidata.org/entity/Q3231690,модель автомобиля,http://www.wikidata.org/entity/Q26678,BMW,Германия,,,,,,,,
http://www.wikidata.org/entity/Q2917325,Q2917325,http://www.wikidata.org/entity/Q3231690,модель автомобиля,http://www.wikidata.org/entity/Q26678,BMW,Германия,,,,,,,,
http://www.wikidata.org/entity/Q796385,Q796385,http://www.wikidata.org/entity/Q3231690,модель автомобиля,http://www.wikidata.org/entity/Q26678,BMW,Германия,,,,,,,,
http://www.wikidata.org/entity/Q796394,Q796394,http://www.wikidata.org/entity/Q3231690,модель автомобиля,http://www.wikidata.org/entity/Q26678,BMW,Германия,,BMW 326,BMW 501/502,,,,,
http://www.wikidata.org/entity/Q796396,Q796396,http://www.wikidata.org/entity/Q3231690,модель автомобиля,http://www.wikidata.org/entity/Q26678,BMW,Германия,,BMW 335,Q796399,,,,,
http://www.wikidata.org/entity/Q796399,Q796399,http://www.wikidata.org/entity/Q3231690,модель автомобиля,http://www.wikidata.org/entity/Q26678,BMW,Германия,,Q796396,BMW 501/502,5100,1830,1630,,
http://www.wikidata.org/entity/Q9163491,Q9163491,http://www.wikidata.org/entity/Q3231690,модель автомобиля,http://www.wikidata.org/entity/Q26678,BMW,Германия,,BMW E24,BMW E63,,,,,http://commons.wikimedia.org/wiki/Special:FilePath/BMW%20E31.JPG
http://www.wikidata.org/entity/Q56371563,BMW 116,http://www.wikidata.org/entity/Q3231690,модель автомобиля,http://www.wikidata.org/entity/Q26678,BMW,Германия,,,,,,,,http://commons.wikimedia.org/wiki/Special:FilePath/BMW%201600%20%283568123910%29%20%28cropped%29.jpg
http://www.wikidata.org/entity/Q16060432,BMW 1500,http://www.wikidata.org/entity/Q3231690,модель автомобиля,http://www.wikidata.org/entity/Q26678,BMW,Германия,,,,4501,1709,1450,1050,http://commons.wikimedia.org/wiki/Special:FilePath/BMW%201500%20in%20BMW-Museum%20in%20Munich%2C%20Bayern.JPG
http://www.wikidata.org/entity/Q3631932,BMW 1600,http://www.wikidata.org/entity/Q3231690,модель автомобиля,http://www.wikidata.org/entity/Q26678,BMW,Германия,,BMW 1500,,4501,1709,1450,,
http://www.wikidata.org/entity/Q11959926,BMW 1602,http://www.wikidata.org/entity/Q3231690,модель автомобиля,http://www.wikidata.org/entity/Q26678,BMW,Германия,,,BMW E21,,,,,http://commons.wikimedia.org/wiki/Special:FilePath/BMW%201602%20%285998683803%29.jpg
http://www.wikidata.org/entity/Q25245626,BMW 1602 Elektro-Antrieb,http://www.wikidata.org/entity/Q3231690,модель автомобиля,http://www.wikidata.org/entity/Q26678,BMW,Германия,,,,,,,,
http://www.wikidata.org/entity/Q2056075,BMW 1800,http://www.wikidata.org/entity/Q3231690,модель автомобиля,http://www.wikidata.org/entity/Q26678,BMW,Германия,,,,4501,1709,1450,,http://commons.wikimedia.org/wiki/Special:FilePath/BMW%201800%20%287883880920%29.jpg
http://www.wikidata.org/entity/Q20749282,BMW 1802,http://www.wikidata.org/entity/Q3231690,модель автомобиля,http://www.wikidata.org/entity/Q26678,BMW,Германия,,,BMW E21,,,,,http://commons.wikimedia.org/wiki/Special:FilePath/BMW%201802%20%286670751357%29.jpg
http://www.wikidata.org/entity/Q112515397,BMW 2 Series Coupe,http://www.wikidata.org/entity/Q3231690,модель автомобиля,http://www.wikidata.org/entity/Q26678,BMW,Германия,,,,,,,,
http://www.wikidata.org/entity/Q796370,BMW 2000 GL,http://www.wikidata.org/entity/Q3231690,модель автомобиля,http://www.wikidata.org/entity/Q26678,BMW,Германия,,,BMW 2004,4415,1610,1390,1020,http://commons.wikimedia.org/wiki/Special:FilePath/MHV%20BMW%202004%201973%2001.jpg
http://www.wikidata.org/entity/Q90996924,BMW 2000 touring,http://www.wikidata.org/entity/Q3231690,модель автомобиля,http://www.wikidata.org/entity/Q26678,BMW,Германия,,,,,,,,http://commons.wikimedia.org/wiki/Special:FilePath/BMW%202000%20Touring%20arriving%20at%20Schaffen-Diest.JPG
http://www.wikidata.org/entity/Q90996946,BMW 2002 turbo,http://www.wikidata.org/entity/Q3231690,модель автомобиля,http://www.wikidata.org/entity/Q26678,BMW,Германия,,,,,,,,http://commons.wikimedia.org/wiki/Special:FilePath/1974%20BMW%202002%20turbo.jpg
http://www.wikidata.org/entity/Q796372,BMW 2004,http://www.wikidata.org/entity/Q3231690,модель автомобиля,http://www.wikidata.org/entity/Q26678,BMW,Германия,,BMW 2000 GL,,4465,1610,1390,1020,http://commons.wikimedia.org/wiki/Special:FilePath/MHV%20BMW%202004%201973%2001.jpg
http://www.wikidata.org/entity/Q796379,BMW 3/15,http://www.wikidata.org/entity/Q3231690,модель автомобиля,http://www.wikidata.org/entity/Q26678,BMW,Германия,,,BMW 3/20,,,,,http://commons.wikimedia.org/wiki/Special:FilePath/Dixi%203-15%20DA%20%281929%29.jpg
http://www.wikidata.org/entity/Q91031536,BMW 3/15HP Jhle-Roadster,http://www.wikidata.org/entity/Q3231690,модель автомобиля,http://www.wikidata.org/entity/Q26678,BMW,Германия,,,,,,,,http://commons.wikimedia.org/wiki/Special:FilePath/BMW%20Roadster%201.jpg
http://www.wikidata.org/entity/Q796381,BMW 3/20,http://www.wikidata.org/entity/Q3231690,модель автомобиля,http://www.wikidata.org/entity/Q26678,BMW,Германия,,BMW 3/15,BMW 309,3200,1420,1550,650,http://commons.wikimedia.org/wiki/Special:FilePath/BMW%203-20HP%20AM%204%20%281933%29%20Classic-Gala%202021%201X7A0137.jpg
http://www.wikidata.org/entity/Q796380,BMW 303,http://www.wikidata.org/entity/Q3231690,модель автомобиля,http://www.wikidata.org/entity/Q26678,BMW,Германия,,,BMW 315,3900,1440,1550,820,http://commons.wikimedia.org/wiki/Special:FilePath/BMW%20303%201933%20bicolor%20vr%20TCE.jpg
http://www.wikidata.org/entity/Q796384,BMW 309,http://www.wikidata.org/entity/Q3231690,модель автомобиля,http://www.wikidata.org/entity/Q26678,BMW,Германия,,BMW 3/20,,3750,1440,1550,750,http://commons.wikimedia.org/wiki/Special:FilePath/BMW%20309%201934.JPG
http://www.wikidata.org/entity/Q180392,BMW 315,http://www.wikidata.org/entity/Q3231690,модель автомобиля,http://www.wikidata.org/entity/Q26678,BMW,Германия,,BMW 303,BMW 320,3900,1440,1550,830,http://commons.wikimedia.org/wiki/Special:FilePath/BMW%20315%201936%20white%20vr%20TCE.jpg
http://www.wikidata.org/entity/Q9163486,BMW 315/1,http://www.wikidata.org/entity/Q3231690,модель автомобиля,http://www.wikidata.org/entity/Q26678,BMW,Германия,,BMW 303,,3800,1440,1350,750,http://commons.wikimedia.org/wiki/Special:FilePath/2007-06-16%20BMW%20315-1%20%2802%29.jpg
http://www.wikidata.org/entity/Q796387,BMW 319,http://www.wikidata.org/entity/Q3231690,модель автомобиля,http://www.wikidata.org/entity/Q26678,BMW,Германия,,BMW 303,BMW 320,3900,1440,1550,850,http://commons.wikimedia.org/wiki/Special:FilePath/1936-bmw-archives.jpg
http://www.wikidata.org/entity/Q796391,BMW 320,http://www.wikidata.org/entity/Q3231690,модель автомобиля,http://www.wikidata.org/entity/Q26678,BMW,Германия,,BMW 319,BMW 321,,,,,http://commons.wikimedia.org/wiki/Special:FilePath/BMW%20automobile%201938.jpg
http://www.wikidata.org/entity/Q796388,BMW 325,http://www.wikidata.org/entity/Q3231690,модель автомобиля,http://www.wikidata.org/entity/Q26678,BMW,Германия,,,,3900,1690,1900,1775,http://commons.wikimedia.org/wiki/Special:FilePath/Bundesarchiv%20Bild%20101I-186-0199-07A%2C%20Russland%2C%20motorisierte%20Truppen%2C%20russischer%20Panzerwagen%20BA10.jpg
http://www.wikidata.org/entity/Q1718027,BMW 326,http://www.wikidata.org/entity/Q3231690,модель автомобиля,http://www.wikidata.org/entity/Q26678,BMW,Германия,,BMW 319,BMW 501/502,4600,1600,61,1100,http://commons.wikimedia.org/wiki/Special:FilePath/BMW%20326%20Limousine%201938.jpg
http://www.wikidata.org/entity/Q585787,BMW 327,http://www.wikidata.org/entity/Q3231690,модель автомобиля,http://www.wikidata.org/entity/Q26678,BMW,Германия,,BMW 319,BMW 503,4500,1600,1420,1100,http://commons.wikimedia.org/wiki/Special:FilePath/Emw327-totale-nah.jpg
http://www.wikidata.org/entity/Q796392,BMW 331,http://www.wikidata.org/entity/Q3231690,модель автомобиля,http://www.wikidata.org/entity/Q26678,BMW,Германия,,BMW 309,BMW 600,,,,,http://commons.wikimedia.org/wiki/Special:FilePath/BMW%20531%201951%2001.jpg
http://www.wikidata.org/entity/Q1751040,BMW 335,http://www.wikidata.org/entity/Q3231690,модель автомобиля,http://www.wikidata.org/entity/Q26678,BMW,Германия,,,BMW 501/502,,,,,http://commons.wikimedia.org/wiki/Special:FilePath/MHV%20BMW%20335%201939%2001.jpg
http://www.wikidata.org/entity/Q796488,BMW 7 F01 F02,http://www.wikidata.org/entity/Q3231690,модель автомобиля,http://www.wikidata.org/entity/Q26678,BMW,Германия,,BMW E65/E66,BMW G11,,1902,1479,,http://commons.wikimedia.org/wiki/Special:FilePath/Bmw-f01-wiki-paultan.org.jpg
http://www.wikidata.org/entity/Q56372131,BMW 750,http://www.wikidata.org/entity/Q3231690,модель автомобиля,http://www.wikidata.org/entity/Q26678,BMW,Германия,,,,,,,,http://commons.wikimedia.org/wiki/Special:FilePath/BMW%20750Li%20by%20Japan%20specification.jpg
http://www.wikidata.org/entity/Q9642124,BMW ActiveE,http://www.wikidata.org/entity/Q3231690,модель автомобиля,http://www.wikidata.org/entity/Q26678,BMW,Германия,,Mini E,BMW i3,4360,1748,1419,1800,http://commons.wikimedia.org/wiki/Special:FilePath/BMW%20ActiveE%20DriveNow%20Matthew%20%282013-07-15%2020.42.40%29.jpg
http://www.wikidata.org/entity/Q796438,BMW CS Concept,http://www.wikidata.org/entity/Q3231690,модель автомобиля,http://www.wikidata.org/entity/Q26678,BMW,Германия,,BMW E31,,,,,,http://commons.wikimedia.org/wiki/Special:FilePath/BMW%20Concept%20CS%20AMI.JPG
http://www.wikidata.org/entity/Q796438,BMW CS Concept,http://www.wikidata.org/entity/Q3231690,модель автомобиля,http://www.wikidata.org/entity/Q26678,BMW,Германия,,BMW E31,,,,,,http://commons.wikimedia.org/wiki/Special:FilePath/Concept%20cs.JPG
http://www.wikidata.org/entity/Q796431,BMW Concept X6 ActiveHybrid,http://www.wikidata.org/entity/Q3231690,модель автомобиля,http://www.wikidata.org/entity/Q26678,BMW,Германия,,,,,,,,http://commons.wikimedia.org/wiki/Special:FilePath/BMW%20Concept%20X6%20Active%20Hybrid.JPG
http://www.wikidata.org/entity/Q796433,BMW E1,http://www.wikidata.org/entity/Q3231690,модель автомобиля,http://www.wikidata.org/entity/Q26678,BMW,Германия,,,,,,,,http://commons.wikimedia.org/wiki/Special:FilePath/BMW%20E1%2001.jpg
http://www.wikidata.org/entity/Q796481,BMW E9,http://www.wikidata.org/entity/Q3231690,модель автомобиля,http://www.wikidata.org/entity/Q26678,BMW,Германия,,BMW 2000 C/CS,BMW E24,4661,1648,1369,,http://commons.wikimedia.org/wiki/Special:FilePath/BMW%203.0%20CSL%201X7A7215.jpg
http://www.wikidata.org/entity/Q796487,BMW F 76,http://www.wikidata.org/entity/Q3231690,модель автомобиля,http://www.wikidata.org/entity/Q26678,BMW,Германия,,,,,,,,http://commons.wikimedia.org/wiki/Special:FilePath/MHV%20BMW%20F76%201933%2001.jpg
http://www.wikidata.org/entity/Q126896746,BMW G45,http://www.wikidata.org/entity/Q3231690,модель автомобиля,http://www.wikidata.org/entity/Q26678,BMW,Германия,,BMW G01,,,,,,http://commons.wikimedia.org/wiki/Special:FilePath/BMW%20G45%2020%20DSC%207119.jpg
http://www.wikidata.org/entity/Q778046,BMW H2R,http://www.wikidata.org/entity/Q3231690,модель автомобиля,http://www.wikidata.org/entity/Q26678,BMW,Германия,,,,5400,,,,http://commons.wikimedia.org/wiki/Special:FilePath/BMW%20H2R%20IAA%202005.jpg
http://www.wikidata.org/entity/Q778046,BMW H2R,http://www.wikidata.org/entity/Q3231690,модель автомобиля,http://www.wikidata.org/entity/Q26678,BMW,Германия,,,,5400,,,,http://commons.wikimedia.org/wiki/Special:FilePath/BMW%20H2R%20IAA%202023%201X7A0780-resized.jpg
http://www.wikidata.org/entity/Q796514,BMW K1,http://www.wikidata.org/entity/Q3231690,модель автомобиля,http://www.wikidata.org/entity/Q26678,BMW,Германия,,,,,,,,
http://www.wikidata.org/entity/Q796516,BMW K4,http://www.wikidata.org/entity/Q3231690,модель автомобиля,http://www.wikidata.org/entity/Q26678,BMW,Германия,,,,,,,,http://commons.wikimedia.org/wiki/Special:FilePath/BMW%20328%20Kamm%20Gitterrohrrahmen%201.jpg
http://www.wikidata.org/entity/Q16039717,BMW Lovos,http://www.wikidata.org/entity/Q3231690,модель автомобиля,http://www.wikidata.org/entity/Q26678,BMW,Германия,,,,,,,,http://commons.wikimedia.org/wiki/Special:FilePath/BMW%20Museum%20IMG%2020141113%20120945%20%2815674560850%29.jpg
http://www.wikidata.org/entity/Q4836061,BMW M Coupé,http://www.wikidata.org/entity/Q3231690,модель автомобиля,http://www.wikidata.org/entity/Q26678,BMW,Германия,,,,,,,,http://commons.wikimedia.org/wiki/Special:FilePath/BMW%201M%20-%20Flickr%20-%20Alexandre%20Pr%C3%A9vot%20%2813%29.jpg
http://www.wikidata.org/entity/Q4836070,BMW M Roadster,http://www.wikidata.org/entity/Q3231690,модель автомобиля,http://www.wikidata.org/entity/Q26678,BMW,Германия,,,,,,,,http://commons.wikimedia.org/wiki/Special:FilePath/BMW%20Z3%20M%20-%20Flickr%20-%20Alexandre%20Pr%C3%A9vot%20%28cropped%29.jpg
http://www.wikidata.org/entity/Q90990917,BMW M3 (E30) Sport Evolution,http://www.wikidata.org/entity/Q3231690,модель автомобиля,http://www.wikidata.org/entity/Q26678,BMW,Германия,,,,,,,,http://commons.wikimedia.org/wiki/Special:FilePath/Black%20BMW%20M3%20E30%20fr.jpg
http://www.wikidata.org/entity/Q90926645,BMW M3 (E46/2S),http://www.wikidata.org/entity/Q3231690,модель автомобиля,http://www.wikidata.org/entity/Q26678,BMW,Германия,,,,,,,,http://commons.wikimedia.org/wiki/Special:FilePath/BMW%20E46%20M3%20%2816721044731%29.jpg
http://www.wikidata.org/entity/Q2917398,BMW M3 CSL,http://www.wikidata.org/entity/Q3231690,модель автомобиля,http://www.wikidata.org/entity/Q26678,BMW,Германия,,,BMW M4 CSL,,,,,http://commons.wikimedia.org/wiki/Special:FilePath/BMW%20M3%20CSL%20Silver.jpg
http://www.wikidata.org/entity/Q116664564,BMW M4 CSL,http://www.wikidata.org/entity/Q3231690,модель автомобиля,http://www.wikidata.org/entity/Q26678,BMW,Германия,,BMW M3 CSL,,,,,,http://commons.wikimedia.org/wiki/Special:FilePath/BMW%20M4%20CSL%20IMG%207638.jpg
http://www.wikidata.org/entity/Q796598,BMW M5,http://www.wikidata.org/entity/Q3231690,модель автомобиля,http://www.wikidata.org/entity/Q26678,BMW,Германия,,,,,,,,http://commons.wikimedia.org/wiki/Special:FilePath/BMW%20M5%20%28G90%29%20DSC%206010.jpg
http://www.wikidata.org/entity/Q90992856,BMW M6 (F06),http://www.wikidata.org/entity/Q3231690,модель автомобиля,http://www.wikidata.org/entity/Q26678,BMW,Германия,,,,,,,,http://commons.wikimedia.org/wiki/Special:FilePath/M6%20Gran%20Coup%C3%A9.JPG
http://www.wikidata.org/entity/Q3272917,BMW New Class coupé,http://www.wikidata.org/entity/Q3231690,модель автомобиля,http://www.wikidata.org/entity/Q26678,BMW,Германия,,,,4500,1710,1450,1130,http://commons.wikimedia.org/wiki/Special:FilePath/BMW%202000%20%282%29.jpg
http://www.wikidata.org/entity/Q65126990,BMW Série 8 Gran Coupé,http://www.wikidata.org/entity/Q3231690,модель автомобиля,http://www.wikidata.org/entity/Q26678,BMW,Германия,,,,,,,,http://commons.wikimedia.org/wiki/Special:FilePath/BMW%20G16%20at%20IAA%202019%20IMG%200624.jpg
http://www.wikidata.org/entity/Q796753,BMW Turbo,http://www.wikidata.org/entity/Q3231690,модель автомобиля,http://www.wikidata.org/entity/Q26678,BMW,Германия,,,,,,,,http://commons.wikimedia.org/wiki/Special:FilePath/BMW%20Turbo%201972%20red%20vr%20TCE.jpg
http://www.wikidata.org/entity/Q796755,BMW Vision ConnectedDrive,http://www.wikidata.org/entity/Q3231690,модель автомобиля,http://www.wikidata.org/entity/Q26678,BMW,Германия,,,,,,,,http://commons.wikimedia.org/wiki/Special:FilePath/TheBMWVisionConnectedDrive.jpg
http://www.wikidata.org/entity/Q125509400,BMW X5 M Competition,http://www.wikidata.org/entity/Q3231690,модель автомобиля,http://www.wikidata.org/entity/Q26678,BMW,Германия,,,,,,,,
http://www.wikidata.org/entity/Q91031140,BMW Z3 M (E36/7),http://www.wikidata.org/entity/Q3231690,модель автомобиля,http://www.wikidata.org/entity/Q26678,BMW,Германия,,,,,,,,http://commons.wikimedia.org/wiki/Special:FilePath/BMW%20Z3%20M%20-%20Flickr%20-%20Alexandre%20Pr%C3%A9vot.jpg
http://www.wikidata.org/entity/Q930466,BMW Z4 (E89),http://www.wikidata.org/entity/Q3231690,модель автомобиля,http://www.wikidata.org/entity/Q26678,BMW,Германия,,BMW Z4 (E85),BMW Z4 (G29),4239,1790,1291,,http://commons.wikimedia.org/wiki/Special:FilePath/BMW%20Z4%20%28E89%29%20front%2020100815.jpg
http://www.wikidata.org/entity/Q39076484,BMW Z4 (G29),http://www.wikidata.org/entity/Q3231690,модель автомобиля,http://www.wikidata.org/entity/Q26678,BMW,Германия,,BMW Z4 (E89),,4321,1861,1304,,http://commons.wikimedia.org/wiki/Special:FilePath/BMW%20G29%20Z4%20M40i%20%28Facelift%29%201X7A6946.jpg
http://www.wikidata.org/entity/Q4836088,BMW Zagato Coupe,http://www.wikidata.org/entity/Q3231690,модель автомобиля,http://www.wikidata.org/entity/Q26678,BMW,Германия,,,,,,,,http://commons.wikimedia.org/wiki/Special:FilePath/BMW%20Zagato%20Coup%C3%A9.jpg
http://www.wikidata.org/entity/Q112190791,BMW iX1,http://www.wikidata.org/entity/Q3231690,модель автомобиля,http://www.wikidata.org/entity/Q26678,BMW,Германия,,,,4500,1845,1642,,http://commons.wikimedia.org/wiki/Special:FilePath/BMW%20iX1%20IMG%205594.jpg
http://www.wikidata.org/entity/Q136100817,BMW iX3,http://www.wikidata.org/entity/Q3231690,модель автомобиля,http://www.wikidata.org/entity/Q26678,BMW,Германия,,,,4782,1895,1635,2360,http://commons.wikimedia.org/wiki/Special:FilePath/BMW%20iX3%20NA5%20IAA%202025%20DSC%201684.jpg
http://www.wikidata.org/entity/Q606472,Mini All4 Racing,http://www.wikidata.org/entity/Q3231690,модель автомобиля,http://www.wikidata.org/entity/Q26678,BMW,Германия,,BMW X3 Cross Country,Mini John Cooper Works Rally,4333,1998,1966,1900,http://commons.wikimedia.org/wiki/Special:FilePath/MINI%20All4%20Racing%20Dakar%202012.jpg
http://www.wikidata.org/entity/Q91031116,Mini Coupé (R58),http://www.wikidata.org/entity/Q3231690,модель автомобиля,http://www.wikidata.org/entity/Q26678,BMW,Германия,,,,,,,,http://commons.wikimedia.org/wiki/Special:FilePath/The%20Mini%20Coup%C3%A9%20is%20a%20sports%20car%20produced%20by%20Mini-%20It%20was%20unveiled%20in%20June%202011%20and%20formally%20launched%20at%20the%20Frankfurt%20Motor%20Show%20in%20September%202011--1-%20It%20is%20the%20first%20two-seat%20Mini--2-%20It%20was%20joined%20by%20a%20convertible%20ver%202013-05-18%2002-58.jpg
http://www.wikidata.org/entity/Q6865039,Mini E,http://www.wikidata.org/entity/Q3231690,модель автомобиля,http://www.wikidata.org/entity/Q26678,BMW,Германия,,,,,,,,http://commons.wikimedia.org/wiki/Special:FilePath/Mini%20E%20--%202010%20DC.jpg
http://www.wikidata.org/entity/Q65551003,Mini Electric,http://www.wikidata.org/entity/Q3231690,модель автомобиля,http://www.wikidata.org/entity/Q26678,BMW,Германия,,,,,,,,http://commons.wikimedia.org/wiki/Special:FilePath/2021%20Mini%20Hatch%20%28F56%29%20Electric%20IMG%206080.jpg
http://www.wikidata.org/entity/Q97370281,Mini John Cooper Works Buggy,http://www.wikidata.org/entity/Q3231690,модель автомобиля,http://www.wikidata.org/entity/Q26678,BMW,Германия,,Mini John Cooper Works Rally,,,,,,http://commons.wikimedia.org/wiki/Special:FilePath/Mini%20John%20Cooper%20Works%20Buggy%20%2852549795557%29.jpg
http://www.wikidata.org/entity/Q31836809,Mini John Cooper Works Rally,http://www.wikidata.org/entity/Q3231690,модель автомобиля,http://www.wikidata.org/entity/Q26678,BMW,Германия,,Mini All4 Racing,Mini John Cooper Works Buggy,4350,1999,2000,1952.5,
http://www.wikidata.org/entity/Q977805,Mini Paceman,http://www.wikidata.org/entity/Q3231690,модель автомобиля,http://www.wikidata.org/entity/Q26678,BMW,Германия,,,,4115,1786,,,http://commons.wikimedia.org/wiki/Special:FilePath/Mini%20Paceman%20%28R61%29%20DSC%208796.jpg
http://www.wikidata.org/entity/Q7243315,Prime Ministerial Limousine,http://www.wikidata.org/entity/Q3231690,модель автомобиля,http://www.wikidata.org/entity/Q26678,BMW,Германия,,Holden Caprice,,,,,,http://commons.wikimedia.org/wiki/Special:FilePath/Redcliffe%20Coast%20Guard%20visit%20by%20Prime%20Minister-2%20%28cropped%29.jpg
http://www.wikidata.org/entity/Q1124637,Rolls-Royce 100EX,http://www.wikidata.org/entity/Q3231690,модель автомобиля,http://www.wikidata.org/entity/Q26678,BMW,Германия,,,,,,,,http://commons.wikimedia.org/wiki/Special:FilePath/Rolls-Royce%20101EX.jpg
http://www.wikidata.org/entity/Q7361314,Rolls-Royce 102EX,http://www.wikidata.org/entity/Q3231690,модель автомобиля,http://www.wikidata.org/entity/Q26678,BMW,Германия,,,,,,,,http://commons.wikimedia.org/wiki/Special:FilePath/BMW%20presentation%20at%20the%20Frankfurt%20Motor%20Show%202011%20%286143610224%29.jpg
http://www.wikidata.org/entity/Q2416119,Rolls-Royce Phantom Coupé,http://www.wikidata.org/entity/Q3231690,модель автомобиля,http://www.wikidata.org/entity/Q26678,BMW,Германия,,Rolls-Royce Corniche,,5609,1987,,2580,http://commons.wikimedia.org/wiki/Special:FilePath/Rolls-Royce%20Phantom-Coup%C3%A9%20Front-view.JPG
http://www.wikidata.org/entity/Q10700656,Touring,http://www.wikidata.org/entity/Q3231690,модель автомобиля,http://www.wikidata.org/entity/Q26678,BMW,Германия,,,,,,,,http://commons.wikimedia.org/wiki/Special:FilePath/BMW%202002%20Touring.jpg
http://www.wikidata.org/entity/Q378796,BMW 2002,http://www.wikidata.org/entity/Q3231690,модель автомобиля,http://www.wikidata.org/entity/Q26678,BMW,Германия,,,,,,,,http://commons.wikimedia.org/wiki/Special:FilePath/BMW%202002%20ti%20%2802%29.jpg
http://www.wikidata.org/entity/Q2651136,Alpina B3,http://www.wikidata.org/entity/Q3231690,модель автомобиля,http://www.wikidata.org/entity/Q26678,BMW,Германия,,,,,,,,http://commons.wikimedia.org/wiki/Special:FilePath/2024%20Alpina%20B3%20%28G20%29%20IMG%200711.jpg
http://www.wikidata.org/entity/Q796490,BMW 1 (F20),http://www.wikidata.org/entity/Q3231690,модель автомобиля,http://www.wikidata.org/entity/Q26678,BMW,Германия,,BMW E87,,,1765,,,http://commons.wikimedia.org/wiki/Special:FilePath/2018%20BMW%20118i%20SE%20Automatic%201.5.jpg
http://www.wikidata.org/entity/Q64085785,BMW 1 (F40),http://www.wikidata.org/entity/Q3231690,модель автомобиля,http://www.wikidata.org/entity/Q26678,BMW,Германия,,BMW 1 (F20),BMW 1 (F70),4319,1799,1434,1320,http://commons.wikimedia.org/wiki/Special:FilePath/2019%20BMW%20118i%201.5%20Front.jpg
http://www.wikidata.org/entity/Q126371582,BMW 1 (F70),http://www.wikidata.org/entity/Q3231690,модель автомобиля,http://www.wikidata.org/entity/Q26678,BMW,Германия,,BMW 1 (F40),,,,,,http://commons.wikimedia.org/wiki/Special:FilePath/BMW%20F70%20DSC%207950.jpg
http://www.wikidata.org/entity/Q107447016,BMW 2 (G42),http://www.wikidata.org/entity/Q3231690,модель автомобиля,http://www.wikidata.org/entity/Q26678,BMW,Германия,,,,,,,,http://commons.wikimedia.org/wiki/Special:FilePath/BMW%20G42%201X7A5766.jpg
http://www.wikidata.org/entity/Q71291013,BMW 2 Gran Coupé,http://www.wikidata.org/entity/Q3231690,модель автомобиля,http://www.wikidata.org/entity/Q26678,BMW,Германия,,,,,,,,http://commons.wikimedia.org/wiki/Special:FilePath/BMW%20F44%20M235i%20IMG%203382.jpg
http://www.wikidata.org/entity/Q16535169,BMW 2-series Active Tourer,http://www.wikidata.org/entity/Q3231690,модель автомобиля,http://www.wikidata.org/entity/Q26678,BMW,Германия,,,,4342,1800,1555,,http://commons.wikimedia.org/wiki/Special:FilePath/2019%20BMW%20225xe%20Active%20Tourer%20M%20Sport%20Premium%20Automatic%201.5%20Front.jpg
http://www.wikidata.org/entity/Q626846,BMW 3-й серии (F30),http://www.wikidata.org/entity/Q3231690,модель автомобиля,http://www.wikidata.org/entity/Q26678,BMW,Германия,,BMW E90/91/92/93,BMW 3-й серии (G20),,,,,http://commons.wikimedia.org/wiki/Special:FilePath/2017%20BMW%20340i%20%28F30%20LCI%29%20Luxury%20Line%20sedan%20%282018-07-30%29%2001.jpg
http://www.wikidata.org/entity/Q56856213,BMW 3-й серии (G20),http://www.wikidata.org/entity/Q3231690,модель автомобиля,http://www.wikidata.org/entity/Q26678,BMW,Германия,,BMW 3-й серии (F30),,4709,1827,1435,,http://commons.wikimedia.org/wiki/Special:FilePath/2019%20BMW%20318d%20SE%20Automatic%202.0%20Front.jpg
http://www.wikidata.org/entity/Q268336,BMW 3200 CS,http://www.wikidata.org/entity/Q3231690,модель автомобиля,http://www.wikidata.org/entity/Q26678,BMW,Германия,,BMW 503,BMW Neue Klasse,4850,1760,1470,1450,http://commons.wikimedia.org/wiki/Special:FilePath/Silver%20BMW%203200%20CS.JPG
http://www.wikidata.org/entity/Q2278908,BMW 321,http://www.wikidata.org/entity/Q3231690,модель автомобиля,http://www.wikidata.org/entity/Q26678,BMW,Германия,,BMW 320,BMW Neue Klasse,450,154,50,1000,http://commons.wikimedia.org/wiki/Special:FilePath/1939FrazerNashBMWType321.jpg
http://www.wikidata.org/entity/Q796403,BMW 328,http://www.wikidata.org/entity/Q3231690,модель автомобиля,http://www.wikidata.org/entity/Q26678,BMW,Германия,,BMW 319,BMW M1,3900,1550,1400,830,http://commons.wikimedia.org/wiki/Special:FilePath/Bmw%20328.jpg
http://www.wikidata.org/entity/Q14404794,BMW 4 (F32),http://www.wikidata.org/entity/Q3231690,модель автомобиля,http://www.wikidata.org/entity/Q26678,BMW,Германия,,BMW E90/91/92/93,,,,,,http://commons.wikimedia.org/wiki/Special:FilePath/BMW%20428i%20%2816806790116%29.jpg
http://www.wikidata.org/entity/Q387566,BMW 5 Series Gran Turismo,http://www.wikidata.org/entity/Q3231690,модель автомобиля,http://www.wikidata.org/entity/Q26678,BMW,Германия,,,BMW 6 (G32),4998,1901,1559,,http://commons.wikimedia.org/wiki/Special:FilePath/BMW%20S%C3%A9rie%205%20GT%20Concept.jpg
http://www.wikidata.org/entity/Q796404,BMW 501/502,http://www.wikidata.org/entity/Q3231690,модель автомобиля,http://www.wikidata.org/entity/Q26678,BMW,Германия,,BMW 326,BMW E3 и E9,4730,1780,1530,,http://commons.wikimedia.org/wiki/Special:FilePath/1957%20BMW%20501%20Barockengel.jpg
http://www.wikidata.org/entity/Q796406,BMW 503,http://www.wikidata.org/entity/Q3231690,модель автомобиля,http://www.wikidata.org/entity/Q26678,BMW,Германия,,BMW 327,BMW 3200 CS,4750,1710,1440,1500,http://commons.wikimedia.org/wiki/Special:FilePath/BMW%20503%20%281956%29%20Classic-Gala%202021%201X7A0222.jpg
http://www.wikidata.org/entity/Q796414,BMW 507,http://www.wikidata.org/entity/Q3231690,модель автомобиля,http://www.wikidata.org/entity/Q26678,BMW,Германия,,,BMW Z8,4380,1650,1300,1330,http://commons.wikimedia.org/wiki/Special:FilePath/BMW%20507.jpg
http://www.wikidata.org/entity/Q796478,BMW 6 (F13),http://www.wikidata.org/entity/Q3231690,модель автомобиля,http://www.wikidata.org/entity/Q26678,BMW,Германия,,BMW E63,BMW G15,,1894,,,http://commons.wikimedia.org/wiki/Special:FilePath/BMW%206%201.jpg
http://www.wikidata.org/entity/Q31270264,BMW 6 (G32),http://www.wikidata.org/entity/Q3231690,модель автомобиля,http://www.wikidata.org/entity/Q26678,BMW,Германия,,BMW 5 Series Gran Turismo,,5091,1902,1538,,http://commons.wikimedia.org/wiki/Special:FilePath/BMW%206%20SERIES%20GRAN%20TURISMO%20%28G32%29%20China%20%2831%29.jpg
http://www.wikidata.org/entity/Q720382,BMW 600,http://www.wikidata.org/entity/Q3231690,модель автомобиля,http://www.wikidata.org/entity/Q26678,BMW,Германия,,BMW 3/20,BMW 700,2900,1400,1375,,http://commons.wikimedia.org/wiki/Special:FilePath/BMW%20600%20Front.jpg
http://www.wikidata.org/entity/Q796417,BMW 700,http://www.wikidata.org/entity/Q3231690,модель автомобиля,http://www.wikidata.org/entity/Q26678,BMW,Германия,,BMW 600,MINI,,1480,1360,640,http://commons.wikimedia.org/wiki/Special:FilePath/BMW%20700%20CS%20Original%20Willi%20Martini%201X7A8133.jpg
http://www.wikidata.org/entity/Q796428,BMW ActiveHybrid 7,http://www.wikidata.org/entity/Q3231690,модель автомобиля,http://www.wikidata.org/entity/Q26678,BMW,Германия,,,,,,,,http://commons.wikimedia.org/wiki/Special:FilePath/BMW%20Concept%207Series%20ActiveHybrid.JPG
http://www.wikidata.org/entity/Q796436,BMW Compact,http://www.wikidata.org/entity/Q3231690,модель автомобиля,http://www.wikidata.org/entity/Q26678,BMW,Германия,,,BMW E87,,,,,http://commons.wikimedia.org/wiki/Special:FilePath/BMW%20325ti%20%28pre-facelift%29.jpg
http://www.wikidata.org/entity/Q730915,BMW E21,http://www.wikidata.org/entity/Q3231690,модель автомобиля,http://www.wikidata.org/entity/Q26678,BMW,Германия,,BMW 2002,BMW E30,4355,1610,1380,,http://commons.wikimedia.org/wiki/Special:FilePath/E21%20BMW%20316.jpg
http://www.wikidata.org/entity/Q796448,BMW E23,http://www.wikidata.org/entity/Q3231690,модель автомобиля,http://www.wikidata.org/entity/Q26678,BMW,Германия,,BMW E3 и E9,BMW E32,4860,1800,1430,,http://commons.wikimedia.org/wiki/Special:FilePath/BMW%20733i%20--%2001-07-2012.jpg
http://www.wikidata.org/entity/Q636732,BMW E24,http://www.wikidata.org/entity/Q3231690,модель автомобиля,http://www.wikidata.org/entity/Q26678,BMW,Германия,,BMW E9,BMW E63,,,,,http://commons.wikimedia.org/wiki/Special:FilePath/BMW%20635%20CSi%20%28E24%29%206170176%20%28cropped%29.jpg
http://www.wikidata.org/entity/Q636732,BMW E24,http://www.wikidata.org/entity/Q3231690,модель автомобиля,http://www.wikidata.org/entity/Q26678,BMW,Германия,,BMW E9,BMW M6,,,,,http://commons.wikimedia.org/wiki/Special:FilePath/BMW%20635%20CSi%20%28E24%29%206170176%20%28cropped%29.jpg
http://www.wikidata.org/entity/Q604134,BMW E3 и E9,http://www.wikidata.org/entity/Q3231690,модель автомобиля,http://www.wikidata.org/entity/Q26678,BMW,Германия,,BMW 501/502,BMW E23,,1750,1450,,http://commons.wikimedia.org/wiki/Special:FilePath/Bmw%202500%20v%20sst.jpg
http://www.wikidata.org/entity/Q838837,BMW E30,http://www.wikidata.org/entity/Q3231690,модель автомобиля,http://www.wikidata.org/entity/Q26678,BMW,Германия,,BMW E21,BMW E36,,,,,http://commons.wikimedia.org/wiki/Special:FilePath/BMW%20E30%202%20%281987%29%20JM%202023%2006%2004%20%28resized%29.jpg
http://www.wikidata.org/entity/Q11959928,BMW E31,http://www.wikidata.org/entity/Q3231690,модель автомобиля,http://www.wikidata.org/entity/Q26678,BMW,Германия,,BMW E24,BMW E63,4780,1855,1340,,http://commons.wikimedia.org/wiki/Special:FilePath/BMW%20840%20Ci%201.jpg
http://www.wikidata.org/entity/Q796453,BMW E32,http://www.wikidata.org/entity/Q3231690,модель автомобиля,http://www.wikidata.org/entity/Q26678,BMW,Германия,,BMW E23,BMW E38,,1845,,,http://commons.wikimedia.org/wiki/Special:FilePath/BMW%20E32%2016.08.21%20JM%20%283%2C%20retouched%29.jpg
http://www.wikidata.org/entity/Q1141639,BMW E38,http://www.wikidata.org/entity/Q3231690,модель автомобиля,http://www.wikidata.org/entity/Q26678,BMW,Германия,,BMW E32,BMW E65/E66,,1862,,,http://commons.wikimedia.org/wiki/Special:FilePath/BMW%20E38%20%281994%29%20DSC%208991.jpg
http://www.wikidata.org/entity/Q756792,BMW E46,http://www.wikidata.org/entity/Q3231690,модель автомобиля,http://www.wikidata.org/entity/Q26678,BMW,Германия,,BMW E36,BMW E90/91/92/93,,,,,http://commons.wikimedia.org/wiki/Special:FilePath/BMW320i%20E46%20Lim.jpg
http://www.wikidata.org/entity/Q796462,BMW E63,http://www.wikidata.org/entity/Q3231690,модель автомобиля,http://www.wikidata.org/entity/Q26678,BMW,Германия,,BMW E24,BMW 6 (F13),4820,1855,1374,,http://commons.wikimedia.org/wiki/Special:FilePath/BMW%20M6%20%28E63%29%20Retro%20Classics%202026%20IMG%204810.jpg
http://www.wikidata.org/entity/Q780998,BMW E65/E66,http://www.wikidata.org/entity/Q3231690,модель автомобиля,http://www.wikidata.org/entity/Q26678,BMW,Германия,,BMW E38,BMW 7 F01 F02,,1902,1491,,http://commons.wikimedia.org/wiki/Special:FilePath/06-08%20BMW%20750i.jpg
http://www.wikidata.org/entity/Q2647299,BMW E83,http://www.wikidata.org/entity/Q3231690,модель автомобиля,http://www.wikidata.org/entity/Q26678,BMW,Германия,,,BMW F25,4565,1853,1674,,http://commons.wikimedia.org/wiki/Special:FilePath/BMW%20X3%20front%2020080524.jpg
http://www.wikidata.org/entity/Q8238943,BMW E86,http://www.wikidata.org/entity/Q3231690,модель автомобиля,http://www.wikidata.org/entity/Q26678,BMW,Германия,,,,,,,,http://commons.wikimedia.org/wiki/Special:FilePath/BMW-Z4%20diagonal%20front%20at%20IAA%202005.jpg
http://www.wikidata.org/entity/Q796469,BMW E87,http://www.wikidata.org/entity/Q3231690,модель автомобиля,http://www.wikidata.org/entity/Q26678,BMW,Германия,,BMW Compact,BMW 1 (F20),,,,,http://commons.wikimedia.org/wiki/Special:FilePath/BMW%20E87%20front%2020080719.jpg
http://www.wikidata.org/entity/Q2311318,BMW E92,http://www.wikidata.org/entity/Q3231690,модель автомобиля,http://www.wikidata.org/entity/Q26678,BMW,Германия,,,,,,,,http://commons.wikimedia.org/wiki/Special:FilePath/2008%20BMW%20M3%20DC.JPG
http://www.wikidata.org/entity/Q20748311,BMW F22,http://www.wikidata.org/entity/Q3231690,модель автомобиля,http://www.wikidata.org/entity/Q26678,BMW,Германия,,BMW E82,,4454,1774,1403,,http://commons.wikimedia.org/wiki/Special:FilePath/2014%20BMW%20220d%20%28F22%29%20M%20coup%C3%A9%20%282016-06-11%29%2001.jpg
http://www.wikidata.org/entity/Q50118567,BMW F26,http://www.wikidata.org/entity/Q3231690,модель автомобиля,http://www.wikidata.org/entity/Q26678,BMW,Германия,,,BMW G02,4671,1881,1624,,http://commons.wikimedia.org/wiki/Special:FilePath/BMW%20X4%20xDrive35d%20M-Sportpaket%20%28F26%29%20%E2%80%93%20Frontansicht%2C%2011.%20April%202015%2C%20D%C3%BCsseldorf.jpg
http://www.wikidata.org/entity/Q4311136,BMW F34,http://www.wikidata.org/entity/Q3231690,модель автомобиля,http://www.wikidata.org/entity/Q26678,BMW,Германия,,,,4824,1828,1508,,http://commons.wikimedia.org/wiki/Special:FilePath/BMW%20318d%20GT%20Modern%20Line%20%28F34%29%20%E2%80%93%20Frontansicht%2C%2031.%20August%202013%2C%20M%C3%BCnster.jpg
http://www.wikidata.org/entity/Q55271047,BMW F39,http://www.wikidata.org/entity/Q3231690,модель автомобиля,http://www.wikidata.org/entity/Q26678,BMW,Германия,,,,,,,,http://commons.wikimedia.org/wiki/Special:FilePath/2018%20BMW%20X2%20xDrive20D%20M%20Sport%20X%20Automatic%202.0.jpg
http://www.wikidata.org/entity/Q130542274,BMW F74,http://www.wikidata.org/entity/Q3231690,модель автомобиля,http://www.wikidata.org/entity/Q26678,BMW,Германия,,BMW 2 Gran Coupé,,,,,,http://commons.wikimedia.org/wiki/Special:FilePath/BMW%20220%20%28F74%29%20IMG%205018.jpg
http://www.wikidata.org/entity/Q50118131,BMW G02,http://www.wikidata.org/entity/Q3231690,модель автомобиля,http://www.wikidata.org/entity/Q26678,BMW,Германия,,BMW F26,,,,1621,,http://commons.wikimedia.org/wiki/Special:FilePath/BMW%20G02%202024-08-01%20JM%205D413573%20cropped.jpg
http://www.wikidata.org/entity/Q65094373,BMW G06,http://www.wikidata.org/entity/Q3231690,модель автомобиля,http://www.wikidata.org/entity/Q26678,BMW,Германия,,,,,,,,http://commons.wikimedia.org/wiki/Special:FilePath/BMW%20G06%20IMG%203142.jpg
http://www.wikidata.org/entity/Q20084075,BMW G11,http://www.wikidata.org/entity/Q3231690,модель автомобиля,http://www.wikidata.org/entity/Q26678,BMW,Германия,,BMW 7 F01 F02,,,1902,,,http://commons.wikimedia.org/wiki/Special:FilePath/BMW%20G11%20IMG%202002.jpg
http://www.wikidata.org/entity/Q50122041,BMW G15,http://www.wikidata.org/entity/Q3231690,модель автомобиля,http://www.wikidata.org/entity/Q26678,BMW,Германия,,BMW 6 (F13),,,1902,,,http://commons.wikimedia.org/wiki/Special:FilePath/2018%20BMW%20M850i%20xDrive%20Automatic%204.4.jpg
http://www.wikidata.org/entity/Q111666207,BMW G70,http://www.wikidata.org/entity/Q3231690,модель автомобиля,http://www.wikidata.org/entity/Q26678,BMW,Германия,,BMW G11,,5391,1950,1544,,http://commons.wikimedia.org/wiki/Special:FilePath/BMW%207%20SERIES%20%28G70%29%20China%20%28resized%29.jpg
http://www.wikidata.org/entity/Q796511,BMW GINA,http://www.wikidata.org/entity/Q3231690,модель автомобиля,http://www.wikidata.org/entity/Q26678,BMW,Германия,,,,,,,,http://commons.wikimedia.org/wiki/Special:FilePath/BMW%20Gina%20Museum.jpg
http://www.wikidata.org/entity/Q603167,BMW Hydrogen 7,http://www.wikidata.org/entity/Q3231690,модель автомобиля,http://www.wikidata.org/entity/Q26678,BMW,Германия,,,,,,,,http://commons.wikimedia.org/wiki/Special:FilePath/BMW%20Hydrogen%207%20at%20TED%202007.jpg
http://www.wikidata.org/entity/Q17238973,BMW Isetta,http://www.wikidata.org/entity/Q3231690,модель автомобиля,http://www.wikidata.org/entity/Q26678,BMW,Германия,,,,2285,1380,1340,,http://commons.wikimedia.org/wiki/Special:FilePath/BMW%20Isetta%2C%20Bj.%201955%20%282015-08-26%202997%20b%20Ausschnitt%29.jpg
http://www.wikidata.org/entity/Q796574,BMW M1,http://www.wikidata.org/entity/Q3231690,модель автомобиля,http://www.wikidata.org/entity/Q26678,BMW,Германия,,,,4359,1824,1138,1290,http://commons.wikimedia.org/wiki/Special:FilePath/1979%20BMW%20M1%20Procar.jpg
http://www.wikidata.org/entity/Q31837867,BMW M2,http://www.wikidata.org/entity/Q3231690,модель автомобиля,http://www.wikidata.org/entity/Q26678,BMW,Германия,,,,4468,1854,1410,,http://commons.wikimedia.org/wiki/Special:FilePath/BMW%20M2%20CS%20%28G87%29%20DSC%209727.jpg
http://www.wikidata.org/entity/Q796579,BMW M3,http://www.wikidata.org/entity/Q3231690,модель автомобиля,http://www.wikidata.org/entity/Q26678,BMW,Германия,,,,,,,,http://commons.wikimedia.org/wiki/Special:FilePath/BMW%20M3%20Competition%20%28G80%29%20IMG%201176.jpg
http://www.wikidata.org/entity/Q21036535,BMW M3 (E30),http://www.wikidata.org/entity/Q3231690,модель автомобиля,http://www.wikidata.org/entity/Q26678,BMW,Германия,,,BMW M3 (E36),4346,1680,1370,,http://commons.wikimedia.org/wiki/Special:FilePath/BMW%20E30%20M3.jpg
http://www.wikidata.org/entity/Q21036535,BMW M3 (E30),http://www.wikidata.org/entity/Q3231690,модель автомобиля,http://www.wikidata.org/entity/Q26678,BMW,Германия,,,BMW M3 (E36),4346,1680,1370,,http://commons.wikimedia.org/wiki/Special:FilePath/BMW%20M3%20E30%20front%2020090514.jpg
http://www.wikidata.org/entity/Q21036537,BMW M3 (E46),http://www.wikidata.org/entity/Q3231690,модель автомобиля,http://www.wikidata.org/entity/Q26678,BMW,Германия,,BMW M3 (E36),BMW E90 (M3),4492,1780,1372,,http://commons.wikimedia.org/wiki/Special:FilePath/BMW%20M3%20CS%201X7A6394.jpg
http://www.wikidata.org/entity/Q109017543,BMW M3 (G80),http://www.wikidata.org/entity/Q3231690,модель автомобиля,http://www.wikidata.org/entity/Q26678,BMW,Германия,,,,,,,,http://commons.wikimedia.org/wiki/Special:FilePath/BMW%20M3%20CS%204.jpg
http://www.wikidata.org/entity/Q2877227,BMW M5 (E28),http://www.wikidata.org/entity/Q3231690,модель автомобиля,http://www.wikidata.org/entity/Q26678,BMW,Германия,,,BMW M5 (E34),,,,,http://commons.wikimedia.org/wiki/Special:FilePath/BMW%20M5%20E28%20Minervablau.jpg
http://www.wikidata.org/entity/Q2877229,BMW M5 (E34),http://www.wikidata.org/entity/Q3231690,модель автомобиля,http://www.wikidata.org/entity/Q26678,BMW,Германия,,BMW M5 (E28),BMW M5 (E39),,,,,http://commons.wikimedia.org/wiki/Special:FilePath/Bmwe34blue-1.jpg
http://www.wikidata.org/entity/Q9163497,BMW M5 (E39),http://www.wikidata.org/entity/Q3231690,модель автомобиля,http://www.wikidata.org/entity/Q26678,BMW,Германия,,BMW M5 (E34),BMW M5 (E60),,,,,http://commons.wikimedia.org/wiki/Special:FilePath/BMW%20M5%20%282002%29%20-%20Flickr%20-%20The%20Car%20Spy%20%2820%29.jpg
http://www.wikidata.org/entity/Q9163498,BMW M5 (E60),http://www.wikidata.org/entity/Q3231690,модель автомобиля,http://www.wikidata.org/entity/Q26678,BMW,Германия,,BMW M5 (E39),BMW M5 F10,,,,,http://commons.wikimedia.org/wiki/Special:FilePath/BMW%20M5%20-%20Flickr%20-%20The%20Car%20Spy%20%2820%29.jpg
http://www.wikidata.org/entity/Q9163499,BMW M5 F10,http://www.wikidata.org/entity/Q3231690,модель автомобиля,http://www.wikidata.org/entity/Q26678,BMW,Германия,,BMW M5 (E60),,,,,,http://commons.wikimedia.org/wiki/Special:FilePath/BMW%20M5%20F10.jpg
http://www.wikidata.org/entity/Q796601,BMW M6,http://www.wikidata.org/entity/Q3231690,модель автомобиля,http://www.wikidata.org/entity/Q26678,BMW,Германия,,BMW E24,,,,,,http://commons.wikimedia.org/wiki/Special:FilePath/BMW%20M6%20%2850419%29.jpg
http://www.wikidata.org/entity/Q56342425,BMW M8,http://www.wikidata.org/entity/Q3231690,модель автомобиля,http://www.wikidata.org/entity/Q26678,BMW,Германия,,,,,,,,http://commons.wikimedia.org/wiki/Special:FilePath/BMW%20M8%20Competition%20xDrive%20Cabriolet%20%28F91%2C%20Facelift%29%20%E2%80%93%20f%2003102025.jpg
http://www.wikidata.org/entity/Q746980,BMW X1,http://www.wikidata.org/entity/Q3231690,модель автомобиля,http://www.wikidata.org/entity/Q26678,BMW,Германия,,,,,,,,http://commons.wikimedia.org/wiki/Special:FilePath/BMW%20U11%20X1%20M35i%20DSC%209809.jpg
http://www.wikidata.org/entity/Q20164983,BMW X1 (E84),http://www.wikidata.org/entity/Q3231690,модель автомобиля,http://www.wikidata.org/entity/Q26678,BMW,Германия,,,BMW X1 (F48),4454,1798,1545,,http://commons.wikimedia.org/wiki/Special:FilePath/BMW%20X1%20xDrive18d%20%28E84%29%20%E2%80%93%20Frontansicht%2C%2012.%20Juni%202011%2C%20D%C3%BCsseldorf.jpg
http://www.wikidata.org/entity/Q20086818,BMW X1 (F48),http://www.wikidata.org/entity/Q3231690,модель автомобиля,http://www.wikidata.org/entity/Q26678,BMW,Германия,,BMW X1 (E84),BMW X1 (U11),4439,1821,1612,,http://commons.wikimedia.org/wiki/Special:FilePath/2018%20BMW%20X1%20sDrive18i%20xLine%201.5%20Front.jpg
http://www.wikidata.org/entity/Q112222244,BMW X1 (U11),http://www.wikidata.org/entity/Q3231690,модель автомобиля,http://www.wikidata.org/entity/Q26678,BMW,Германия,,BMW X1 (F48),,,,,,http://commons.wikimedia.org/wiki/Special:FilePath/BMW%20U11%201X7A7235.jpg
http://www.wikidata.org/entity/Q15947574,BMW X2,http://www.wikidata.org/entity/Q3231690,модель автомобиля,http://www.wikidata.org/entity/Q26678,BMW,Германия,,,,4360,1824,1526,,http://commons.wikimedia.org/wiki/Special:FilePath/BMW%20U10%20X2%20M35i%20DSC%205986.jpg
http://www.wikidata.org/entity/Q796780,BMW X3,http://www.wikidata.org/entity/Q3231690,модель автомобиля,http://www.wikidata.org/entity/Q26678,BMW,Германия,,,,,,,,http://commons.wikimedia.org/wiki/Special:FilePath/BMW%20G45%20X3%20M50%20Auto%20Zuerich%202024%20DSC%206679.jpg
http://www.wikidata.org/entity/Q4836084,BMW X4,http://www.wikidata.org/entity/Q3231690,модель автомобиля,http://www.wikidata.org/entity/Q26678,BMW,Германия,,,,4671,1881,1624,,http://commons.wikimedia.org/wiki/Special:FilePath/BMW%20X4%20M%20%28G02%29%20IMG%202031.jpg
http://www.wikidata.org/entity/Q796778,BMW X5,http://www.wikidata.org/entity/Q3231690,модель автомобиля,http://www.wikidata.org/entity/Q26678,BMW,Германия,,,,,,,,http://commons.wikimedia.org/wiki/Special:FilePath/2023%20BMW%20X5%20M%20%28G05%29%201X7A0891.jpg
http://www.wikidata.org/entity/Q13411061,BMW X5,http://www.wikidata.org/entity/Q3231690,модель автомобиля,http://www.wikidata.org/entity/Q26678,BMW,Германия,,BMW X5 (E70),BMW X5 (G05),,,,,http://commons.wikimedia.org/wiki/Special:FilePath/2016%20BMW%20X5%20xDrive40d%20M%20Sport%20Automatic%203.0%20Front.jpg
http://www.wikidata.org/entity/Q796458,BMW X5 (E53),http://www.wikidata.org/entity/Q3231690,модель автомобиля,http://www.wikidata.org/entity/Q26678,BMW,Германия,,,BMW X5 (E70),4667,,,,http://commons.wikimedia.org/wiki/Special:FilePath/BMW%20X5%20silver%20hl.jpg
http://www.wikidata.org/entity/Q796465,BMW X5 (E70),http://www.wikidata.org/entity/Q3231690,модель автомобиля,http://www.wikidata.org/entity/Q26678,BMW,Германия,,BMW X5 (E53),BMW X5,4854,1933,1739,,http://commons.wikimedia.org/wiki/Special:FilePath/BMW%20E70%20X5%203%2C0d%20pre-facelift.jpg
http://www.wikidata.org/entity/Q56290342,BMW X5 (F85),http://www.wikidata.org/entity/Q3231690,модель автомобиля,http://www.wikidata.org/entity/Q26678,BMW,Германия,,,,,,,,http://commons.wikimedia.org/wiki/Special:FilePath/BMW%20X5%20M%20%28MSP15%29.JPG
http://www.wikidata.org/entity/Q54867748,BMW X5 (G05),http://www.wikidata.org/entity/Q3231690,модель автомобиля,http://www.wikidata.org/entity/Q26678,BMW,Германия,,BMW X5,,4922,2004,1745,,http://commons.wikimedia.org/wiki/Special:FilePath/2019%20BMW%20X5%20M50d%20Automatic%203.0.jpg
http://www.wikidata.org/entity/Q12062564,BMW X7,http://www.wikidata.org/entity/Q3231690,модель автомобиля,http://www.wikidata.org/entity/Q26678,BMW,Германия,,,,5151,2000,1805,,http://commons.wikimedia.org/wiki/Special:FilePath/BMW%20G07%20X7%20M60i%201X7A7226.jpg
http://www.wikidata.org/entity/Q12062564,BMW X7,http://www.wikidata.org/entity/Q3231690,модель автомобиля,http://www.wikidata.org/entity/Q26678,BMW,Германия,,,,5151,2000,1805,,http://commons.wikimedia.org/wiki/Special:FilePath/BMW%20X7%20xDrive40d%20M%20Sport%20%28G07%29%20front.jpg
http://www.wikidata.org/entity/Q109967114,BMW XM,http://www.wikidata.org/entity/Q3231690,модель автомобиля,http://www.wikidata.org/entity/Q26678,BMW,Германия,,,,5110,2210,1755,2749,http://commons.wikimedia.org/wiki/Special:FilePath/BMW%20XM%20%28G09%29%20DSC%208506.jpg
http://www.wikidata.org/entity/Q2332702,BMW Z,http://www.wikidata.org/entity/Q3231690,модель автомобиля,http://www.wikidata.org/entity/Q26678,BMW,Германия,,,,,,,,http://commons.wikimedia.org/wiki/Special:FilePath/BMW%20Z4%20%28E89%29%20front%2020100815.jpg
http://www.wikidata.org/entity/Q796774,BMW Z1,http://www.wikidata.org/entity/Q3231690,модель автомобиля,http://www.wikidata.org/entity/Q26678,BMW,Германия,,,BMW Z3,3921,1690,1277,1250,http://commons.wikimedia.org/wiki/Special:FilePath/BMWZ1.jpg
http://www.wikidata.org/entity/Q4034709,BMW Z10,http://www.wikidata.org/entity/Q3231690,модель автомобиля,http://www.wikidata.org/entity/Q26678,BMW,Германия,,,,,,,,
http://www.wikidata.org/entity/Q720552,BMW Z3,http://www.wikidata.org/entity/Q3231690,модель автомобиля,http://www.wikidata.org/entity/Q26678,BMW,Германия,,BMW Z1,BMW Z4 (E85),4050,,,,http://commons.wikimedia.org/wiki/Special:FilePath/BMW%20Z3.JPG
http://www.wikidata.org/entity/Q796783,BMW Z4,http://www.wikidata.org/entity/Q3231690,модель автомобиля,http://www.wikidata.org/entity/Q26678,BMW,Германия,,BMW Z3,,,,,,http://commons.wikimedia.org/wiki/Special:FilePath/BMW%20Z4%2C%20Paris%20Motor%20Show%202018%2C%20Paris%20%281Y7A1387%29.jpg
http://www.wikidata.org/entity/Q1754362,BMW Z4 (E85),http://www.wikidata.org/entity/Q3231690,модель автомобиля,http://www.wikidata.org/entity/Q26678,BMW,Германия,,BMW Z3,BMW Z4 (E89),4090,1781,,,http://commons.wikimedia.org/wiki/Special:FilePath/BMW%20Z4%202.2i%20%28E85%29%20%E2%80%93%20Frontansicht%20%281%29%2C%2026.%20Juni%202011%2C%20Mettmann.jpg
http://www.wikidata.org/entity/Q796803,BMW Z8,http://www.wikidata.org/entity/Q3231690,модель автомобиля,http://www.wikidata.org/entity/Q26678,BMW,Германия,,BMW 507,,4400,1830,1310,1660,http://commons.wikimedia.org/wiki/Special:FilePath/Bmwz8.JPG
http://www.wikidata.org/entity/Q116465725,BMW i Vision Dee,http://www.wikidata.org/entity/Q3231690,модель автомобиля,http://www.wikidata.org/entity/Q26678,BMW,Германия,,,,,,,,http://commons.wikimedia.org/wiki/Special:FilePath/BMW%20Dee%20IMG01.jpg
http://www.wikidata.org/entity/Q796785,BMW i3,http://www.wikidata.org/entity/Q3231690,модель автомобиля,http://www.wikidata.org/entity/Q26678,BMW,Германия,,,,3999,1775,1578,,http://commons.wikimedia.org/wiki/Special:FilePath/2018%20BMW%20i3%20facelift%20%281%29.jpg
http://www.wikidata.org/entity/Q111446755,BMW i3 (G28),http://www.wikidata.org/entity/Q3231690,модель автомобиля,http://www.wikidata.org/entity/Q26678,BMW,Германия,,,,4872,,,,
http://www.wikidata.org/entity/Q50886612,BMW i4,http://www.wikidata.org/entity/Q3231690,модель автомобиля,http://www.wikidata.org/entity/Q26678,BMW,Германия,,,,4783,1852,1448,,http://commons.wikimedia.org/wiki/Special:FilePath/2024%20BMW%20i4%20DSC%206007.jpg
http://www.wikidata.org/entity/Q23021036,BMW i5,http://www.wikidata.org/entity/Q3231690,модель автомобиля,http://www.wikidata.org/entity/Q26678,BMW,Германия,,,,,,,,http://commons.wikimedia.org/wiki/Special:FilePath/BMW%20i5%20IAA%202023%201X7A0105.jpg
http://www.wikidata.org/entity/Q111677072,BMW i7,http://www.wikidata.org/entity/Q3231690,модель автомобиля,http://www.wikidata.org/entity/Q26678,BMW,Германия,,,,5391,1950,1544,2640,http://commons.wikimedia.org/wiki/Special:FilePath/BMW%207-Series%20%28G70%29%20750e%201X7A1893.jpg
http://www.wikidata.org/entity/Q796799,BMW i8,http://www.wikidata.org/entity/Q3231690,модель автомобиля,http://www.wikidata.org/entity/Q26678,BMW,Германия,,,,4689,1942,1298,1530,http://commons.wikimedia.org/wiki/Special:FilePath/BMW%20i8%20%28I12%29%20Washington%20DC%20Metro%20Area%2C%20USA.jpg
http://www.wikidata.org/entity/Q86663388,BMW iX,http://www.wikidata.org/entity/Q3231690,модель автомобиля,http://www.wikidata.org/entity/Q26678,BMW,Германия,,,,4953,1967,1695,,http://commons.wikimedia.org/wiki/Special:FilePath/BMW%20iX%20IAA%202021%201X7A0241.jpg
http://www.wikidata.org/entity/Q97159640,BMW iX3,http://www.wikidata.org/entity/Q3231690,модель автомобиля,http://www.wikidata.org/entity/Q26678,BMW,Германия,,,,4746,1891,1683,2205,http://commons.wikimedia.org/wiki/Special:FilePath/BMW%20iX3%20G08%20FL%20IMG%206225.jpg
http://www.wikidata.org/entity/Q389480,EMW 340,http://www.wikidata.org/entity/Q3231690,модель автомобиля,http://www.wikidata.org/entity/Q26678,BMW,Германия,,BMW 326,Wartburg 311,4600,1765,1650,1200,http://commons.wikimedia.org/wiki/Special:FilePath/1952-55%20EMW%20340%20Limousine%2C%20at%20Wartburg%202006-08.jpg
http://www.wikidata.org/entity/Q787413,Italdesign Nasca,http://www.wikidata.org/entity/Q3231690,модель автомобиля,http://www.wikidata.org/entity/Q26678,BMW,Германия,,,,4395,,,,http://commons.wikimedia.org/wiki/Special:FilePath/BMW%20Nazca%20C2.JPG
http://www.wikidata.org/entity/Q1578941,Mini Countryman,http://www.wikidata.org/entity/Q3231690,модель автомобиля,http://www.wikidata.org/entity/Q26678,BMW,Германия,,,,,,,,http://commons.wikimedia.org/wiki/Special:FilePath/Mini%20Countryman%20%28U25%29%20John%20Cooper%20Works%20IMG%200034.jpg
http://www.wikidata.org/entity/Q3858405,Mini Coupe,http://www.wikidata.org/entity/Q3231690,модель автомобиля,http://www.wikidata.org/entity/Q26678,BMW,Германия,,,,3734,1683,1390,1260,http://commons.wikimedia.org/wiki/Special:FilePath/2012%20Mini%20John%20Cooper%20Works%20Coupe%20--%2011-26-2011%20front.jpg
http://www.wikidata.org/entity/Q11781425,Mini Hatch,http://www.wikidata.org/entity/Q3231690,модель автомобиля,http://www.wikidata.org/entity/Q26678,BMW,Германия,,Mini,,3620,,,,http://commons.wikimedia.org/wiki/Special:FilePath/Mini%20Hatch%20%28J01%29%20John%20Cooper%20Works%20DSC%209696.jpg
http://www.wikidata.org/entity/Q1130591,Rolls-Royce Phantom,http://www.wikidata.org/entity/Q3231690,модель автомобиля,http://www.wikidata.org/entity/Q26678,BMW,Германия,,Rolls-Royce Phantom VI,Rolls-Royce Phantom VIII,,1990,,,http://commons.wikimedia.org/wiki/Special:FilePath/RollsRoycePhantom.JPG
http://www.wikidata.org/entity/Q1817201,Rolls-Royce Phantom Drophead Coupé,http://www.wikidata.org/entity/Q3231690,модель автомобиля,http://www.wikidata.org/entity/Q26678,BMW,Германия,,Rolls-Royce Corniche (2000),,5609,1987,,,http://commons.wikimedia.org/wiki/Special:FilePath/Rolls%20Royce%20Drophead%20Coupe.jpg
http://www.wikidata.org/entity/Q20749279,BMW 1502,http://www.wikidata.org/entity/Q3231690,модель автомобиля,http://www.wikidata.org/entity/Q26678,BMW,Германия,1975-01-01T00:00:00Z,,BMW E21,,,,980,http://commons.wikimedia.org/wiki/Special:FilePath/BMW%201502%20%284903004716%29.jpg
http://www.wikidata.org/entity/Q1860725,BMW F25,http://www.wikidata.org/entity/Q3231690,модель автомобиля,http://www.wikidata.org/entity/Q26678,BMW,Германия,2010-01-01T00:00:00Z,BMW E83,BMW G01,4648,1881,1661,,http://commons.wikimedia.org/wiki/Special:FilePath/2012%20BMW%20X3%20%28F25%29%20xDrive30d%20wagon%20%282018-11-22%29%2001.jpg
http://www.wikidata.org/entity/Q11682705,BMW 269,http://www.wikidata.org/entity/Q90834785,модель гоночного автомобиля,http://www.wikidata.org/entity/Q26678,BMW,Германия,,,,,,,,http://commons.wikimedia.org/wiki/Special:FilePath/BMW%20Formel%202%20-%20Hubert%20Hahne%201970-05-01.jpg
http://www.wikidata.org/entity/Q796555,BMW M3 DTM,http://www.wikidata.org/entity/Q90834785,модель гоночного автомобиля,http://www.wikidata.org/entity/Q26678,BMW,Германия,,,BMW M4 DTM,5010,1950,1200,1050,http://commons.wikimedia.org/wiki/Special:FilePath/BMW%20E92%20M3%20DTM%201-2012-13-01.jpg
http://www.wikidata.org/entity/Q110419582,BMW M4 GT3 (G82),http://www.wikidata.org/entity/Q90834785,модель гоночного автомобиля,http://www.wikidata.org/entity/Q26678,BMW,Германия,,,,,,,,
http://www.wikidata.org/entity/Q4391511,BMW V12 LM,http://www.wikidata.org/entity/Q90834785,модель гоночного автомобиля,http://www.wikidata.org/entity/Q26678,BMW,Германия,,,,,,,,http://commons.wikimedia.org/wiki/Special:FilePath/BMW%20V12%20LM%20%2824990483741%29%20%282%29.jpg
http://www.wikidata.org/entity/Q39057900,BMW Z4 GTE,http://www.wikidata.org/entity/Q90834785,модель гоночного автомобиля,http://www.wikidata.org/entity/Q26678,BMW,Германия,,,,,,,,http://commons.wikimedia.org/wiki/Special:FilePath/GTE%202013%20BMW%20Z4%202015%20Marc%20VDS%20Racing%20Team%20ELMS%20Imola.jpg
http://www.wikidata.org/entity/Q112271034,BMW M Hybrid V8,http://www.wikidata.org/entity/Q90834785,модель гоночного автомобиля,http://www.wikidata.org/entity/Q26678,BMW,Германия,,BMW V12 LMR,,,,,,http://commons.wikimedia.org/wiki/Special:FilePath/2023%20BMW%20M%20Hybrid%20V8%20Daytona%20%28cropped%29.jpg
http://www.wikidata.org/entity/Q112271034,BMW M Hybrid V8,http://www.wikidata.org/entity/Q90834785,модель гоночного автомобиля,http://www.wikidata.org/entity/Q26678,BMW,Германия,,BMW V12 LMR,,,,,,http://commons.wikimedia.org/wiki/Special:FilePath/2023%20BMW%20M%20Hybrid%20V8%20on%20track%20%28cropped%29.jpg
http://www.wikidata.org/entity/Q112271034,BMW M Hybrid V8,http://www.wikidata.org/entity/Q90834785,модель гоночного автомобиля,http://www.wikidata.org/entity/Q26678,BMW,Германия,,BMW V12 LMR,,,,,,http://commons.wikimedia.org/wiki/Special:FilePath/BMW%20M%20Hybrid%20V8%20%28cropped%29.jpg
http://www.wikidata.org/entity/Q112271034,BMW M Hybrid V8,http://www.wikidata.org/entity/Q90834785,модель гоночного автомобиля,http://www.wikidata.org/entity/Q26678,BMW,Германия,,BMW V12 LMR,,,,,,http://commons.wikimedia.org/wiki/Special:FilePath/DSC2053%20%2852679059956%29.jpg
http://www.wikidata.org/entity/Q17048586,BMW M4 DTM,http://www.wikidata.org/entity/Q90834785,модель гоночного автомобиля,http://www.wikidata.org/entity/Q26678,BMW,Германия,,BMW M3 DTM,,4775,1950,1200,1120,http://commons.wikimedia.org/wiki/Special:FilePath/2014%20DTM%20HockenheimringII%20Marco%20Wittmann%20by%202eight%208SC4459.jpg
http://www.wikidata.org/entity/Q2022415,BMW Sauber F1.06,http://www.wikidata.org/entity/Q90834785,модель гоночного автомобиля,http://www.wikidata.org/entity/Q26678,BMW,Германия,,,BMW Sauber F1.07,,,,,http://commons.wikimedia.org/wiki/Special:FilePath/Villeneuve%20cheste%202006-02.jpg
http://www.wikidata.org/entity/Q2088570,BMW Sauber F1.07,http://www.wikidata.org/entity/Q90834785,модель гоночного автомобиля,http://www.wikidata.org/entity/Q26678,BMW,Германия,,BMW Sauber F1.06,BMW Sauber F1.08,,,,,http://commons.wikimedia.org/wiki/Special:FilePath/Robert%20Kubica%202007%20Britain%203.jpg
http://www.wikidata.org/entity/Q174134,BMW Sauber F1.08,http://www.wikidata.org/entity/Q90834785,модель гоночного автомобиля,http://www.wikidata.org/entity/Q26678,BMW,Германия,,BMW Sauber F1.07,BMW Sauber F1.09,,,,,http://commons.wikimedia.org/wiki/Special:FilePath/Nick%20Heidfeld%202008%20test.jpg
http://www.wikidata.org/entity/Q173521,BMW Sauber F1.09,http://www.wikidata.org/entity/Q90834785,модель гоночного автомобиля,http://www.wikidata.org/entity/Q26678,BMW,Германия,,BMW Sauber F1.08,Sauber C29,,,,,http://commons.wikimedia.org/wiki/Special:FilePath/Nick%20Heidfeld%202009%20Turkey%205.jpg
http://www.wikidata.org/entity/Q796759,BMW V12 LMR,http://www.wikidata.org/entity/Q90834785,модель гоночного автомобиля,http://www.wikidata.org/entity/Q26678,BMW,Германия,,,,4650,2000,1020,915,http://commons.wikimedia.org/wiki/Special:FilePath/BMW%20V12%20LMR%201Y7A6232.jpg
http://www.wikidata.org/entity/Q1041998,Mini John Cooper Works WRC,http://www.wikidata.org/entity/Q90834785,модель гоночного автомобиля,http://www.wikidata.org/entity/Q26678,BMW,Германия,,,,3976,1820,,,http://commons.wikimedia.org/wiki/Special:FilePath/MINI%20Countryman%20WRC.jpg
http://www.wikidata.org/entity/Q11959930,Q11959930,http://www.wikidata.org/entity/Q15057021,модель двигателя,http://www.wikidata.org/entity/Q26678,BMW,Германия,,,,,,,,
http://www.wikidata.org/entity/Q15222951,BMW 132A,http://www.wikidata.org/entity/Q15057021,модель двигателя,http://www.wikidata.org/entity/Q26678,BMW,Германия,,,,,,,,
http://www.wikidata.org/entity/Q15222952,BMW 132Dc,http://www.wikidata.org/entity/Q15057021,модель двигателя,http://www.wikidata.org/entity/Q26678,BMW,Германия,,,,,,,,
http://www.wikidata.org/entity/Q15222954,BMW 132De,http://www.wikidata.org/entity/Q15057021,модель двигателя,http://www.wikidata.org/entity/Q26678,BMW,Германия,,,,,,,,
http://www.wikidata.org/entity/Q15222955,BMW 132J,http://www.wikidata.org/entity/Q15057021,модель двигателя,http://www.wikidata.org/entity/Q26678,BMW,Германия,,,,,,,,
http://www.wikidata.org/entity/Q113186768,BMW 132K,http://www.wikidata.org/entity/Q15057021,модель двигателя,http://www.wikidata.org/entity/Q26678,BMW,Германия,,,,,,,,
http://www.wikidata.org/entity/Q15222959,BMW 132N,http://www.wikidata.org/entity/Q15057021,модель двигателя,http://www.wikidata.org/entity/Q26678,BMW,Германия,,,,,,,,
http://www.wikidata.org/entity/Q15222960,BMW 132T,http://www.wikidata.org/entity/Q15057021,модель двигателя,http://www.wikidata.org/entity/Q26678,BMW,Германия,,,,,,,,
http://www.wikidata.org/entity/Q3631931,BMW 139,http://www.wikidata.org/entity/Q15057021,модель двигателя,http://www.wikidata.org/entity/Q26678,BMW,Германия,,,,,,,,
http://www.wikidata.org/entity/Q95864065,BMW B220Z engine,http://www.wikidata.org/entity/Q15057021,модель двигателя,http://www.wikidata.org/entity/Q26678,BMW,Германия,,,,,,,,http://commons.wikimedia.org/wiki/Special:FilePath/BMW%20B%20220%20Z%20engine%20in%20BMW-Museum%20in%20Munich%2C%20Bayern.JPG
http://www.wikidata.org/entity/Q4836041,BMW Goldfisch V16,http://www.wikidata.org/entity/Q15057021,модель двигателя,http://www.wikidata.org/entity/Q26678,BMW,Германия,,,,,,,,http://commons.wikimedia.org/wiki/Special:FilePath/BMW%2016%20Zylindermotor.jpg
http://www.wikidata.org/entity/Q83488460,BMW HB 1000,http://www.wikidata.org/entity/Q15057021,модель двигателя,http://www.wikidata.org/entity/Q26678,BMW,Германия,,,,,,,,
http://www.wikidata.org/entity/Q3631943,BMW Hornet,http://www.wikidata.org/entity/Q15057021,модель двигателя,http://www.wikidata.org/entity/Q26678,BMW,Германия,,,,,,,,
http://www.wikidata.org/entity/Q796517,BMW IIIa,http://www.wikidata.org/entity/Q15057021,модель двигателя,http://www.wikidata.org/entity/Q26678,BMW,Германия,,,,,,,,http://commons.wikimedia.org/wiki/Special:FilePath/BMW%20IIIa.jpg
http://www.wikidata.org/entity/Q3631979,BMW M328,http://www.wikidata.org/entity/Q15057021,модель двигателя,http://www.wikidata.org/entity/Q26678,BMW,Германия,,,,,,,,
http://www.wikidata.org/entity/Q3631978,BMW M337,http://www.wikidata.org/entity/Q15057021,модель двигателя,http://www.wikidata.org/entity/Q26678,BMW,Германия,,,,,,,,
http://www.wikidata.org/entity/Q4836059,BMW M56,http://www.wikidata.org/entity/Q15057021,модель двигателя,http://www.wikidata.org/entity/Q26678,BMW,Германия,,,,,,,,http://commons.wikimedia.org/wiki/Special:FilePath/BMW%20M56%20SULEV2.JPG
http://www.wikidata.org/entity/Q110040968,BMW N62 4.8-litre engine,http://www.wikidata.org/entity/Q15057021,модель двигателя,http://www.wikidata.org/entity/Q26678,BMW,Германия,,,,,,,,
http://www.wikidata.org/entity/Q4836074,BMW OHV V8 engine,http://www.wikidata.org/entity/Q15057021,модель двигателя,http://www.wikidata.org/entity/Q26678,BMW,Германия,,,,,,,,http://commons.wikimedia.org/wiki/Special:FilePath/BMW%20V8%20%2838748916321%29.jpg
http://www.wikidata.org/entity/Q95865151,BMW P54 engine,http://www.wikidata.org/entity/Q15057021,модель двигателя,http://www.wikidata.org/entity/Q26678,BMW,Германия,,,,,,,,http://commons.wikimedia.org/wiki/Special:FilePath/Touring%20race%20engine%20P54%20B20%20in%20BMW-Museum%20in%20Munich%2C%20Bayern.JPG
http://www.wikidata.org/entity/Q15784972,BMW P82,http://www.wikidata.org/entity/Q15057021,модель двигателя,http://www.wikidata.org/entity/Q26678,BMW,Германия,,,,,,,,
http://www.wikidata.org/entity/Q95865590,BMW P84/5 engine,http://www.wikidata.org/entity/Q15057021,модель двигателя,http://www.wikidata.org/entity/Q26678,BMW,Германия,,,,,,,,http://commons.wikimedia.org/wiki/Special:FilePath/BMW%20V10%20F1%20engine%20-%20Pit%20Lane%20Park%202007%20-%20001.jpg
http://www.wikidata.org/entity/Q11853768,BMW P86,http://www.wikidata.org/entity/Q15057021,модель двигателя,http://www.wikidata.org/entity/Q26678,BMW,Германия,,,,,,,,http://commons.wikimedia.org/wiki/Special:FilePath/BMW%20F1%20engine.jpg
http://www.wikidata.org/entity/Q7117931,P60B40,http://www.wikidata.org/entity/Q15057021,модель двигателя,http://www.wikidata.org/entity/Q26678,BMW,Германия,,,,,,,,http://commons.wikimedia.org/wiki/Special:FilePath/Touring%20race%20engine%20P60%20B40%20in%20BMW-Museum%20in%20Munich%2C%20Bayern.JPG
http://www.wikidata.org/entity/Q787396,BMW 003,http://www.wikidata.org/entity/Q15057021,модель двигателя,http://www.wikidata.org/entity/Q26678,BMW,Германия,,,,,,,,http://commons.wikimedia.org/wiki/Special:FilePath/BMW%20003%20jet%20engine.JPG
http://www.wikidata.org/entity/Q796416,BMW 801,http://www.wikidata.org/entity/Q15057021,модель двигателя,http://www.wikidata.org/entity/Q26678,BMW,Германия,,,,,,,,http://commons.wikimedia.org/wiki/Special:FilePath/BMW%20801D%20Duxford.jpg
http://www.wikidata.org/entity/Q17097763,BMW B48,http://www.wikidata.org/entity/Q15057021,модель двигателя,http://www.wikidata.org/entity/Q26678,BMW,Германия,,Двигатель Prince,,,,,,http://commons.wikimedia.org/wiki/Special:FilePath/BMW%20B48%20im%20BMW-Museum%202018-06.jpg
http://www.wikidata.org/entity/Q19835062,BMW B57,http://www.wikidata.org/entity/Q15057021,модель двигателя,http://www.wikidata.org/entity/Q26678,BMW,Германия,,,,,,,,http://commons.wikimedia.org/wiki/Special:FilePath/Ineos%20Grenadier%20Quartermaster%20MYLE%20Festival%202025%20DSC%209573.jpg
http://www.wikidata.org/entity/Q19835063,BMW B58,http://www.wikidata.org/entity/Q15057021,модель двигателя,http://www.wikidata.org/entity/Q26678,BMW,Германия,,,,,,,,http://commons.wikimedia.org/wiki/Special:FilePath/BMW%20740i%20L6%20engine.jpg
http://www.wikidata.org/entity/Q796553,BMW M10,http://www.wikidata.org/entity/Q15057021,модель двигателя,http://www.wikidata.org/entity/Q26678,BMW,Германия,,,,,,,,http://commons.wikimedia.org/wiki/Special:FilePath/BMW%20M10-Apfelbeck.JPG
http://www.wikidata.org/entity/Q796559,BMW M30,http://www.wikidata.org/entity/Q15057021,модель двигателя,http://www.wikidata.org/entity/Q26678,BMW,Германия,,,BMW M60,,,,,http://commons.wikimedia.org/wiki/Special:FilePath/BMW%20E28%20motor.jpg
http://www.wikidata.org/entity/Q796577,BMW M50,http://www.wikidata.org/entity/Q15057021,модель двигателя,http://www.wikidata.org/entity/Q26678,BMW,Германия,,BMW M20,BMW M52,,,,,http://commons.wikimedia.org/wiki/Special:FilePath/BMW%20E34%20Touring%20Lazurblau%201993%204.jpg
http://www.wikidata.org/entity/Q796581,BMW M52,http://www.wikidata.org/entity/Q15057021,модель двигателя,http://www.wikidata.org/entity/Q26678,BMW,Германия,,BMW M50,BMW M54,,,,,http://commons.wikimedia.org/wiki/Special:FilePath/M52TUB20.JPG
http://www.wikidata.org/entity/Q796589,BMW M60,http://www.wikidata.org/entity/Q15057021,модель двигателя,http://www.wikidata.org/entity/Q26678,BMW,Германия,,BMW M30,BMW M62,,,,,http://commons.wikimedia.org/wiki/Special:FilePath/BMW%20Alpina%20B8%204.6%20Coup%C3%A9%20E36%20%287712800700%29.jpg
http://www.wikidata.org/entity/Q796590,BMW M62,http://www.wikidata.org/entity/Q15057021,модель двигателя,http://www.wikidata.org/entity/Q26678,BMW,Германия,,BMW M60,BMW N62,,,,,http://commons.wikimedia.org/wiki/Special:FilePath/BMW%20M62B44.jpg
http://www.wikidata.org/entity/Q733036,BMW M70,http://www.wikidata.org/entity/Q15057021,модель двигателя,http://www.wikidata.org/entity/Q26678,BMW,Германия,,,BMW M73,,,,,http://commons.wikimedia.org/wiki/Special:FilePath/BMW%20850%20V12.JPG
http://www.wikidata.org/entity/Q796600,BMW M73,http://www.wikidata.org/entity/Q15057021,модель двигателя,http://www.wikidata.org/entity/Q26678,BMW,Германия,,BMW M70,BMW N73,,,,,http://commons.wikimedia.org/wiki/Special:FilePath/BMW%20750iL%20Individual%20-%20Flickr%20-%20The%20Car%20Spy%20%2821%29.jpg
http://www.wikidata.org/entity/Q796626,BMW N52,http://www.wikidata.org/entity/Q15057021,модель двигателя,http://www.wikidata.org/entity/Q26678,BMW,Германия,,BMW M54,BMW N53,,,,,http://commons.wikimedia.org/wiki/Special:FilePath/BMW-N52%20BMW-Museum.jpg
http://www.wikidata.org/entity/Q796624,BMW N53,http://www.wikidata.org/entity/Q15057021,модель двигателя,http://www.wikidata.org/entity/Q26678,BMW,Германия,,BMW N52,,,,,,http://commons.wikimedia.org/wiki/Special:FilePath/530i%20Touring%20Msport%20LCI%2059.JPG
http://www.wikidata.org/entity/Q796628,BMW N54,http://www.wikidata.org/entity/Q15057021,модель двигателя,http://www.wikidata.org/entity/Q26678,BMW,Германия,,BMW M54,BMW N55,,,,,http://commons.wikimedia.org/wiki/Special:FilePath/JK%20N54B30.jpg
http://www.wikidata.org/entity/Q796636,BMW N62,http://www.wikidata.org/entity/Q15057021,модель двигателя,http://www.wikidata.org/entity/Q26678,BMW,Германия,,BMW M62,BMW N63,,,,,http://commons.wikimedia.org/wiki/Special:FilePath/2004%20BMW%20645Ci%20Sport%20-%20Flickr%20-%20The%20Car%20Spy%20%282%29.jpg
http://www.wikidata.org/entity/Q767185,BMW N63,http://www.wikidata.org/entity/Q15057021,модель двигателя,http://www.wikidata.org/entity/Q26678,BMW,Германия,,BMW N62,,,,,,http://commons.wikimedia.org/wiki/Special:FilePath/BMW%20N63%20%28T%C3%9C%29.jpg
http://www.wikidata.org/entity/Q796641,BMW N73,http://www.wikidata.org/entity/Q15057021,модель двигателя,http://www.wikidata.org/entity/Q26678,BMW,Германия,,BMW M73,BMW N74,,,,,http://commons.wikimedia.org/wiki/Special:FilePath/MoteurBMWV12.JPG
http://www.wikidata.org/entity/Q796637,BMW N74,http://www.wikidata.org/entity/Q15057021,модель двигателя,http://www.wikidata.org/entity/Q26678,BMW,Германия,,BMW N73,,,,,,http://commons.wikimedia.org/wiki/Special:FilePath/Rolls%20Royce%20200EX%20%27Ghost%27%20-%20Flickr%20-%20The%20Car%20Spy%20%281%29.jpg
http://www.wikidata.org/entity/Q796608,bmw n20,http://www.wikidata.org/entity/Q15057021,модель двигателя,http://www.wikidata.org/entity/Q26678,BMW,Германия,,,,,,,,http://commons.wikimedia.org/wiki/Special:FilePath/BMW%20N20%20Engine.JPG
http://www.wikidata.org/entity/Q1982541,BMW M47,http://www.wikidata.org/entity/Q15057021,модель двигателя,http://www.wikidata.org/entity/Q26678,BMW,Германия,1998-01-01T00:00:00Z,BMW M41,BMW N47,,,,,http://commons.wikimedia.org/wiki/Special:FilePath/BMW-M47-E87.jpg
http://www.wikidata.org/entity/Q796614,BMW N47,http://www.wikidata.org/entity/Q15057021,модель двигателя,http://www.wikidata.org/entity/Q26678,BMW,Германия,2007-01-01T00:00:00Z,BMW M47,BMW B47,,,,,http://commons.wikimedia.org/wiki/Special:FilePath/BMW%20N47D20.jpg
http://www.wikidata.org/entity/Q796629,BMW N57,http://www.wikidata.org/entity/Q15057021,модель двигателя,http://www.wikidata.org/entity/Q26678,BMW,Германия,2008-01-01T00:00:00Z,BMW M57,BMW B57,,,,,http://commons.wikimedia.org/wiki/Special:FilePath/BMW%20N57T.jpg
http://www.wikidata.org/entity/Q796629,BMW N57,http://www.wikidata.org/entity/Q15057021,модель двигателя,http://www.wikidata.org/entity/Q26678,BMW,Германия,2008-01-01T00:00:00Z,BMW M67,BMW B57,,,,,http://commons.wikimedia.org/wiki/Special:FilePath/BMW%20N57T.jpg
http://www.wikidata.org/entity/Q796631,BMW N55,http://www.wikidata.org/entity/Q15057021,модель двигателя,http://www.wikidata.org/entity/Q26678,BMW,Германия,2009-01-01T00:00:00Z,BMW N54,,,,,,http://commons.wikimedia.org/wiki/Special:FilePath/BMW%20N55%20engine%202013.jpg
http://www.wikidata.org/entity/Q15727729,BMW B47,http://www.wikidata.org/entity/Q15057021,модель двигателя,http://www.wikidata.org/entity/Q26678,BMW,Германия,2014-01-01T00:00:00Z,BMW N47,,,,,,http://commons.wikimedia.org/wiki/Special:FilePath/BMW%20B47%20engine.png
http://www.wikidata.org/entity/Q126369224,Q126369224,http://www.wikidata.org/entity/Q23866334,модель мотоцикла,http://www.wikidata.org/entity/Q26678,BMW,Германия,,,,,,,,
http://www.wikidata.org/entity/Q2114139,Q2114139,http://www.wikidata.org/entity/Q23866334,модель мотоцикла,http://www.wikidata.org/entity/Q26678,BMW,Германия,,,,,,,,
http://www.wikidata.org/entity/Q2877209,Q2877209,http://www.wikidata.org/entity/Q23866334,модель мотоцикла,http://www.wikidata.org/entity/Q26678,BMW,Германия,,,,,,,,
http://www.wikidata.org/entity/Q2877285,Q2877285,http://www.wikidata.org/entity/Q23866334,модель мотоцикла,http://www.wikidata.org/entity/Q26678,BMW,Германия,,,,,,,,
http://www.wikidata.org/entity/Q2877287,Q2877287,http://www.wikidata.org/entity/Q23866334,модель мотоцикла,http://www.wikidata.org/entity/Q26678,BMW,Германия,,,,,,,,
http://www.wikidata.org/entity/Q2877290,Q2877290,http://www.wikidata.org/entity/Q23866334,модель мотоцикла,http://www.wikidata.org/entity/Q26678,BMW,Германия,,,,,,,,
http://www.wikidata.org/entity/Q2877291,Q2877291,http://www.wikidata.org/entity/Q23866334,модель мотоцикла,http://www.wikidata.org/entity/Q26678,BMW,Германия,,,,,,,,
http://www.wikidata.org/entity/Q56342505,Q56342505,http://www.wikidata.org/entity/Q23866334,модель мотоцикла,http://www.wikidata.org/entity/Q26678,BMW,Германия,,,,,,,,http://commons.wikimedia.org/wiki/Special:FilePath/R67-3.jpg
http://www.wikidata.org/entity/Q5715726,Q5715726,http://www.wikidata.org/entity/Q23866334,модель мотоцикла,http://www.wikidata.org/entity/Q26678,BMW,Германия,,,,,,,,
http://www.wikidata.org/entity/Q796506,Q796506,http://www.wikidata.org/entity/Q23866334,модель мотоцикла,http://www.wikidata.org/entity/Q26678,BMW,Германия,,,,,,,,http://commons.wikimedia.org/wiki/Special:FilePath/BMW%20HP4.jpg
http://www.wikidata.org/entity/Q95863697,Q95863697,http://www.wikidata.org/entity/Q23866334,модель мотоцикла,http://www.wikidata.org/entity/Q26678,BMW,Германия,,,,,,,,http://commons.wikimedia.org/wiki/Special:FilePath/BMW%20GS%20980%20R%20in%20BMW-Museum%20in%20Munich%2C%20Bayern.JPG
http://www.wikidata.org/entity/Q95877939,Q95877939,http://www.wikidata.org/entity/Q23866334,модель мотоцикла,http://www.wikidata.org/entity/Q26678,BMW,Германия,,,,,,,,http://commons.wikimedia.org/wiki/Special:FilePath/BMW%20750%20R%20in%20BMW-Museum%20in%20Munich%2C%20Bayern.JPG
http://www.wikidata.org/entity/Q94728,BMW /5 motorcycles,http://www.wikidata.org/entity/Q23866334,модель мотоцикла,http://www.wikidata.org/entity/Q26678,BMW,Германия,,,,,,,,http://commons.wikimedia.org/wiki/Special:FilePath/Right-3qtr-bagsmall.jpg
http://www.wikidata.org/entity/Q796500,BMW F 800 GS,http://www.wikidata.org/entity/Q23866334,модель мотоцикла,http://www.wikidata.org/entity/Q26678,BMW,Германия,,BMW F series,,,,,,http://commons.wikimedia.org/wiki/Special:FilePath/Liesel%2014-11-10%20BMW%20F800GS%20V2.jpg
http://www.wikidata.org/entity/Q13506799,BMW F 800 GS Adventure,http://www.wikidata.org/entity/Q23866334,модель мотоцикла,http://www.wikidata.org/entity/Q26678,BMW,Германия,,,,,,,,http://commons.wikimedia.org/wiki/Special:FilePath/BMW%20F%20800%20GS%20Adventure%202013.jpg
http://www.wikidata.org/entity/Q796493,BMW F 800 GT,http://www.wikidata.org/entity/Q23866334,модель мотоцикла,http://www.wikidata.org/entity/Q26678,BMW,Германия,,BMW F 800 ST,,,,,,http://commons.wikimedia.org/wiki/Special:FilePath/BMW%20F800GT.JPG
http://www.wikidata.org/entity/Q2877202,BMW F 800 R,http://www.wikidata.org/entity/Q23866334,модель мотоцикла,http://www.wikidata.org/entity/Q26678,BMW,Германия,,,,,,,,http://commons.wikimedia.org/wiki/Special:FilePath/BMW%20F%20800%20R.jpg
http://www.wikidata.org/entity/Q15299021,BMW F 800 ST,http://www.wikidata.org/entity/Q23866334,модель мотоцикла,http://www.wikidata.org/entity/Q26678,BMW,Германия,,,BMW F 800 GT,,,,,http://commons.wikimedia.org/wiki/Special:FilePath/BMW%20F%20800%20ST.jpg
http://www.wikidata.org/entity/Q126734771,BMW F 900 GS,http://www.wikidata.org/entity/Q23866334,модель мотоцикла,http://www.wikidata.org/entity/Q26678,BMW,Германия,,,,,,,,http://commons.wikimedia.org/wiki/Special:FilePath/BMW%20F900%20GS%20left%202024-06.jpg
http://www.wikidata.org/entity/Q4836036,BMW F650CS,http://www.wikidata.org/entity/Q23866334,модель мотоцикла,http://www.wikidata.org/entity/Q26678,BMW,Германия,,,,,,,,http://commons.wikimedia.org/wiki/Special:FilePath/2002%20BMW%20F650CS%203-4%20view.jpg
http://www.wikidata.org/entity/Q95863084,BMW F650RR,http://www.wikidata.org/entity/Q23866334,модель мотоцикла,http://www.wikidata.org/entity/Q26678,BMW,Германия,,,,,,,,http://commons.wikimedia.org/wiki/Special:FilePath/BMW%20F%20650%20R%20in%20BMW-Museum%20in%20Munich%2C%20Bayern.JPG
http://www.wikidata.org/entity/Q4836040,BMW F800S,http://www.wikidata.org/entity/Q23866334,модель мотоцикла,http://www.wikidata.org/entity/Q26678,BMW,Германия,,,,,,,,http://commons.wikimedia.org/wiki/Special:FilePath/BMW%20F%20800%20S.jpg
http://www.wikidata.org/entity/Q62697923,BMW G 310 GS,http://www.wikidata.org/entity/Q23866334,модель мотоцикла,http://www.wikidata.org/entity/Q26678,BMW,Германия,,,,,,,,http://commons.wikimedia.org/wiki/Special:FilePath/BMW%20G%20motorcycle%20in%20Athens%20on%20June%2025%2C%202023.jpg
http://www.wikidata.org/entity/Q2877196,BMW G 650 GS,http://www.wikidata.org/entity/Q23866334,модель мотоцикла,http://www.wikidata.org/entity/Q26678,BMW,Германия,,BMW F series,,,,,,http://commons.wikimedia.org/wiki/Special:FilePath/BMW%20G%20650%20GS%20Modell%202013.jpg
http://www.wikidata.org/entity/Q2877195,BMW G450X,http://www.wikidata.org/entity/Q23866334,модель мотоцикла,http://www.wikidata.org/entity/Q26678,BMW,Германия,,,,,,,,http://commons.wikimedia.org/wiki/Special:FilePath/BMW%20G%20450%20X%20bei%20Rund%20um%20Zschopau%202007.jpg
http://www.wikidata.org/entity/Q796523,BMW K 100 RS,http://www.wikidata.org/entity/Q23866334,модель мотоцикла,http://www.wikidata.org/entity/Q26678,BMW,Германия,,,BMW K 1100 RS,,,,,http://commons.wikimedia.org/wiki/Special:FilePath/1991%20BMW%20K100RS%20ABS.jpg
http://www.wikidata.org/entity/Q796527,BMW K 1100 RS,http://www.wikidata.org/entity/Q23866334,модель мотоцикла,http://www.wikidata.org/entity/Q26678,BMW,Германия,,BMW K 100 RS,BMW K 1200 RS,,,,,http://commons.wikimedia.org/wiki/Special:FilePath/BMW%20K1100RS%201993.jpg
http://www.wikidata.org/entity/Q2877206,BMW K 1100 RT,http://www.wikidata.org/entity/Q23866334,модель мотоцикла,http://www.wikidata.org/entity/Q26678,BMW,Германия,,,,,,,,
http://www.wikidata.org/entity/Q796525,BMW K 1200 GT,http://www.wikidata.org/entity/Q23866334,модель мотоцикла,http://www.wikidata.org/entity/Q26678,BMW,Германия,,,BMW K 1300 GT,,,,,http://commons.wikimedia.org/wiki/Special:FilePath/BMW%20K1200GT%20grey.jpg
http://www.wikidata.org/entity/Q796539,BMW K 1200 LT,http://www.wikidata.org/entity/Q23866334,модель мотоцикла,http://www.wikidata.org/entity/Q26678,BMW,Германия,,BMW K 1100 LT,,,,,,http://commons.wikimedia.org/wiki/Special:FilePath/K1200lt-3.jpg
http://www.wikidata.org/entity/Q523496,BMW K 1200 R,http://www.wikidata.org/entity/Q23866334,модель мотоцикла,http://www.wikidata.org/entity/Q26678,BMW,Германия,,,BMW K 1300 R,,,,,http://commons.wikimedia.org/wiki/Special:FilePath/BMW%20K%201200%20R%20Sport%20blue%20r%20TCE.jpg
http://www.wikidata.org/entity/Q796530,BMW K 1200 RS,http://www.wikidata.org/entity/Q23866334,модель мотоцикла,http://www.wikidata.org/entity/Q26678,BMW,Германия,,BMW K 1100 RS,,,,,,http://commons.wikimedia.org/wiki/Special:FilePath/BMW%20K%201200%20RS%20%282007-06-15%29%20ret.jpg
http://www.wikidata.org/entity/Q796534,BMW K 1200 S,http://www.wikidata.org/entity/Q23866334,модель мотоцикла,http://www.wikidata.org/entity/Q26678,BMW,Германия,,,BMW K1300S,,,,,http://commons.wikimedia.org/wiki/Special:FilePath/BMW%20K%201200%20S%20silver%20r.jpg
http://www.wikidata.org/entity/Q796532,BMW K 1300 GT,http://www.wikidata.org/entity/Q23866334,модель мотоцикла,http://www.wikidata.org/entity/Q26678,BMW,Германия,,BMW K 1200 GT,BMW K 1600 GT,,,,,http://commons.wikimedia.org/wiki/Special:FilePath/BMW%20K1300GT%20-%20Left%20view.jpg
http://www.wikidata.org/entity/Q796536,BMW K 1300 R,http://www.wikidata.org/entity/Q23866334,модель мотоцикла,http://www.wikidata.org/entity/Q26678,BMW,Германия,,BMW K 1200 R,,,,,,http://commons.wikimedia.org/wiki/Special:FilePath/BMW%20K1300R%20Rennes.jpg
http://www.wikidata.org/entity/Q796542,BMW K 1600 GT,http://www.wikidata.org/entity/Q23866334,модель мотоцикла,http://www.wikidata.org/entity/Q26678,BMW,Германия,,BMW K 1300 GT,,,,,,http://commons.wikimedia.org/wiki/Special:FilePath/BMW%20K%201600%20GT%2002.jpg
http://www.wikidata.org/entity/Q266952,BMW K1,http://www.wikidata.org/entity/Q23866334,модель мотоцикла,http://www.wikidata.org/entity/Q26678,BMW,Германия,,,,,,,,http://commons.wikimedia.org/wiki/Special:FilePath/Bike%20K1%201991.jpg
http://www.wikidata.org/entity/Q5440214,BMW K100,http://www.wikidata.org/entity/Q23866334,модель мотоцикла,http://www.wikidata.org/entity/Q26678,BMW,Германия,,,,,,,,http://commons.wikimedia.org/wiki/Special:FilePath/1991%20BMW%20K100RS%20ABS.jpg
http://www.wikidata.org/entity/Q635988,BMW R 10,http://www.wikidata.org/entity/Q23866334,модель мотоцикла,http://www.wikidata.org/entity/Q26678,BMW,Германия,,,,,,,,http://commons.wikimedia.org/wiki/Special:FilePath/BMW%20R%2010%20Roller%20Prototyp%201-cyl%20197%20ccm%207%20PS%201954%20-%202.jpg
http://www.wikidata.org/entity/Q796647,BMW R 100,http://www.wikidata.org/entity/Q23866334,модель мотоцикла,http://www.wikidata.org/entity/Q26678,BMW,Германия,,,,,,,,
http://www.wikidata.org/entity/Q796661,BMW R 1100 RS,http://www.wikidata.org/entity/Q23866334,модель мотоцикла,http://www.wikidata.org/entity/Q26678,BMW,Германия,,,BMW R 1150 RS,,,,,http://commons.wikimedia.org/wiki/Special:FilePath/BMW%20R%201100%20RS%2C%201085%20ccm%2C%2090%20PS%2C%20Bj.%201993%20-%202006-07-22.jpg
http://www.wikidata.org/entity/Q796668,BMW R 1100 S,http://www.wikidata.org/entity/Q23866334,модель мотоцикла,http://www.wikidata.org/entity/Q26678,BMW,Германия,,,BMW R 1200 S,,,,,http://commons.wikimedia.org/wiki/Special:FilePath/2023-08-02%20Barcelona%20BMW%20R1100S%20rear-side.jpg
http://www.wikidata.org/entity/Q796667,BMW R 1150 GS Adventure,http://www.wikidata.org/entity/Q23866334,модель мотоцикла,http://www.wikidata.org/entity/Q26678,BMW,Германия,,,BMW R 1200 GS Adventure K255,,,,,http://commons.wikimedia.org/wiki/Special:FilePath/BMW%20R1150GS%20Adventure%20with%20system%20panniers.jpg
http://www.wikidata.org/entity/Q796674,BMW R 1150 R Rockster,http://www.wikidata.org/entity/Q23866334,модель мотоцикла,http://www.wikidata.org/entity/Q26678,BMW,Германия,,,,,,,,http://commons.wikimedia.org/wiki/Special:FilePath/BMW%20R1150R%20Rockster%20Ed80.JPG
http://www.wikidata.org/entity/Q796671,BMW R 1150 RS,http://www.wikidata.org/entity/Q23866334,модель мотоцикла,http://www.wikidata.org/entity/Q26678,BMW,Германия,,BMW R 1100 RS,BMW R1200ST,,,,,http://commons.wikimedia.org/wiki/Special:FilePath/BMW%20R%201150%20RS.jpg
http://www.wikidata.org/entity/Q796675,BMW R 1150 ST,http://www.wikidata.org/entity/Q23866334,модель мотоцикла,http://www.wikidata.org/entity/Q26678,BMW,Германия,,,,,,,,http://commons.wikimedia.org/wiki/Special:FilePath/BMW%20R1150ST.JPG
http://www.wikidata.org/entity/Q796680,BMW R 1200 C,http://www.wikidata.org/entity/Q23866334,модель мотоцикла,http://www.wikidata.org/entity/Q26678,BMW,Германия,,,,,,,,http://commons.wikimedia.org/wiki/Special:FilePath/BMW%20R1200C%20Phuket.jpg
http://www.wikidata.org/entity/Q13423439,BMW R 1200 GS Adventure K255,http://www.wikidata.org/entity/Q23866334,модель мотоцикла,http://www.wikidata.org/entity/Q26678,BMW,Германия,,BMW R 1150 GS Adventure,BMW R 1200 GS Adventure K51,,,,,http://commons.wikimedia.org/wiki/Special:FilePath/Paris%20-%20Salon%20de%20la%20moto%202011%20-%20BMW%20-%20R%201200%20GS%20Adventure%20-%20001.jpg
http://www.wikidata.org/entity/Q15229368,BMW R 1200 GS Adventure K51,http://www.wikidata.org/entity/Q23866334,модель мотоцикла,http://www.wikidata.org/entity/Q26678,BMW,Германия,,BMW R 1200 GS Adventure K255,,,,,,http://commons.wikimedia.org/wiki/Special:FilePath/BMW%201200%20GS%20Adventure%20K51.JPG
http://www.wikidata.org/entity/Q23603137,BMW R 1200 RT K52,http://www.wikidata.org/entity/Q23866334,модель мотоцикла,http://www.wikidata.org/entity/Q26678,BMW,Германия,,BMW R 1200 RT,,,,,,http://commons.wikimedia.org/wiki/Special:FilePath/2015%20R1200RT%20left.jpg
http://www.wikidata.org/entity/Q796681,BMW R 1200 S,http://www.wikidata.org/entity/Q23866334,модель мотоцикла,http://www.wikidata.org/entity/Q26678,BMW,Германия,,BMW R 1100 S,,,,,,http://commons.wikimedia.org/wiki/Special:FilePath/R1200S.jpg
http://www.wikidata.org/entity/Q796686,BMW R 16,http://www.wikidata.org/entity/Q23866334,модель мотоцикла,http://www.wikidata.org/entity/Q26678,BMW,Германия,,,,,,,,http://commons.wikimedia.org/wiki/Special:FilePath/6278%20-%20Luzern%20-%20Verkehrshaus%20-%20BMW%20R16.JPG
http://www.wikidata.org/entity/Q796688,BMW R 17,http://www.wikidata.org/entity/Q23866334,модель мотоцикла,http://www.wikidata.org/entity/Q26678,BMW,Германия,,,,,,,,
http://www.wikidata.org/entity/Q477231,BMW R 20,http://www.wikidata.org/entity/Q23866334,модель мотоцикла,http://www.wikidata.org/entity/Q26678,BMW,Германия,,BMW R2,,,,,,http://commons.wikimedia.org/wiki/Special:FilePath/BMW%20R%2020%201937.jpg
http://www.wikidata.org/entity/Q796693,BMW R 23,http://www.wikidata.org/entity/Q23866334,модель мотоцикла,http://www.wikidata.org/entity/Q26678,BMW,Германия,,,,,,,,http://commons.wikimedia.org/wiki/Special:FilePath/BMW%20R23%201938.jpg
http://www.wikidata.org/entity/Q477669,BMW R 24,http://www.wikidata.org/entity/Q23866334,модель мотоцикла,http://www.wikidata.org/entity/Q26678,BMW,Германия,,,,,,,,http://commons.wikimedia.org/wiki/Special:FilePath/R24.jpg
http://www.wikidata.org/entity/Q475071,BMW R 25,http://www.wikidata.org/entity/Q23866334,модель мотоцикла,http://www.wikidata.org/entity/Q26678,BMW,Германия,,,BMW R 25/2,,,,,http://commons.wikimedia.org/wiki/Special:FilePath/BMW%20R25%20%281950%29.JPG
http://www.wikidata.org/entity/Q796696,BMW R 25/2,http://www.wikidata.org/entity/Q23866334,модель мотоцикла,http://www.wikidata.org/entity/Q26678,BMW,Германия,,BMW R 25,BMW R 25/3,,,,,
http://www.wikidata.org/entity/Q796695,BMW R 25/3,http://www.wikidata.org/entity/Q23866334,модель мотоцикла,http://www.wikidata.org/entity/Q26678,BMW,Германия,,BMW R 25/2,BMW R 26,,,,,http://commons.wikimedia.org/wiki/Special:FilePath/BMW%20Motorrad.JPG
http://www.wikidata.org/entity/Q448699,BMW R 26,http://www.wikidata.org/entity/Q23866334,модель мотоцикла,http://www.wikidata.org/entity/Q26678,BMW,Германия,,BMW R 25/3,,,,,,http://commons.wikimedia.org/wiki/Special:FilePath/BMW%20R26%201960.jpg
http://www.wikidata.org/entity/Q796699,BMW R 3,http://www.wikidata.org/entity/Q23866334,модель мотоцикла,http://www.wikidata.org/entity/Q26678,BMW,Германия,,,,,,,,http://commons.wikimedia.org/wiki/Special:FilePath/BMW%20R3%20Fritz%20Busch%20Wolfegg%20all%2020090308.jpg
http://www.wikidata.org/entity/Q477520,BMW R 35,http://www.wikidata.org/entity/Q23866334,модель мотоцикла,http://www.wikidata.org/entity/Q26678,BMW,Германия,,BMW R 4,,,,,,http://commons.wikimedia.org/wiki/Special:FilePath/BMW-R35.jpg
http://www.wikidata.org/entity/Q796701,BMW R 37,http://www.wikidata.org/entity/Q23866334,модель мотоцикла,http://www.wikidata.org/entity/Q26678,BMW,Германия,,,BMW R 47,,,,,http://commons.wikimedia.org/wiki/Special:FilePath/BMW%20R%2037%2C%20Bj.%201925-26%20%282011-08-13%20Sp%29%2001.jpg
http://www.wikidata.org/entity/Q796704,BMW R 39,http://www.wikidata.org/entity/Q23866334,модель мотоцикла,http://www.wikidata.org/entity/Q26678,BMW,Германия,,,,,,,,http://commons.wikimedia.org/wiki/Special:FilePath/BMW%20R39.jpg
http://www.wikidata.org/entity/Q796708,BMW R 4,http://www.wikidata.org/entity/Q23866334,модель мотоцикла,http://www.wikidata.org/entity/Q26678,BMW,Германия,,,BMW R 35,,,,,http://commons.wikimedia.org/wiki/Special:FilePath/BMW%20R%204%201934.jpg
http://www.wikidata.org/entity/Q796707,BMW R 42,http://www.wikidata.org/entity/Q23866334,модель мотоцикла,http://www.wikidata.org/entity/Q26678,BMW,Германия,,,,,,,,http://commons.wikimedia.org/wiki/Special:FilePath/BMW%20R42%20%281928%29%20noBG.jpg
http://www.wikidata.org/entity/Q796709,BMW R 47,http://www.wikidata.org/entity/Q23866334,модель мотоцикла,http://www.wikidata.org/entity/Q26678,BMW,Германия,,BMW R 37,BMW R 57,,,,,http://commons.wikimedia.org/wiki/Special:FilePath/BMW%20R47%201927.jpg
http://www.wikidata.org/entity/Q796711,BMW R 5,http://www.wikidata.org/entity/Q23866334,модель мотоцикла,http://www.wikidata.org/entity/Q26678,BMW,Германия,,,,,,,,http://commons.wikimedia.org/wiki/Special:FilePath/BMW%20R%205%20%281979%20auf%20dem%20Nuerburgring%29.jpg
http://www.wikidata.org/entity/Q796712,BMW R 50,http://www.wikidata.org/entity/Q23866334,модель мотоцикла,http://www.wikidata.org/entity/Q26678,BMW,Германия,,,,,,,,http://commons.wikimedia.org/wiki/Special:FilePath/BMW%20R%2050%20mg%207774.jpg
http://www.wikidata.org/entity/Q796715,BMW R 50 S,http://www.wikidata.org/entity/Q23866334,модель мотоцикла,http://www.wikidata.org/entity/Q26678,BMW,Германия,,,,,,,,
http://www.wikidata.org/entity/Q9163518,BMW R 50/5,http://www.wikidata.org/entity/Q23866334,модель мотоцикла,http://www.wikidata.org/entity/Q26678,BMW,Германия,,,,,,,,
http://www.wikidata.org/entity/Q796714,BMW R 51,http://www.wikidata.org/entity/Q23866334,модель мотоцикла,http://www.wikidata.org/entity/Q26678,BMW,Германия,,,BMW R 51/2,,,,,http://commons.wikimedia.org/wiki/Special:FilePath/R51-600.jpg
http://www.wikidata.org/entity/Q796717,BMW R 51/2,http://www.wikidata.org/entity/Q23866334,модель мотоцикла,http://www.wikidata.org/entity/Q26678,BMW,Германия,,BMW R 51,BMW R 51/3,,,,,http://commons.wikimedia.org/wiki/Special:FilePath/BMW%20R51-2%20Motor.JPG
http://www.wikidata.org/entity/Q796722,BMW R 51/3,http://www.wikidata.org/entity/Q23866334,модель мотоцикла,http://www.wikidata.org/entity/Q26678,BMW,Германия,,BMW R 51/2,,2130,790,,,http://commons.wikimedia.org/wiki/Special:FilePath/BMW%20R%2051-3%20motorcycle%201951%20-%203.jpg
http://www.wikidata.org/entity/Q796718,BMW R 52,http://www.wikidata.org/entity/Q23866334,модель мотоцикла,http://www.wikidata.org/entity/Q26678,BMW,Германия,,,,,,,,http://commons.wikimedia.org/wiki/Special:FilePath/BMW%20R52.jpg
http://www.wikidata.org/entity/Q796721,BMW R 57,http://www.wikidata.org/entity/Q23866334,модель мотоцикла,http://www.wikidata.org/entity/Q26678,BMW,Германия,,BMW R 47,,,,,,http://commons.wikimedia.org/wiki/Special:FilePath/R57-fork.jpg
http://www.wikidata.org/entity/Q9163528,BMW R 60/5,http://www.wikidata.org/entity/Q23866334,модель мотоцикла,http://www.wikidata.org/entity/Q26678,BMW,Германия,,,,,,,,http://commons.wikimedia.org/wiki/Special:FilePath/Right-3qtr-bagsmall.jpg
http://www.wikidata.org/entity/Q796720,BMW R 61,http://www.wikidata.org/entity/Q23866334,модель мотоцикла,http://www.wikidata.org/entity/Q26678,BMW,Германия,,,,,,,,
http://www.wikidata.org/entity/Q796724,BMW R 62,http://www.wikidata.org/entity/Q23866334,модель мотоцикла,http://www.wikidata.org/entity/Q26678,BMW,Германия,,,,,,,,http://commons.wikimedia.org/wiki/Special:FilePath/BMW%20R%2062%20745%20cc%201928.jpg
http://www.wikidata.org/entity/Q787685,BMW R 63,http://www.wikidata.org/entity/Q23866334,модель мотоцикла,http://www.wikidata.org/entity/Q26678,BMW,Германия,,,,,,,,http://commons.wikimedia.org/wiki/Special:FilePath/BMW%20R63%2024PS%20735ccm%201928.jpg
http://www.wikidata.org/entity/Q796725,BMW R 65,http://www.wikidata.org/entity/Q23866334,модель мотоцикла,http://www.wikidata.org/entity/Q26678,BMW,Германия,,,,,,,,http://commons.wikimedia.org/wiki/Special:FilePath/BMW%20248%20R65.jpg
http://www.wikidata.org/entity/Q796728,BMW R 66,http://www.wikidata.org/entity/Q23866334,модель мотоцикла,http://www.wikidata.org/entity/Q26678,BMW,Германия,,,,,,,,
http://www.wikidata.org/entity/Q9163529,BMW R 67,http://www.wikidata.org/entity/Q23866334,модель мотоцикла,http://www.wikidata.org/entity/Q26678,BMW,Германия,,,BMW R 67/2,,,,,http://commons.wikimedia.org/wiki/Special:FilePath/R67-1951.jpg
http://www.wikidata.org/entity/Q796726,BMW R 67/2,http://www.wikidata.org/entity/Q23866334,модель мотоцикла,http://www.wikidata.org/entity/Q26678,BMW,Германия,,BMW R 67,,,,,,http://commons.wikimedia.org/wiki/Special:FilePath/R67-3.jpg
http://www.wikidata.org/entity/Q796731,BMW R 7,http://www.wikidata.org/entity/Q23866334,модель мотоцикла,http://www.wikidata.org/entity/Q26678,BMW,Германия,,,,,,,,http://commons.wikimedia.org/wiki/Special:FilePath/BMW%20R7%201934.jpg
http://www.wikidata.org/entity/Q796733,BMW R 80,http://www.wikidata.org/entity/Q23866334,модель мотоцикла,http://www.wikidata.org/entity/Q26678,BMW,Германия,,,,,,,,
http://www.wikidata.org/entity/Q796736,BMW R 80 RT,http://www.wikidata.org/entity/Q23866334,модель мотоцикла,http://www.wikidata.org/entity/Q26678,BMW,Германия,,,,,,,,
http://www.wikidata.org/entity/Q796735,BMW R 80 ST,http://www.wikidata.org/entity/Q23866334,модель мотоцикла,http://www.wikidata.org/entity/Q26678,BMW,Германия,,,,,,,,http://commons.wikimedia.org/wiki/Special:FilePath/R80st%20seitel.jpg
http://www.wikidata.org/entity/Q2877289,BMW R 850 R,http://www.wikidata.org/entity/Q23866334,модель мотоцикла,http://www.wikidata.org/entity/Q26678,BMW,Германия,,,,,,,,http://commons.wikimedia.org/wiki/Special:FilePath/BMW%20R850R.JPG
http://www.wikidata.org/entity/Q380874,BMW R 90 S,http://www.wikidata.org/entity/Q23866334,модель мотоцикла,http://www.wikidata.org/entity/Q26678,BMW,Германия,,,,,,,,http://commons.wikimedia.org/wiki/Special:FilePath/BMW%20R90%20%2817485291151%29.jpg
http://www.wikidata.org/entity/Q796657,BMW R11,http://www.wikidata.org/entity/Q23866334,модель мотоцикла,http://www.wikidata.org/entity/Q26678,BMW,Германия,,,,,,,,http://commons.wikimedia.org/wiki/Special:FilePath/BMW%20R%2011%201929.jpg
http://www.wikidata.org/entity/Q796665,BMW R1150R,http://www.wikidata.org/entity/Q23866334,модель мотоцикла,http://www.wikidata.org/entity/Q26678,BMW,Германия,,bmw r1100r,BMW R1200R,,,,,http://commons.wikimedia.org/wiki/Special:FilePath/BMW%20R1150R.jpg
http://www.wikidata.org/entity/Q745827,BMW R1200R,http://www.wikidata.org/entity/Q23866334,модель мотоцикла,http://www.wikidata.org/entity/Q26678,BMW,Германия,,BMW R1150R,,,,,,http://commons.wikimedia.org/wiki/Special:FilePath/Bmw%20R1200R.jpg
http://www.wikidata.org/entity/Q23021037,BMW R1200RS,http://www.wikidata.org/entity/Q23866334,модель мотоцикла,http://www.wikidata.org/entity/Q26678,BMW,Германия,,BMW R1200ST,,,,,,http://commons.wikimedia.org/wiki/Special:FilePath/BMW-RS.jpg
http://www.wikidata.org/entity/Q110249556,BMW R1250RT,http://www.wikidata.org/entity/Q23866334,модель мотоцикла,http://www.wikidata.org/entity/Q26678,BMW,Германия,,,,,,,,http://commons.wikimedia.org/wiki/Special:FilePath/2022-09%20R1250%20RT%20im%20B%C3%B6hmerwald%20%28bearb%20Sp%29.jpg
http://www.wikidata.org/entity/Q135103691,BMW R1300R,http://www.wikidata.org/entity/Q23866334,модель мотоцикла,http://www.wikidata.org/entity/Q26678,BMW,Германия,,,,,,,,
http://www.wikidata.org/entity/Q135919556,BMW R1300RS,http://www.wikidata.org/entity/Q23866334,модель мотоцикла,http://www.wikidata.org/entity/Q26678,BMW,Германия,,,,,,,,http://commons.wikimedia.org/wiki/Special:FilePath/BMW%20R1300RS%202025.jpg
http://www.wikidata.org/entity/Q135919665,BMW R1300RT,http://www.wikidata.org/entity/Q23866334,модель мотоцикла,http://www.wikidata.org/entity/Q26678,BMW,Германия,,,,,,,,
http://www.wikidata.org/entity/Q796689,BMW R2,http://www.wikidata.org/entity/Q23866334,модель мотоцикла,http://www.wikidata.org/entity/Q26678,BMW,Германия,,,BMW R 20,,,,,http://commons.wikimedia.org/wiki/Special:FilePath/BMW%20R2%201931%20noBG.jpg
http://www.wikidata.org/entity/Q796703,BMW R27,http://www.wikidata.org/entity/Q23866334,модель мотоцикла,http://www.wikidata.org/entity/Q26678,BMW,Германия,,,,2090,660,975,,http://commons.wikimedia.org/wiki/Special:FilePath/R27-black.jpg
http://www.wikidata.org/entity/Q2877281,BMW R6,http://www.wikidata.org/entity/Q23866334,модель мотоцикла,http://www.wikidata.org/entity/Q26678,BMW,Германия,,,,,,,,
http://www.wikidata.org/entity/Q3210475,BMW R60/2,http://www.wikidata.org/entity/Q23866334,модель мотоцикла,http://www.wikidata.org/entity/Q26678,BMW,Германия,,,,,,,,http://commons.wikimedia.org/wiki/Special:FilePath/Gray-R60-2.jpg
http://www.wikidata.org/entity/Q796732,BMW R68,http://www.wikidata.org/entity/Q23866334,модель мотоцикла,http://www.wikidata.org/entity/Q26678,BMW,Германия,,,,,,,,http://commons.wikimedia.org/wiki/Special:FilePath/00%204906%20BMW-Motorrad%20R%2068.jpg
http://www.wikidata.org/entity/Q796732,BMW R68,http://www.wikidata.org/entity/Q23866334,модель мотоцикла,http://www.wikidata.org/entity/Q26678,BMW,Германия,,,,,,,,http://commons.wikimedia.org/wiki/Special:FilePath/BMW%20R68%20hr%20TCE.jpg
http://www.wikidata.org/entity/Q3418534,BMW R69S,http://www.wikidata.org/entity/Q23866334,модель мотоцикла,http://www.wikidata.org/entity/Q26678,BMW,Германия,,,,,,,,http://commons.wikimedia.org/wiki/Special:FilePath/1960%20BMW%20R69.jpg
http://www.wikidata.org/entity/Q15116252,BMW RS 54,http://www.wikidata.org/entity/Q23866334,модель мотоцикла,http://www.wikidata.org/entity/Q26678,BMW,Германия,,,,,,,,http://commons.wikimedia.org/wiki/Special:FilePath/BMW%20RS%2054%2C%20Bj.%20um%201955%2C%20Foto%201987.jpg
http://www.wikidata.org/entity/Q15559360,BMW S 1000 R,http://www.wikidata.org/entity/Q23866334,модель мотоцикла,http://www.wikidata.org/entity/Q26678,BMW,Германия,,,,,,,,http://commons.wikimedia.org/wiki/Special:FilePath/BMW%20S%201000%20R%20noBG.jpg
http://www.wikidata.org/entity/Q796757,BMW WR 750,http://www.wikidata.org/entity/Q23866334,модель мотоцикла,http://www.wikidata.org/entity/Q26678,BMW,Германия,,,,,,,,http://commons.wikimedia.org/wiki/Special:FilePath/BMW%20WR%20750%20l%201929%20TCE.jpg
http://www.wikidata.org/entity/Q95863332,BMW WR500,http://www.wikidata.org/entity/Q23866334,модель мотоцикла,http://www.wikidata.org/entity/Q26678,BMW,Германия,,,,,,,,http://commons.wikimedia.org/wiki/Special:FilePath/Mus%C3%A9e%20BMW%20093.jpg
http://www.wikidata.org/entity/Q680456,BMW F series,http://www.wikidata.org/entity/Q23866334,модель мотоцикла,http://www.wikidata.org/entity/Q26678,BMW,Германия,,BMW F 650 Funduro,BMW F 800 GS,,,,,http://commons.wikimedia.org/wiki/Special:FilePath/F%20650%20gs%20dakar.jpg
http://www.wikidata.org/entity/Q680456,BMW F series,http://www.wikidata.org/entity/Q23866334,модель мотоцикла,http://www.wikidata.org/entity/Q26678,BMW,Германия,,BMW F 650 Funduro,BMW G 650 GS,,,,,http://commons.wikimedia.org/wiki/Special:FilePath/F%20650%20gs%20dakar.jpg
http://www.wikidata.org/entity/Q2877253,BMW R12,http://www.wikidata.org/entity/Q23866334,модель мотоцикла,http://www.wikidata.org/entity/Q26678,BMW,Германия,,,,,,,,http://commons.wikimedia.org/wiki/Special:FilePath/BMW%20motorbike%20R%2012%20%28aka%29.jpg
http://www.wikidata.org/entity/Q796730,BMW R71,http://www.wikidata.org/entity/Q23866334,модель мотоцикла,http://www.wikidata.org/entity/Q26678,BMW,Германия,,,,,,,,http://commons.wikimedia.org/wiki/Special:FilePath/BMW%201938%20R7%201.jpg
http://www.wikidata.org/entity/Q683661,BMW R75,http://www.wikidata.org/entity/Q23866334,модель мотоцикла,http://www.wikidata.org/entity/Q26678,BMW,Германия,,,,,,,,http://commons.wikimedia.org/wiki/Special:FilePath/BMW%20R75%20museum%20left.jpg
http://www.wikidata.org/entity/Q796662,bmw r1100r,http://www.wikidata.org/entity/Q23866334,модель мотоцикла,http://www.wikidata.org/entity/Q26678,BMW,Германия,,,BMW R1150R,,,,,http://commons.wikimedia.org/wiki/Special:FilePath/BMW%20R1100R.jpg
http://www.wikidata.org/entity/Q796547,БМВ К75,http://www.wikidata.org/entity/Q23866334,модель мотоцикла,http://www.wikidata.org/entity/Q26678,BMW,Германия,,,,,,,,http://commons.wikimedia.org/wiki/Special:FilePath/K75%20base%20front%201993.JPG
http://www.wikidata.org/entity/Q796435,BMW C1,http://www.wikidata.org/entity/Q23866334,модель мотоцикла,http://www.wikidata.org/entity/Q26678,BMW,Германия,2001-01-01T00:00:00Z,,,,,,,http://commons.wikimedia.org/wiki/Special:FilePath/BMW%20C1%20Roller.jpg
http://www.wikidata.org/entity/Q107531614,BMW CE 04,http://www.wikidata.org/entity/Q23867828,модель скутера,http://www.wikidata.org/entity/Q26678,BMW,Германия,,,,,,,,http://commons.wikimedia.org/wiki/Special:FilePath/BMW%20CE%2004.jpeg
http://www.wikidata.org/entity/Q125087616,BMW M340,http://www.wikidata.org/entity/Q59773381,модельный ряд автомобилей,http://www.wikidata.org/entity/Q26678,BMW,Германия,,,,,,,,
http://www.wikidata.org/entity/Q2596771,BMW 02,http://www.wikidata.org/entity/Q59773381,модельный ряд автомобилей,http://www.wikidata.org/entity/Q26678,BMW,Германия,,,BMW E21,,,,,http://commons.wikimedia.org/wiki/Special:FilePath/BMW%202002%20Touring.jpg
http://www.wikidata.org/entity/Q12062562,BMW 2,http://www.wikidata.org/entity/Q59773381,модельный ряд автомобилей,http://www.wikidata.org/entity/Q26678,BMW,Германия,,BMW E87,BMW 3,,,,,http://commons.wikimedia.org/wiki/Special:FilePath/BMW%20G42%201X7A0370.jpg
http://www.wikidata.org/entity/Q466066,BMW 3,http://www.wikidata.org/entity/Q59773381,модельный ряд автомобилей,http://www.wikidata.org/entity/Q26678,BMW,Германия,,,,,,,,http://commons.wikimedia.org/wiki/Special:FilePath/BMW%203-Series%20G28%20Li%20Sanming%2001%202023-01-05.jpg
http://www.wikidata.org/entity/Q499497,BMW 4,http://www.wikidata.org/entity/Q59773381,модельный ряд автомобилей,http://www.wikidata.org/entity/Q26678,BMW,Германия,,BMW 3,,,,,,http://commons.wikimedia.org/wiki/Special:FilePath/2021%20BMW%20420i%20M%20Sport%20Auto.jpg
http://www.wikidata.org/entity/Q96026625,BMW 4 (G22),http://www.wikidata.org/entity/Q59773381,модельный ряд автомобилей,http://www.wikidata.org/entity/Q26678,BMW,Германия,,BMW 4 (F32),,,,,,http://commons.wikimedia.org/wiki/Special:FilePath/BMW%20G22%20IMG%205705.jpg
http://www.wikidata.org/entity/Q501613,BMW 5,http://www.wikidata.org/entity/Q59773381,модельный ряд автомобилей,http://www.wikidata.org/entity/Q26678,BMW,Германия,,BMW Neue Klasse,,4620,,,,http://commons.wikimedia.org/wiki/Special:FilePath/E34M5Front.JPG
http://www.wikidata.org/entity/Q501613,BMW 5,http://www.wikidata.org/entity/Q59773381,модельный ряд автомобилей,http://www.wikidata.org/entity/Q26678,BMW,Германия,,BMW Neue Klasse,,4620,,,,http://commons.wikimedia.org/wiki/Special:FilePath/2024%20BMW%205-Series%20520d%20M%20Sport.jpg
http://www.wikidata.org/entity/Q796427,BMW 6,http://www.wikidata.org/entity/Q59773381,модельный ряд автомобилей,http://www.wikidata.org/entity/Q26678,BMW,Германия,,BMW E9,,4750,,,,http://commons.wikimedia.org/wiki/Special:FilePath/BMW%206%20SERIES%20GRAN%20TURISMO%20%28G32%29%20China%20%2812%29.jpg
http://www.wikidata.org/entity/Q503274,BMW 7,http://www.wikidata.org/entity/Q59773381,модельный ряд автомобилей,http://www.wikidata.org/entity/Q26678,BMW,Германия,,BMW E3 и E9,,,,,,http://commons.wikimedia.org/wiki/Special:FilePath/BMW%207-Series%20%28G70%29%20750e%20IMG%209358.jpg
http://www.wikidata.org/entity/Q739844,BMW 8,http://www.wikidata.org/entity/Q59773381,модельный ряд автомобилей,http://www.wikidata.org/entity/Q26678,BMW,Германия,,,,,,,,http://commons.wikimedia.org/wiki/Special:FilePath/BMW%208%20SERIES%20COUPE%20%28G15%29%20China.jpg
http://www.wikidata.org/entity/Q796444,BMW E12,http://www.wikidata.org/entity/Q59773381,модельный ряд автомобилей,http://www.wikidata.org/entity/Q26678,BMW,Германия,,BMW Neue Klasse,BMW E28,4620,1690,1425,,http://commons.wikimedia.org/wiki/Special:FilePath/BMW%20528%20%28E12%29%20%E2%80%93%20Frontansicht%2C%2022.%20August%202013%2C%20M%C3%BCnster.jpg
http://www.wikidata.org/entity/Q796446,BMW E28,http://www.wikidata.org/entity/Q59773381,модельный ряд автомобилей,http://www.wikidata.org/entity/Q26678,BMW,Германия,,BMW E12,BMW E34,4620,1700,1415,,http://commons.wikimedia.org/wiki/Special:FilePath/BMW%20E28%20front%2020071012.jpg
http://www.wikidata.org/entity/Q1328889,BMW E34,http://www.wikidata.org/entity/Q59773381,модельный ряд автомобилей,http://www.wikidata.org/entity/Q26678,BMW,Германия,,BMW E28,BMW E39,4720,1751,,,http://commons.wikimedia.org/wiki/Special:FilePath/BMW%20535i%20%285108626840%29.jpg
http://www.wikidata.org/entity/Q608824,BMW E36,http://www.wikidata.org/entity/Q59773381,модельный ряд автомобилей,http://www.wikidata.org/entity/Q26678,BMW,Германия,,BMW E30,BMW E46,,,,,http://commons.wikimedia.org/wiki/Special:FilePath/BMW-E36-sedan.jpg
http://www.wikidata.org/entity/Q1229005,BMW E39,http://www.wikidata.org/entity/Q59773381,модельный ряд автомобилей,http://www.wikidata.org/entity/Q26678,BMW,Германия,,BMW E34,BMW E60,,1800,,,http://commons.wikimedia.org/wiki/Special:FilePath/BMW%20E39%20%281995%29%20DSC%208889%20%28cropped%29.jpg
http://www.wikidata.org/entity/Q796464,BMW E60,http://www.wikidata.org/entity/Q59773381,модельный ряд автомобилей,http://www.wikidata.org/entity/Q26678,BMW,Германия,,BMW E39,BMW F10,,1846,1491,,http://commons.wikimedia.org/wiki/Special:FilePath/BMW%205er-E60.jpg
http://www.wikidata.org/entity/Q796395,BMW E87,http://www.wikidata.org/entity/Q59773381,модельный ряд автомобилей,http://www.wikidata.org/entity/Q26678,BMW,Германия,,,BMW 2,,,,,http://commons.wikimedia.org/wiki/Special:FilePath/BMW%20F40%201X7A1835.jpg
http://www.wikidata.org/entity/Q1146966,BMW E90/91/92/93,http://www.wikidata.org/entity/Q59773381,модельный ряд автомобилей,http://www.wikidata.org/entity/Q26678,BMW,Германия,,BMW E46,BMW 3-й серии (F30),4520,1782,1395,1425,http://commons.wikimedia.org/wiki/Special:FilePath/BMW%20E90%20front%2020090301.jpg
http://www.wikidata.org/entity/Q1146966,BMW E90/91/92/93,http://www.wikidata.org/entity/Q59773381,модельный ряд автомобилей,http://www.wikidata.org/entity/Q26678,BMW,Германия,,BMW E46,BMW 3-й серии (F30),4580,1782,1395,1425,http://commons.wikimedia.org/wiki/Special:FilePath/BMW%20E90%20front%2020090301.jpg
http://www.wikidata.org/entity/Q1146966,BMW E90/91/92/93,http://www.wikidata.org/entity/Q59773381,модельный ряд автомобилей,http://www.wikidata.org/entity/Q26678,BMW,Германия,,BMW E46,BMW 3-й серии (F30),4520,1817,1395,1425,http://commons.wikimedia.org/wiki/Special:FilePath/BMW%20E90%20front%2020090301.jpg
http://www.wikidata.org/entity/Q1146966,BMW E90/91/92/93,http://www.wikidata.org/entity/Q59773381,модельный ряд автомобилей,http://www.wikidata.org/entity/Q26678,BMW,Германия,,BMW E46,BMW 3-й серии (F30),4580,1817,1395,1425,http://commons.wikimedia.org/wiki/Special:FilePath/BMW%20E90%20front%2020090301.jpg
http://www.wikidata.org/entity/Q1146966,BMW E90/91/92/93,http://www.wikidata.org/entity/Q59773381,модельный ряд автомобилей,http://www.wikidata.org/entity/Q26678,BMW,Германия,,BMW E46,BMW 3-й серии (F30),4520,1782,1421,1425,http://commons.wikimedia.org/wiki/Special:FilePath/BMW%20E90%20front%2020090301.jpg
http://www.wikidata.org/entity/Q1146966,BMW E90/91/92/93,http://www.wikidata.org/entity/Q59773381,модельный ряд автомобилей,http://www.wikidata.org/entity/Q26678,BMW,Германия,,BMW E46,BMW 3-й серии (F30),4580,1782,1421,1425,http://commons.wikimedia.org/wiki/Special:FilePath/BMW%20E90%20front%2020090301.jpg
http://www.wikidata.org/entity/Q1146966,BMW E90/91/92/93,http://www.wikidata.org/entity/Q59773381,модельный ряд автомобилей,http://www.wikidata.org/entity/Q26678,BMW,Германия,,BMW E46,BMW 3-й серии (F30),4520,1817,1421,1425,http://commons.wikimedia.org/wiki/Special:FilePath/BMW%20E90%20front%2020090301.jpg
http://www.wikidata.org/entity/Q1146966,BMW E90/91/92/93,http://www.wikidata.org/entity/Q59773381,модельный ряд автомобилей,http://www.wikidata.org/entity/Q26678,BMW,Германия,,BMW E46,BMW 3-й серии (F30),4580,1817,1421,1425,http://commons.wikimedia.org/wiki/Special:FilePath/BMW%20E90%20front%2020090301.jpg
http://www.wikidata.org/entity/Q1146966,BMW E90/91/92/93,http://www.wikidata.org/entity/Q59773381,модельный ряд автомобилей,http://www.wikidata.org/entity/Q26678,BMW,Германия,,BMW E46,BMW 3-й серии (F30),4520,1782,1395,1825,http://commons.wikimedia.org/wiki/Special:FilePath/BMW%20E90%20front%2020090301.jpg
http://www.wikidata.org/entity/Q1146966,BMW E90/91/92/93,http://www.wikidata.org/entity/Q59773381,модельный ряд автомобилей,http://www.wikidata.org/entity/Q26678,BMW,Германия,,BMW E46,BMW 3-й серии (F30),4580,1782,1395,1825,http://commons.wikimedia.org/wiki/Special:FilePath/BMW%20E90%20front%2020090301.jpg
http://www.wikidata.org/entity/Q1146966,BMW E90/91/92/93,http://www.wikidata.org/entity/Q59773381,модельный ряд автомобилей,http://www.wikidata.org/entity/Q26678,BMW,Германия,,BMW E46,BMW 3-й серии (F30),4520,1817,1395,1825,http://commons.wikimedia.org/wiki/Special:FilePath/BMW%20E90%20front%2020090301.jpg
http://www.wikidata.org/entity/Q1146966,BMW E90/91/92/93,http://www.wikidata.org/entity/Q59773381,модельный ряд автомобилей,http://www.wikidata.org/entity/Q26678,BMW,Германия,,BMW E46,BMW 3-й серии (F30),4580,1817,1395,1825,http://commons.wikimedia.org/wiki/Special:FilePath/BMW%20E90%20front%2020090301.jpg
http://www.wikidata.org/entity/Q1146966,BMW E90/91/92/93,http://www.wikidata.org/entity/Q59773381,модельный ряд автомобилей,http://www.wikidata.org/entity/Q26678,BMW,Германия,,BMW E46,BMW 3-й серии (F30),4520,1782,1421,1825,http://commons.wikimedia.org/wiki/Special:FilePath/BMW%20E90%20front%2020090301.jpg
http://www.wikidata.org/entity/Q1146966,BMW E90/91/92/93,http://www.wikidata.org/entity/Q59773381,модельный ряд автомобилей,http://www.wikidata.org/entity/Q26678,BMW,Германия,,BMW E46,BMW 3-й серии (F30),4580,1782,1421,1825,http://commons.wikimedia.org/wiki/Special:FilePath/BMW%20E90%20front%2020090301.jpg
http://www.wikidata.org/entity/Q1146966,BMW E90/91/92/93,http://www.wikidata.org/entity/Q59773381,модельный ряд автомобилей,http://www.wikidata.org/entity/Q26678,BMW,Германия,,BMW E46,BMW 3-й серии (F30),4520,1817,1421,1825,http://commons.wikimedia.org/wiki/Special:FilePath/BMW%20E90%20front%2020090301.jpg
http://www.wikidata.org/entity/Q1146966,BMW E90/91/92/93,http://www.wikidata.org/entity/Q59773381,модельный ряд автомобилей,http://www.wikidata.org/entity/Q26678,BMW,Германия,,BMW E46,BMW 3-й серии (F30),4580,1817,1421,1825,http://commons.wikimedia.org/wiki/Special:FilePath/BMW%20E90%20front%2020090301.jpg
http://www.wikidata.org/entity/Q796486,BMW F10,http://www.wikidata.org/entity/Q59773381,модельный ряд автомобилей,http://www.wikidata.org/entity/Q26678,BMW,Германия,,BMW E60,BMW G30,,1860,,,http://commons.wikimedia.org/wiki/Special:FilePath/BMW%20535i%20%28F10%29%20front%2020100425.jpg
http://www.wikidata.org/entity/Q23637310,BMW G30,http://www.wikidata.org/entity/Q59773381,модельный ряд автомобилей,http://www.wikidata.org/entity/Q26678,BMW,Германия,,BMW F10,,,,,,http://commons.wikimedia.org/wiki/Special:FilePath/2018%20BMW%20520d%20xDrive%20M%20Sport%20Automatic%202.0%20Front.jpg
http://www.wikidata.org/entity/Q3802508,BMW Neue Klasse,http://www.wikidata.org/entity/Q59773381,модельный ряд автомобилей,http://www.wikidata.org/entity/Q26678,BMW,Германия,,BMW 321,BMW 5,,,,,http://commons.wikimedia.org/wiki/Special:FilePath/BMW%201800%2C%20li.%20Seite%20%282018-06-03%20Sp%20r%29.JPG
http://www.wikidata.org/entity/Q796781,BMW X6,http://www.wikidata.org/entity/Q59773381,модельный ряд автомобилей,http://www.wikidata.org/entity/Q26678,BMW,Германия,,,,4812,,,,http://commons.wikimedia.org/wiki/Special:FilePath/2010%20BMW%20ActiveHybrid%20X6%20--%202010%20DC.jpg
http://www.wikidata.org/entity/Q796781,BMW X6,http://www.wikidata.org/entity/Q59773381,модельный ряд автомобилей,http://www.wikidata.org/entity/Q26678,BMW,Германия,,,,4812,,,,http://commons.wikimedia.org/wiki/Special:FilePath/BMW%20G06%20M60i%20IMG%209712.jpg
http://www.wikidata.org/entity/Q105582738,Q105582738,http://www.wikidata.org/entity/Q34493,мотоцикл,http://www.wikidata.org/entity/Q26678,BMW,Германия,,,,,,,,
http://www.wikidata.org/entity/Q4836024,BMW C600 Sport and C650GT,http://www.wikidata.org/entity/Q34493,мотоцикл,http://www.wikidata.org/entity/Q26678,BMW,Германия,,,,,,,,http://commons.wikimedia.org/wiki/Special:FilePath/Paris%20-%20Salon%20de%20la%20moto%202011%20-%20BMW%20-%20C%20650%20GT%20et%20h%C3%B4tesse%20-%20001.jpg
http://www.wikidata.org/entity/Q97601801,BMW F900R,http://www.wikidata.org/entity/Q34493,мотоцикл,http://www.wikidata.org/entity/Q26678,BMW,Германия,,,,,,,,http://commons.wikimedia.org/wiki/Special:FilePath/BMW%20F900R%20%281crop%29.jpg
http://www.wikidata.org/entity/Q796522,BMW K 100 RT,http://www.wikidata.org/entity/Q34493,мотоцикл,http://www.wikidata.org/entity/Q26678,BMW,Германия,,,,,,,,http://commons.wikimedia.org/wiki/Special:FilePath/BMW%20K100%20RT%20street%20bike.jpg
http://www.wikidata.org/entity/Q112181183,BMW R1250R,http://www.wikidata.org/entity/Q34493,мотоцикл,http://www.wikidata.org/entity/Q26678,BMW,Германия,,,,,,,,http://commons.wikimedia.org/wiki/Special:FilePath/BMW%20R%201250%20R%20.jpg
http://www.wikidata.org/entity/Q112181192,BMW R1250RS,http://www.wikidata.org/entity/Q34493,мотоцикл,http://www.wikidata.org/entity/Q26678,BMW,Германия,,,,,,,,
http://www.wikidata.org/entity/Q105771898,BMW R28,http://www.wikidata.org/entity/Q34493,мотоцикл,http://www.wikidata.org/entity/Q26678,BMW,Германия,,,,,,,,http://commons.wikimedia.org/wiki/Special:FilePath/Hochgurgl-Top%20Mountain%20Motorcycle%20Museum-BMW%20R28-1968-247ccm-01ESD.jpg
http://www.wikidata.org/entity/Q6436444,Krauser Domani,http://www.wikidata.org/entity/Q34493,мотоцикл,http://www.wikidata.org/entity/Q26678,BMW,Германия,,,,,,,,http://commons.wikimedia.org/wiki/Special:FilePath/Krauser%20Domani%2001.jpg
http://www.wikidata.org/entity/Q25431402,BMW Strahlbomber I,http://www.wikidata.org/entity/Q15061018,нереализованный проект летательного аппарата,http://www.wikidata.org/entity/Q26678,BMW,Германия,,,,,,,,
http://www.wikidata.org/entity/Q25431406,BMW Strahlbomber II,http://www.wikidata.org/entity/Q15061018,нереализованный проект летательного аппарата,http://www.wikidata.org/entity/Q26678,BMW,Германия,,,,,,,,
http://www.wikidata.org/entity/Q3631944,BMW II,http://www.wikidata.org/entity/Q2424752,продукт,http://www.wikidata.org/entity/Q26678,BMW,Германия,,,,,,,,
http://www.wikidata.org/entity/Q796423,BMW C-Serie,http://www.wikidata.org/entity/Q15081030,производитель мотоциклов,http://www.wikidata.org/entity/Q26678,BMW,Германия,,,,,,,,http://commons.wikimedia.org/wiki/Special:FilePath/Paris%20-%20Salon%20de%20la%20moto%202011%20-%20BMW%20-%20C%20650%20GT%20-%20001.jpg
http://www.wikidata.org/entity/Q796524,BMW K 1100 LT,http://www.wikidata.org/entity/Q15081030,производитель мотоциклов,http://www.wikidata.org/entity/Q26678,BMW,Германия,,,BMW K 1200 LT,,,,,http://commons.wikimedia.org/wiki/Special:FilePath/BMW%20K1100RS.jpg
http://www.wikidata.org/entity/Q635988,BMW R 10,http://www.wikidata.org/entity/Q15081030,производитель мотоциклов,http://www.wikidata.org/entity/Q26678,BMW,Германия,,,,,,,,http://commons.wikimedia.org/wiki/Special:FilePath/BMW%20R%2010%20Roller%20Prototyp%201-cyl%20197%20ccm%207%20PS%201954%20-%202.jpg
http://www.wikidata.org/entity/Q787413,Italdesign Nasca,http://www.wikidata.org/entity/Q207977,прототип,http://www.wikidata.org/entity/Q26678,BMW,Германия,,,,4395,,,,http://commons.wikimedia.org/wiki/Special:FilePath/BMW%20Nazca%20C2.JPG
http://www.wikidata.org/entity/Q796558,BMW M20,http://www.wikidata.org/entity/Q946676,рядный двигатель,http://www.wikidata.org/entity/Q26678,BMW,Германия,,,BMW M50,,,,,http://commons.wikimedia.org/wiki/Special:FilePath/BMW%20M20B25-motor.JPG
http://www.wikidata.org/entity/Q796565,BMW M40,http://www.wikidata.org/entity/Q946676,рядный двигатель,http://www.wikidata.org/entity/Q26678,BMW,Германия,,,,,,,,http://commons.wikimedia.org/wiki/Special:FilePath/M40B16.JPG
http://www.wikidata.org/entity/Q2545483,BMW M41,http://www.wikidata.org/entity/Q946676,рядный двигатель,http://www.wikidata.org/entity/Q26678,BMW,Германия,,,,,,,,
http://www.wikidata.org/entity/Q796582,BMW M54,http://www.wikidata.org/entity/Q946676,рядный двигатель,http://www.wikidata.org/entity/Q26678,BMW,Германия,,BMW M52,BMW N52,,,,,http://commons.wikimedia.org/wiki/Special:FilePath/BMW%20M54B25%20002.jpg
http://www.wikidata.org/entity/Q796582,BMW M54,http://www.wikidata.org/entity/Q946676,рядный двигатель,http://www.wikidata.org/entity/Q26678,BMW,Германия,,BMW M52,BMW N54,,,,,http://commons.wikimedia.org/wiki/Special:FilePath/BMW%20M54B25%20002.jpg
http://www.wikidata.org/entity/Q796585,BMW M57,http://www.wikidata.org/entity/Q946676,рядный двигатель,http://www.wikidata.org/entity/Q26678,BMW,Германия,,,,,,,,http://commons.wikimedia.org/wiki/Special:FilePath/BMW%20M57D30TU.jpg
http://www.wikidata.org/entity/Q1324967,BMW N13,http://www.wikidata.org/entity/Q946676,рядный двигатель,http://www.wikidata.org/entity/Q26678,BMW,Германия,,,,,,,,
http://www.wikidata.org/entity/Q796618,BMW N45,http://www.wikidata.org/entity/Q946676,рядный двигатель,http://www.wikidata.org/entity/Q26678,BMW,Германия,,,,,,,,
http://www.wikidata.org/entity/Q796621,BMW N46,http://www.wikidata.org/entity/Q946676,рядный двигатель,http://www.wikidata.org/entity/Q26678,BMW,Германия,,,,,,,,http://commons.wikimedia.org/wiki/Special:FilePath/BMW%20N46.JPG
http://www.wikidata.org/entity/Q507917,BMW S14,http://www.wikidata.org/entity/Q946676,рядный двигатель,http://www.wikidata.org/entity/Q26678,BMW,Германия,,,,,,,,http://commons.wikimedia.org/wiki/Special:FilePath/BMW%20S14%20B25%20photo%202%20engine%20in%20BMW-Museum%20in%20Munich%2C%20Bayern.JPG
http://www.wikidata.org/entity/Q123011,BMW S38,http://www.wikidata.org/entity/Q946676,рядный двигатель,http://www.wikidata.org/entity/Q26678,BMW,Германия,,,,,,,,
http://www.wikidata.org/entity/Q796738,BMW S54,http://www.wikidata.org/entity/Q946676,рядный двигатель,http://www.wikidata.org/entity/Q26678,BMW,Германия,,,,,,,,http://commons.wikimedia.org/wiki/Special:FilePath/BMW%20S54B32%20Engine.JPG
http://www.wikidata.org/entity/Q173831,BMW M12,http://www.wikidata.org/entity/Q15057020,семейство двигателей,http://www.wikidata.org/entity/Q26678,BMW,Германия,,,,,,,,http://commons.wikimedia.org/wiki/Special:FilePath/BMW%20Formula%202%20Engine.JPG
http://www.wikidata.org/entity/Q3632115,BMW V,http://www.wikidata.org/entity/Q15057020,семейство двигателей,http://www.wikidata.org/entity/Q26678,BMW,Германия,,,,,,,,
http://www.wikidata.org/entity/Q796376,BMW 132,http://www.wikidata.org/entity/Q15057020,семейство двигателей,http://www.wikidata.org/entity/Q26678,BMW,Германия,,,,,,,,http://commons.wikimedia.org/wiki/Special:FilePath/BMW%20132%203.jpg
http://www.wikidata.org/entity/Q4836092,BMW B38,http://www.wikidata.org/entity/Q15057020,семейство двигателей,http://www.wikidata.org/entity/Q26678,BMW,Германия,,Двигатель Prince,,,,,,http://commons.wikimedia.org/wiki/Special:FilePath/Mini%20Cooper%20engine%20-%20Tokyo%20Motor%20Show%202013.jpg
http://www.wikidata.org/entity/Q796760,BMW VI,http://www.wikidata.org/entity/Q15057020,семейство двигателей,http://www.wikidata.org/entity/Q26678,BMW,Германия,,,,,,,,http://commons.wikimedia.org/wiki/Special:FilePath/BMW%20VI.jpg
http://www.wikidata.org/entity/Q139373187,BMW i3,http://www.wikidata.org/entity/Q811701,серия моделей,http://www.wikidata.org/entity/Q26678,BMW,Германия,,,,,,,,
http://www.wikidata.org/entity/Q131928089,BMW E3 и E9,http://www.wikidata.org/entity/Q811701,серия моделей,http://www.wikidata.org/entity/Q26678,BMW,Германия,,,,,,,,http://commons.wikimedia.org/wiki/Special:FilePath/BMW%203%2C0-S-E3%20Front-view.JPG
http://www.wikidata.org/entity/Q2753474,BMW Motormanagement System,http://www.wikidata.org/entity/Q58778,система,http://www.wikidata.org/entity/Q26678,BMW,Германия,,,,,,,,
http://www.wikidata.org/entity/Q4828088,Compact Drive System,http://www.wikidata.org/entity/Q58778,система,http://www.wikidata.org/entity/Q26678,BMW,Германия,,,,,,,,
http://www.wikidata.org/entity/Q3631932,BMW 1600,http://www.wikidata.org/entity/Q4167410,страница значений в проекте Викимедиа,http://www.wikidata.org/entity/Q26678,BMW,Германия,,BMW 1500,,4501,1709,1450,,
http://www.wikidata.org/entity/Q2530202,BMW Motormanagement System-K,http://www.wikidata.org/entity/Q994895,техническая система,http://www.wikidata.org/entity/Q26678,BMW,Германия,,,,,,,,
http://www.wikidata.org/entity/Q2036565,Sekundär Luft System,http://www.wikidata.org/entity/Q994895,техническая система,http://www.wikidata.org/entity/Q26678,BMW,Германия,,,,,,,,
http://www.wikidata.org/entity/Q1851490,Single Wire System,http://www.wikidata.org/entity/Q994895,техническая система,http://www.wikidata.org/entity/Q26678,BMW,Германия,,,,,,,,
http://www.wikidata.org/entity/Q796582,BMW M54,http://www.wikidata.org/entity/Q1148385,шестицилиндровый двигатель,http://www.wikidata.org/entity/Q26678,BMW,Германия,,BMW M52,BMW N52,,,,,http://commons.wikimedia.org/wiki/Special:FilePath/BMW%20M54B25%20002.jpg
http://www.wikidata.org/entity/Q796582,BMW M54,http://www.wikidata.org/entity/Q1148385,шестицилиндровый двигатель,http://www.wikidata.org/entity/Q26678,BMW,Германия,,BMW M52,BMW N54,,,,,http://commons.wikimedia.org/wiki/Special:FilePath/BMW%20M54B25%20002.jpg
http://www.wikidata.org/entity/Q10716597,Volkswagen Auto 2000,http://www.wikidata.org/entity/Q47202313,Auto 2000,http://www.wikidata.org/entity/Q246,Volkswagen,Германия,,,,,,,,http://commons.wikimedia.org/wiki/Special:FilePath/Volkswagen%20Auto%202000%20prototype%20%28presented%20Frankfurt%20autoshow%201981%29%2001.JPG
http://www.wikidata.org/entity/Q118870625,MPV Tehran,http://www.wikidata.org/entity/Q3882470,one-off vehicle,http://www.wikidata.org/entity/Q246,Volkswagen,Германия,,,,,,,,http://commons.wikimedia.org/wiki/Special:FilePath/Iran%20Classic%20Car%20Museum%202021-10-23%20%2804%29.jpg
http://www.wikidata.org/entity/Q127327914,Volkswagen Beetle of José Mujica,http://www.wikidata.org/entity/Q152946,Volkswagen Käfer,http://www.wikidata.org/entity/Q246,Volkswagen,Германия,,,,,,,,http://commons.wikimedia.org/wiki/Special:FilePath/25.01.2023%20-%20Encontro%20com%20o%20ex-presidente%20da%20Rep%C3%BAblica%20Oriental%20do%20Uruguai%2C%20Jos%C3%A9%20Mujica%2C%20e%20com%20Luc%C3%ADa%20Topolasnky%20%2852649942313%29.jpg
http://www.wikidata.org/entity/Q109773142,Volkswagen Type 1 Sedan,http://www.wikidata.org/entity/Q152946,Volkswagen Käfer,http://www.wikidata.org/entity/Q246,Volkswagen,Германия,,,,,,,,
http://www.wikidata.org/entity/Q108297293,Polo Flight,http://www.wikidata.org/entity/Q1420,автомобиль,http://www.wikidata.org/entity/Q246,Volkswagen,Германия,,,,,,,,
http://www.wikidata.org/entity/Q127327914,Volkswagen Beetle of José Mujica,http://www.wikidata.org/entity/Q1420,автомобиль,http://www.wikidata.org/entity/Q246,Volkswagen,Германия,,,,,,,,http://commons.wikimedia.org/wiki/Special:FilePath/25.01.2023%20-%20Encontro%20com%20o%20ex-presidente%20da%20Rep%C3%BAblica%20Oriental%20do%20Uruguai%2C%20Jos%C3%A9%20Mujica%2C%20e%20com%20Luc%C3%ADa%20Topolasnky%20%2852649942313%29.jpg
http://www.wikidata.org/entity/Q14516277,Volkswagen Golf Rally G60,http://www.wikidata.org/entity/Q1420,автомобиль,http://www.wikidata.org/entity/Q246,Volkswagen,Германия,,,,,,,,http://commons.wikimedia.org/wiki/Special:FilePath/RallyeGolf.jpg
http://www.wikidata.org/entity/Q31836007,Sedric,http://www.wikidata.org/entity/Q741490,беспилотный автомобиль,http://www.wikidata.org/entity/Q246,Volkswagen,Германия,,,,,,,,
http://www.wikidata.org/entity/Q24883701,Volkswagen BUDD-e,http://www.wikidata.org/entity/Q850270,концепт-кар,http://www.wikidata.org/entity/Q246,Volkswagen,Германия,,,,,,,,http://commons.wikimedia.org/wiki/Special:FilePath/VW%20BUDD-e%20concept%20SAO%202016%208989.jpg
http://www.wikidata.org/entity/Q20723182,Volkswagen C Coupe GTE,http://www.wikidata.org/entity/Q850270,концепт-кар,http://www.wikidata.org/entity/Q246,Volkswagen,Германия,,,,,,,,
http://www.wikidata.org/entity/Q7940303,Volkswagen Concept A,http://www.wikidata.org/entity/Q850270,концепт-кар,http://www.wikidata.org/entity/Q246,Volkswagen,Германия,,,,4350,,,,http://commons.wikimedia.org/wiki/Special:FilePath/VW%20Concept%20A.jpg
http://www.wikidata.org/entity/Q7940303,Volkswagen Concept A,http://www.wikidata.org/entity/Q850270,концепт-кар,http://www.wikidata.org/entity/Q246,Volkswagen,Германия,,,,4350,,,,http://commons.wikimedia.org/wiki/Special:FilePath/VW%20Concept%20A%20Heck.jpg
http://www.wikidata.org/entity/Q18758462,Volkswagen Concept D,http://www.wikidata.org/entity/Q850270,концепт-кар,http://www.wikidata.org/entity/Q246,Volkswagen,Германия,,,Volkswagen Phaeton,,,,,http://commons.wikimedia.org/wiki/Special:FilePath/VW%20Concept%20D%20%28IAA%201999%29%201.jpg
http://www.wikidata.org/entity/Q17639688,Volkswagen GTI Roadster Vision Gran Turismo,http://www.wikidata.org/entity/Q850270,концепт-кар,http://www.wikidata.org/entity/Q246,Volkswagen,Германия,,,,,,,,http://commons.wikimedia.org/wiki/Special:FilePath/SLY%205762%20%2815215022454%29.jpg
http://www.wikidata.org/entity/Q7940311,Volkswagen GX3,http://www.wikidata.org/entity/Q850270,концепт-кар,http://www.wikidata.org/entity/Q246,Volkswagen,Германия,,,,,,,,http://commons.wikimedia.org/wiki/Special:FilePath/VW%20GX3.jpeg
http://www.wikidata.org/entity/Q85813464,Volkswagen ID. Space Vizzion,http://www.wikidata.org/entity/Q850270,концепт-кар,http://www.wikidata.org/entity/Q246,Volkswagen,Германия,,,,,,,,
http://www.wikidata.org/entity/Q11837544,Q11837544,http://www.wikidata.org/entity/Q23039057,модель автобуса,http://www.wikidata.org/entity/Q246,Volkswagen,Германия,,,,,,,,
http://www.wikidata.org/entity/Q911580,Brezelkäfer,http://www.wikidata.org/entity/Q3231690,модель автомобиля,http://www.wikidata.org/entity/Q246,Volkswagen,Германия,,,,,,,,
http://www.wikidata.org/entity/Q1347004,Porsche 914,http://www.wikidata.org/entity/Q3231690,модель автомобиля,http://www.wikidata.org/entity/Q246,Volkswagen,Германия,,Porsche 912,Porsche 924,3985,1650,1230,,http://commons.wikimedia.org/wiki/Special:FilePath/VW-Porsche%20914%20am%2017.06.2007.jpg
http://www.wikidata.org/entity/Q7940303,Volkswagen Concept A,http://www.wikidata.org/entity/Q3231690,модель автомобиля,http://www.wikidata.org/entity/Q246,Volkswagen,Германия,,,,4350,,,,http://commons.wikimedia.org/wiki/Special:FilePath/VW%20Concept%20A.jpg
http://www.wikidata.org/entity/Q7940303,Volkswagen Concept A,http://www.wikidata.org/entity/Q3231690,модель автомобиля,http://www.wikidata.org/entity/Q246,Volkswagen,Германия,,,,4350,,,,http://commons.wikimedia.org/wiki/Special:FilePath/VW%20Concept%20A%20Heck.jpg
http://www.wikidata.org/entity/Q3562805,Volkswagen Concept BlueSport,http://www.wikidata.org/entity/Q3231690,модель автомобиля,http://www.wikidata.org/entity/Q246,Volkswagen,Германия,,,,3990,1745,1260,1200,http://commons.wikimedia.org/wiki/Special:FilePath/Volkswagen%20Bluesport--DC.jpg
http://www.wikidata.org/entity/Q7940304,Volkswagen Concept R,http://www.wikidata.org/entity/Q3231690,модель автомобиля,http://www.wikidata.org/entity/Q246,Volkswagen,Германия,,,,,,,,
http://www.wikidata.org/entity/Q23637401,Volkswagen Cross Coupe GTE Concept,http://www.wikidata.org/entity/Q3231690,модель автомобиля,http://www.wikidata.org/entity/Q246,Volkswagen,Германия,,,,,,,,
http://www.wikidata.org/entity/Q26868421,Volkswagen EA 48,http://www.wikidata.org/entity/Q3231690,модель автомобиля,http://www.wikidata.org/entity/Q246,Volkswagen,Германия,,,,,,,,http://commons.wikimedia.org/wiki/Special:FilePath/VW%20EA%2048%20Prototyp%201955%20%282%29.jpg
http://www.wikidata.org/entity/Q7940311,Volkswagen GX3,http://www.wikidata.org/entity/Q3231690,модель автомобиля,http://www.wikidata.org/entity/Q246,Volkswagen,Германия,,,,,,,,http://commons.wikimedia.org/wiki/Special:FilePath/VW%20GX3.jpeg
http://www.wikidata.org/entity/Q131136320,Volkswagen ID.6 Crozz,http://www.wikidata.org/entity/Q3231690,модель автомобиля,http://www.wikidata.org/entity/Q246,Volkswagen,Германия,,,,,,,,http://commons.wikimedia.org/wiki/Special:FilePath/Volkswagen%20ID.6%20Crozz%20001%20%28cropped%29.jpg
http://www.wikidata.org/entity/Q131136408,Volkswagen ID.6 X,http://www.wikidata.org/entity/Q3231690,модель автомобиля,http://www.wikidata.org/entity/Q246,Volkswagen,Германия,,,,,,,,http://commons.wikimedia.org/wiki/Special:FilePath/Volkswagen%20ID.6%20X%202021112302.jpg
http://www.wikidata.org/entity/Q26791717,Volkswagen Kommandeurswagen,http://www.wikidata.org/entity/Q3231690,модель автомобиля,http://www.wikidata.org/entity/Q246,Volkswagen,Германия,,,,3830,1620,1720,,http://commons.wikimedia.org/wiki/Special:FilePath/VW%20Typ%2087-1.JPG
http://www.wikidata.org/entity/Q107185864,Volkswagen Multivan T7,http://www.wikidata.org/entity/Q3231690,модель автомобиля,http://www.wikidata.org/entity/Q246,Volkswagen,Германия,,,,4973,1941,1903,,http://commons.wikimedia.org/wiki/Special:FilePath/VW%20Multivan%20eHybrid%2C%20IAA%202021%2C%20Munich%20%28IAA10413%29.jpg
http://www.wikidata.org/entity/Q60748228,Volkswagen Polo GTI R5,http://www.wikidata.org/entity/Q3231690,модель автомобиля,http://www.wikidata.org/entity/Q246,Volkswagen,Германия,,,,,,,,http://commons.wikimedia.org/wiki/Special:FilePath/Volkswagen%20Polo%20GTI%20R5.jpg
http://www.wikidata.org/entity/Q47089190,Volkswagen Race Touareg 2,http://www.wikidata.org/entity/Q3231690,модель автомобиля,http://www.wikidata.org/entity/Q246,Volkswagen,Германия,,,,,,,,http://commons.wikimedia.org/wiki/Special:FilePath/VW%20Race%20Touareg%202%20blue%20vl%20EMS.jpg
http://www.wikidata.org/entity/Q47089169,Volkswagen Race Touareg 3,http://www.wikidata.org/entity/Q3231690,модель автомобиля,http://www.wikidata.org/entity/Q246,Volkswagen,Германия,,,,,,,,http://commons.wikimedia.org/wiki/Special:FilePath/Race%20Tourag%203%20%2802%29.jpg
http://www.wikidata.org/entity/Q7408947,Volkswagen Samba,http://www.wikidata.org/entity/Q3231690,модель автомобиля,http://www.wikidata.org/entity/Q246,Volkswagen,Германия,,,,,,,,
http://www.wikidata.org/entity/Q106518090,Volkswagen Teramont,http://www.wikidata.org/entity/Q3231690,модель автомобиля,http://www.wikidata.org/entity/Q246,Volkswagen,Германия,,,,,1989,1773,,http://commons.wikimedia.org/wiki/Special:FilePath/2021%20SAIC-Volkswagen%20Teramont%20%28facelift%2C%20front%29.jpg
http://www.wikidata.org/entity/Q122382000,Volkswagen Tiguan III,http://www.wikidata.org/entity/Q3231690,модель автомобиля,http://www.wikidata.org/entity/Q246,Volkswagen,Германия,,Volkswagen Tiguan Allspace,,4539,1842,1656,1598,http://commons.wikimedia.org/wiki/Special:FilePath/Volkswagen%20Tiguan%20III%20IMG%208388.jpg
http://www.wikidata.org/entity/Q65129018,Cupra Formentor,http://www.wikidata.org/entity/Q3231690,модель автомобиля,http://www.wikidata.org/entity/Q246,Volkswagen,Германия,,,,4450,1992,1528,,http://commons.wikimedia.org/wiki/Special:FilePath/Cupra%20Formentor%20Facelift%20IMG%200666.jpg
http://www.wikidata.org/entity/Q116430989,Volkswagen Amarok I,http://www.wikidata.org/entity/Q3231690,модель автомобиля,http://www.wikidata.org/entity/Q246,Volkswagen,Германия,,,,,,,,http://commons.wikimedia.org/wiki/Special:FilePath/VW%20Amarok%202.0%20TDI%204MOTION%20DC%20Dark%20Label%20%E2%80%93%20Frontansicht%2C%2012.%20Juli%202014%2C%20D%C3%BCsseldorf.jpg
http://www.wikidata.org/entity/Q28064385,Volkswagen Arteon,http://www.wikidata.org/entity/Q3231690,модель автомобиля,http://www.wikidata.org/entity/Q246,Volkswagen,Германия,,Volkswagen Passat CC,,4862,1871,1427,,http://commons.wikimedia.org/wiki/Special:FilePath/Volkswagen%20Arteon%20R%20IMG%202554.jpg
http://www.wikidata.org/entity/Q1417237,Volkswagen Bora,http://www.wikidata.org/entity/Q3231690,модель автомобиля,http://www.wikidata.org/entity/Q246,Volkswagen,Германия,,Volkswagen Vento,Volkswagen Jetta (A5),4380,1735,,,http://commons.wikimedia.org/wiki/Special:FilePath/2016%20FAW-Volkswagen%20Bora.jpg
http://www.wikidata.org/entity/Q10392360,Volkswagen Bora (Китай),http://www.wikidata.org/entity/Q3231690,модель автомобиля,http://www.wikidata.org/entity/Q246,Volkswagen,Германия,,Volkswagen New Bora,,4663,1815,1462,,http://commons.wikimedia.org/wiki/Special:FilePath/2019%20FAW-Volkswagen%20Bora.jpg
http://www.wikidata.org/entity/Q15305557,Volkswagen Golf Sportsvan,http://www.wikidata.org/entity/Q3231690,модель автомобиля,http://www.wikidata.org/entity/Q246,Volkswagen,Германия,,Volkswagen Golf Plus,,4340,1807,,,http://commons.wikimedia.org/wiki/Special:FilePath/2018%20Volkswagen%20Golf%20Sportsvan%20GT%20TSi%20BlueMotion%201.5%20Front.jpg
http://www.wikidata.org/entity/Q1537473,Volkswagen Jetta (A6),http://www.wikidata.org/entity/Q3231690,модель автомобиля,http://www.wikidata.org/entity/Q246,Volkswagen,Германия,,Volkswagen Jetta (A5),Volkswagen Jetta (A7),,1778,1482,,http://commons.wikimedia.org/wiki/Special:FilePath/2016%20Volkswagen%20Jetta%20%281B%20MY17%29%20118TSI%20Comfortline%20sedan%20%282018-11-02%29%2001.jpg
http://www.wikidata.org/entity/Q97773470,Volkswagen Polo Liftback (2020),http://www.wikidata.org/entity/Q3231690,модель автомобиля,http://www.wikidata.org/entity/Q246,Volkswagen,Германия,,,,,,,,http://commons.wikimedia.org/wiki/Special:FilePath/Volkswagen%20Polo%20sedan%202020%20%28Russia%2C%20front%20view%203%29.png
http://www.wikidata.org/entity/Q32860581,Volkswagen Polo sedan,http://www.wikidata.org/entity/Q3231690,модель автомобиля,http://www.wikidata.org/entity/Q246,Volkswagen,Германия,,Volkswagen Polo Classic,Volkswagen Virtus,,1699,,,http://commons.wikimedia.org/wiki/Special:FilePath/Volkswagen%20Polo%20Sedan%202.JPG
http://www.wikidata.org/entity/Q39075622,Volkswagen T-Cross,http://www.wikidata.org/entity/Q3231690,модель автомобиля,http://www.wikidata.org/entity/Q246,Volkswagen,Германия,,,,4108,1760,1584,1275,http://commons.wikimedia.org/wiki/Special:FilePath/2019%20Volkswagen%20T-Cross%20First%20Edition%20TSi%201.0.jpg
http://www.wikidata.org/entity/Q15966358,Volkswagen T-Roc,http://www.wikidata.org/entity/Q3231690,модель автомобиля,http://www.wikidata.org/entity/Q246,Volkswagen,Германия,,,,4234,1819,1573,,http://commons.wikimedia.org/wiki/Special:FilePath/2018%20Volkswagen%20T-Roc%20Front%20%282%29.jpg
http://www.wikidata.org/entity/Q95984320,Volkswagen Taigo,http://www.wikidata.org/entity/Q3231690,модель автомобиля,http://www.wikidata.org/entity/Q246,Volkswagen,Германия,,,,,,1493,1199,http://commons.wikimedia.org/wiki/Special:FilePath/Volkswagen%20Taigo%201X7A6742.jpg
http://www.wikidata.org/entity/Q106580835,Volkswagen Talagon,http://www.wikidata.org/entity/Q3231690,модель автомобиля,http://www.wikidata.org/entity/Q246,Volkswagen,Германия,,,,5152,2002,1795,,http://commons.wikimedia.org/wiki/Special:FilePath/2021%20FAW-Volkswagen%20Talagon%20%28front%29.jpg
http://www.wikidata.org/entity/Q56402691,Volkswagen Taos,http://www.wikidata.org/entity/Q3231690,модель автомобиля,http://www.wikidata.org/entity/Q246,Volkswagen,Германия,,,,4453,1841,1632,,http://commons.wikimedia.org/wiki/Special:FilePath/2025%20Volkswagen%20Taos%20DSC%202865.jpg
http://www.wikidata.org/entity/Q113677858,Volkswagen Tavendor,http://www.wikidata.org/entity/Q3231690,модель автомобиля,http://www.wikidata.org/entity/Q246,Volkswagen,Германия,,,,,,,,http://commons.wikimedia.org/wiki/Special:FilePath/VOLKSWAGEN%20TAVENDOR%20%283%29.jpg
http://www.wikidata.org/entity/Q77251000,Volkswagen Viloran,http://www.wikidata.org/entity/Q3231690,модель автомобиля,http://www.wikidata.org/entity/Q246,Volkswagen,Германия,,,,,,,,http://commons.wikimedia.org/wiki/Special:FilePath/2020%20SAIC-Volkswagen%20Viloran%20330TSI%20%28front%29.jpg
http://www.wikidata.org/entity/Q43706733,Volkswagen Virtus,http://www.wikidata.org/entity/Q3231690,модель автомобиля,http://www.wikidata.org/entity/Q246,Volkswagen,Германия,,Volkswagen Polo Mk5,,4482,1751,1472,,http://commons.wikimedia.org/wiki/Special:FilePath/Sal%C3%A3o%20do%20Autom%C3%B3vel%202018%20%2845890970041%29.jpg
http://www.wikidata.org/entity/Q17632770,Volkswagen e-Golf,http://www.wikidata.org/entity/Q3231690,модель автомобиля,http://www.wikidata.org/entity/Q246,Volkswagen,Германия,,,,4255,1799,1442,,http://commons.wikimedia.org/wiki/Special:FilePath/VW%20e-Golf%20%28VII%29%20%E2%80%93%20Frontansicht%2C%2019.%20Juni%202014%2C%20D%C3%BCsseldorf.jpg
http://www.wikidata.org/entity/Q112635444,Volkswagen e-Lavida,http://www.wikidata.org/entity/Q3231690,модель автомобиля,http://www.wikidata.org/entity/Q246,Volkswagen,Германия,,,,,,,,
http://www.wikidata.org/entity/Q678949,Volkswagen Тур 82,http://www.wikidata.org/entity/Q3231690,модель автомобиля,http://www.wikidata.org/entity/Q246,Volkswagen,Германия,,Volkswagen Typ 166,Volkswagen 181,3740,1600,1380,,http://commons.wikimedia.org/wiki/Special:FilePath/VW%20Kuebelwagen%201.jpg
http://www.wikidata.org/entity/Q27765737,Volkswagen Teramont,http://www.wikidata.org/entity/Q3231690,модель автомобиля,http://www.wikidata.org/entity/Q246,Volkswagen,Германия,2016-12-14T00:00:00Z,,,5037,1979,1768,,http://commons.wikimedia.org/wiki/Special:FilePath/Volkswagen%20Teramont%20Pro%20001%20%28cropped%29.jpg
http://www.wikidata.org/entity/Q56218637,Volkswagen Jetta (A7),http://www.wikidata.org/entity/Q3231690,модель автомобиля,http://www.wikidata.org/entity/Q246,Volkswagen,Германия,2018-01-01T00:00:00Z,Volkswagen Jetta (A6),,4702,1799,1474,1331,http://commons.wikimedia.org/wiki/Special:FilePath/2025%20Volkswagen%20Jetta%20VII%20DSC%207417.jpg
http://www.wikidata.org/entity/Q2804891,Volkswagen Tarek,http://www.wikidata.org/entity/Q90834785,модель гоночного автомобиля,http://www.wikidata.org/entity/Q246,Volkswagen,Германия,,,,,,,,http://commons.wikimedia.org/wiki/Special:FilePath/Volkswagen%20Tarek%20Paris-Dakar%202003%20frontright%202010-04-08%20A.jpg
http://www.wikidata.org/entity/Q9369095,Q9369095,http://www.wikidata.org/entity/Q21546143,модель грузовика,http://www.wikidata.org/entity/Q246,Volkswagen,Германия,,,,,,,,
http://www.wikidata.org/entity/Q80564517,Volkswagen EA113,http://www.wikidata.org/entity/Q15057021,модель двигателя,http://www.wikidata.org/entity/Q246,Volkswagen,Германия,,Volkswagen EA828,,,,,,
http://www.wikidata.org/entity/Q21013628,Volkswagen EA189,http://www.wikidata.org/entity/Q15057021,модель двигателя,http://www.wikidata.org/entity/Q246,Volkswagen,Германия,,,,,,,,
http://www.wikidata.org/entity/Q10392374,Volkswagen Logus,http://www.wikidata.org/entity/Q29048322,модель транспортного средства,http://www.wikidata.org/entity/Q246,Volkswagen,Германия,,,,,,,,http://commons.wikimedia.org/wiki/Special:FilePath/Volkswagen%20Logus.JPG
http://www.wikidata.org/entity/Q10392379,Volkswagen Santana Quantum,http://www.wikidata.org/entity/Q29048322,модель транспортного средства,http://www.wikidata.org/entity/Q246,Volkswagen,Германия,,,,,,,,http://commons.wikimedia.org/wiki/Special:FilePath/Santana%20quantum%201987.jpg
http://www.wikidata.org/entity/Q55637210,Volkswagen ID. series,http://www.wikidata.org/entity/Q59773381,модельный ряд автомобилей,http://www.wikidata.org/entity/Q246,Volkswagen,Германия,,,,,,,,http://commons.wikimedia.org/wiki/Special:FilePath/Diess%2C%20ID%20lineup%2C%20GIMS%202018%2C%20Le%20Grand-Saconnex%20%281X7A9912%29.jpg
http://www.wikidata.org/entity/Q753040,Volkswagen Sharan,http://www.wikidata.org/entity/Q59773381,модельный ряд автомобилей,http://www.wikidata.org/entity/Q246,Volkswagen,Германия,,,,,,,,http://commons.wikimedia.org/wiki/Special:FilePath/VW%20Sharan%20%281%29.JPG
http://www.wikidata.org/entity/Q1982880,Volkswagen Group New Small Family,http://www.wikidata.org/entity/Q632300,платформа,http://www.wikidata.org/entity/Q246,Volkswagen,Германия,,,,,,,,http://commons.wikimedia.org/wiki/Special:FilePath/VW%20high%20up%21%201.0%20%E2%80%93%20Frontansicht%2C%2017.%20M%C3%A4rz%202012%2C%20D%C3%BCsseldorf.jpg
http://www.wikidata.org/entity/Q55188744,Volkswagen I.D. R,http://www.wikidata.org/entity/Q972011,спортпрототип,http://www.wikidata.org/entity/Q246,Volkswagen,Германия,,,,5200,2350,1200,1100,http://commons.wikimedia.org/wiki/Special:FilePath/Volkswagen%20I.D.%20R.jpg
http://www.wikidata.org/entity/Q49187272,Unimog 419,http://www.wikidata.org/entity/Q137188246,military vehicle model,http://www.wikidata.org/entity/Q27530,Mercedes-Benz Group,Германия,,,,6350,2440,2600,,http://commons.wikimedia.org/wiki/Special:FilePath/Unimog%204x4%20engineering%20vehicle.JPEG
http://www.wikidata.org/entity/Q461469,Mercedes-Benz S-класс,http://www.wikidata.org/entity/Q15849571,sub-brand,http://www.wikidata.org/entity/Q27530,Mercedes-Benz Group,Германия,,Mercedes-Benz V-класс,Mercedes-Benz X-класс,,,,,http://commons.wikimedia.org/wiki/Special:FilePath/%28Mercedes-Benz%2C%20front%20logo%29%20%28Mercedes-Benz%20Photography%20by%20David%20Adam%20Kess%29.jpg
http://www.wikidata.org/entity/Q461469,Mercedes-Benz S-класс,http://www.wikidata.org/entity/Q15849571,sub-brand,http://www.wikidata.org/entity/Q27530,Mercedes-Benz Group,Германия,,Mercedes-Benz V-класс,Mercedes-Benz X-класс,,,,,http://commons.wikimedia.org/wiki/Special:FilePath/Mercedes-Maybach%20Z223%20680%201X7A5831.jpg
http://www.wikidata.org/entity/Q121614737,Mercedes-Benz C236,http://www.wikidata.org/entity/Q744620,Gran Turismo,http://www.wikidata.org/entity/Q27530,Mercedes-Benz Group,Германия,,,,,,,,http://commons.wikimedia.org/wiki/Special:FilePath/Mercedes-Benz%20C236%201X7A1685.jpg
http://www.wikidata.org/entity/Q122216758,Mercedes-Benz Concept CLA Class,http://www.wikidata.org/entity/Q1145550,Фастбэк,http://www.wikidata.org/entity/Q27530,Mercedes-Benz Group,Германия,,,,,,,,http://commons.wikimedia.org/wiki/Special:FilePath/Mercedes-Benz%20CLA-Class%20Concept%20IAA%202023%201X7A0475.jpg
http://www.wikidata.org/entity/Q21512319,Mercedes-Benz Concept IAA,http://www.wikidata.org/entity/Q1145550,Фастбэк,http://www.wikidata.org/entity/Q27530,Mercedes-Benz Group,Германия,,,,5040,,,,http://commons.wikimedia.org/wiki/Special:FilePath/Mercedes%20Concept%20IAA.%20Spielvogel3.JPG
http://www.wikidata.org/entity/Q3306286,Mercedes-Benz SS,http://www.wikidata.org/entity/Q1420,автомобиль,http://www.wikidata.org/entity/Q27530,Mercedes-Benz Group,Германия,,,,,,,,http://commons.wikimedia.org/wiki/Special:FilePath/1930%20Mercedes-Benz%20710SS%20Rennsport%20-%20fvr.jpg
http://www.wikidata.org/entity/Q3555338,Smart Crosstown,http://www.wikidata.org/entity/Q1076882,аккумуляторный электротранспорт,http://www.wikidata.org/entity/Q27530,Mercedes-Benz Group,Германия,,,,,,,,http://commons.wikimedia.org/wiki/Special:FilePath/IAA2005-smart-crosstown-frontohne.jpg
http://www.wikidata.org/entity/Q3321341,Smart electric drive,http://www.wikidata.org/entity/Q1076882,аккумуляторный электротранспорт,http://www.wikidata.org/entity/Q27530,Mercedes-Benz Group,Германия,,,,,,,,http://commons.wikimedia.org/wiki/Special:FilePath/Car2Go%20Amsterdam%20Smart%20ED%20cropped.JPG
http://www.wikidata.org/entity/Q116148565,Mercedes-Benz VISION EQXX,http://www.wikidata.org/entity/Q1076882,аккумуляторный электротранспорт,http://www.wikidata.org/entity/Q27530,Mercedes-Benz Group,Германия,,,,,,,,http://commons.wikimedia.org/wiki/Special:FilePath/Mercedes-Benz%20Vision%20EQXX%2C%20IAA%20Open%20Space%202023%2C%20Munich%20%28P1120189%29.jpg
http://www.wikidata.org/entity/Q326237,Unimog,http://www.wikidata.org/entity/Q431289,бренд,http://www.wikidata.org/entity/Q27530,Mercedes-Benz Group,Германия,,,,,,,,http://commons.wikimedia.org/wiki/Special:FilePath/Mercedes%20Benz%20Unimog%201300%20L.jpg
http://www.wikidata.org/entity/Q47539788,Unimog 425,http://www.wikidata.org/entity/Q43193,грузовой автомобиль,http://www.wikidata.org/entity/Q27530,Mercedes-Benz Group,Германия,,,Unimog 427,,,,,http://commons.wikimedia.org/wiki/Special:FilePath/Unimog%20U1300.jpg
http://www.wikidata.org/entity/Q23011447,Unimog 435,http://www.wikidata.org/entity/Q43193,грузовой автомобиль,http://www.wikidata.org/entity/Q27530,Mercedes-Benz Group,Германия,,Unimog 404,Unimog 437,,2300,2875,,http://commons.wikimedia.org/wiki/Special:FilePath/Unimog%201300L%2C%20unit%2C%20FL%20Trarbach%2051%2C%20Traben-Trarbag%2C%20Germany.JPG
http://www.wikidata.org/entity/Q23011447,Unimog 435,http://www.wikidata.org/entity/Q43193,грузовой автомобиль,http://www.wikidata.org/entity/Q27530,Mercedes-Benz Group,Германия,,Unimog 404,Unimog 437.1,,2300,2875,,http://commons.wikimedia.org/wiki/Special:FilePath/Unimog%201300L%2C%20unit%2C%20FL%20Trarbach%2051%2C%20Traben-Trarbag%2C%20Germany.JPG
http://www.wikidata.org/entity/Q50397786,Mercedes-Benz B-Class Electric Drive,http://www.wikidata.org/entity/Q850270,концепт-кар,http://www.wikidata.org/entity/Q27530,Mercedes-Benz Group,Германия,,,,,,,,http://commons.wikimedia.org/wiki/Special:FilePath/2018%20Mercedes-Benz%20B-Class%20Electric%20Drive%20Electric%20Art%20Premium%20Front.jpg
http://www.wikidata.org/entity/Q10328816,Mercedes-Benz CLS Shooting Break Concept,http://www.wikidata.org/entity/Q850270,концепт-кар,http://www.wikidata.org/entity/Q27530,Mercedes-Benz Group,Германия,,,,,,,,
http://www.wikidata.org/entity/Q122216758,Mercedes-Benz Concept CLA Class,http://www.wikidata.org/entity/Q850270,концепт-кар,http://www.wikidata.org/entity/Q27530,Mercedes-Benz Group,Германия,,,,,,,,http://commons.wikimedia.org/wiki/Special:FilePath/Mercedes-Benz%20CLA-Class%20Concept%20IAA%202023%201X7A0475.jpg
http://www.wikidata.org/entity/Q40870908,Mercedes-Benz Concept EQA,http://www.wikidata.org/entity/Q850270,концепт-кар,http://www.wikidata.org/entity/Q27530,Mercedes-Benz Group,Германия,,,,,,,,http://commons.wikimedia.org/wiki/Special:FilePath/Mercedes-Benz%20EQ%20A%2C%20IAA%202017%2C%20Frankfurt%20%281Y7A2973%29.jpg
http://www.wikidata.org/entity/Q50398480,Mercedes-Benz Concept X-Class,http://www.wikidata.org/entity/Q850270,концепт-кар,http://www.wikidata.org/entity/Q27530,Mercedes-Benz Group,Германия,,,,,,,,http://commons.wikimedia.org/wiki/Special:FilePath/2017-03-07%20Geneva%20Motor%20Show%201117.JPG
http://www.wikidata.org/entity/Q50398269,Mercedes-Benz F015,http://www.wikidata.org/entity/Q850270,концепт-кар,http://www.wikidata.org/entity/Q27530,Mercedes-Benz Group,Германия,,,,,,,,http://commons.wikimedia.org/wiki/Special:FilePath/2016-03-01%20Geneva%20Motor%20Show%201006.JPG
http://www.wikidata.org/entity/Q56321273,Mercedes-Benz Vision EQ Silver Arrow,http://www.wikidata.org/entity/Q850270,концепт-кар,http://www.wikidata.org/entity/Q27530,Mercedes-Benz Group,Германия,,,,5300,,,,http://commons.wikimedia.org/wiki/Special:FilePath/Mercedes-Benz%2C%20Paris%20Motor%20Show%202018%2C%20Paris%20%281Y7A1334%29.jpg
http://www.wikidata.org/entity/Q119574200,Mercedes-Benz Vision One-Eleven,http://www.wikidata.org/entity/Q850270,концепт-кар,http://www.wikidata.org/entity/Q27530,Mercedes-Benz Group,Германия,,,,,,,,http://commons.wikimedia.org/wiki/Special:FilePath/Mercedes-Benz%20Vision%20One-Eleven%20IAA%202023%201X7A0273.jpg
http://www.wikidata.org/entity/Q50398310,Mercedes-Benz Vision Tokyo,http://www.wikidata.org/entity/Q850270,концепт-кар,http://www.wikidata.org/entity/Q27530,Mercedes-Benz Group,Германия,,Mercedes-Benz F015,,,2100,1600,,http://commons.wikimedia.org/wiki/Special:FilePath/Mercedes-Benz%20Vision%20Tokyo%2C%20IAA%202017%2C%20Frankfurt%20%281Y7A1904%29.jpg
http://www.wikidata.org/entity/Q50398444,Mercedes-Benz Vision Van,http://www.wikidata.org/entity/Q850270,концепт-кар,http://www.wikidata.org/entity/Q27530,Mercedes-Benz Group,Германия,,,,,,,,http://commons.wikimedia.org/wiki/Special:FilePath/Mercedes-Benz%20Vision%20Van%2C%20Frankfurt%20%281Y7A3491%29.jpg
http://www.wikidata.org/entity/Q15427487,Mercedes-Benz W 25 D,http://www.wikidata.org/entity/Q850270,концепт-кар,http://www.wikidata.org/entity/Q27530,Mercedes-Benz Group,Германия,,,,,,,,
http://www.wikidata.org/entity/Q3555338,Smart Crosstown,http://www.wikidata.org/entity/Q850270,концепт-кар,http://www.wikidata.org/entity/Q27530,Mercedes-Benz Group,Германия,,,,,,,,http://commons.wikimedia.org/wiki/Special:FilePath/IAA2005-smart-crosstown-frontohne.jpg
http://www.wikidata.org/entity/Q56887951,Smart Forease,http://www.wikidata.org/entity/Q850270,концепт-кар,http://www.wikidata.org/entity/Q27530,Mercedes-Benz Group,Германия,,,,,,,,http://commons.wikimedia.org/wiki/Special:FilePath/Smart%20Forease%2C%20Paris%20Motor%20Show%202018%2C%20IMG%200541.jpg
http://www.wikidata.org/entity/Q50397935,Smart Fourjoy,http://www.wikidata.org/entity/Q850270,концепт-кар,http://www.wikidata.org/entity/Q27530,Mercedes-Benz Group,Германия,,,,,,,,
http://www.wikidata.org/entity/Q40870403,Smart Vision EQ Fortwo,http://www.wikidata.org/entity/Q850270,концепт-кар,http://www.wikidata.org/entity/Q27530,Mercedes-Benz Group,Германия,,,,,,,,http://commons.wikimedia.org/wiki/Special:FilePath/Smart%20Vision%20EQ%20Fortwo%2C%20Frankfurt%20%281Y7A3429%29.jpg
http://www.wikidata.org/entity/Q40876474,Vision Mercedes-Maybach 6 Cabriolet,http://www.wikidata.org/entity/Q850270,концепт-кар,http://www.wikidata.org/entity/Q27530,Mercedes-Benz Group,Германия,,,,,,,,http://commons.wikimedia.org/wiki/Special:FilePath/Maybach%20at%20IAA%202017%20%2801%29.jpg
http://www.wikidata.org/entity/Q30893556,Mercedes-AMG GT Concept,http://www.wikidata.org/entity/Q850270,концепт-кар,http://www.wikidata.org/entity/Q27530,Mercedes-Benz Group,Германия,,,,,,,,http://commons.wikimedia.org/wiki/Special:FilePath/Mercedes-AMG%20GT%20Concept%20in%20the%20Mercedes-Benz-Museum%20IMG%206501.jpg
http://www.wikidata.org/entity/Q885590,Mercedes-Benz BlueZERO,http://www.wikidata.org/entity/Q850270,концепт-кар,http://www.wikidata.org/entity/Q27530,Mercedes-Benz Group,Германия,,,,,,,,http://commons.wikimedia.org/wiki/Special:FilePath/Mercedes-Benz%20BlueZero%20E-Cell.JPG
http://www.wikidata.org/entity/Q1877582,Mercedes-Benz C111,http://www.wikidata.org/entity/Q850270,концепт-кар,http://www.wikidata.org/entity/Q27530,Mercedes-Benz Group,Германия,,,,4440,1800,1120,1240,http://commons.wikimedia.org/wiki/Special:FilePath/MercedesC111-050529%20P1020035.JPG
http://www.wikidata.org/entity/Q1424917,Mercedes-Benz C112,http://www.wikidata.org/entity/Q850270,концепт-кар,http://www.wikidata.org/entity/Q27530,Mercedes-Benz Group,Германия,,,,,,,,http://commons.wikimedia.org/wiki/Special:FilePath/Mercedes-Benz%20C112%201991%20frontleft%202010-04-08%20A.jpg
http://www.wikidata.org/entity/Q21512319,Mercedes-Benz Concept IAA,http://www.wikidata.org/entity/Q850270,концепт-кар,http://www.wikidata.org/entity/Q27530,Mercedes-Benz Group,Германия,,,,5040,,,,http://commons.wikimedia.org/wiki/Special:FilePath/Mercedes%20Concept%20IAA.%20Spielvogel3.JPG
http://www.wikidata.org/entity/Q536816,Mercedes-Benz ConceptFASCINATION,http://www.wikidata.org/entity/Q850270,концепт-кар,http://www.wikidata.org/entity/Q27530,Mercedes-Benz Group,Германия,,,,,,,,http://commons.wikimedia.org/wiki/Special:FilePath/P103%20-%20Mercedes-Benz%20Concept%20Fascination.jpg
http://www.wikidata.org/entity/Q107245868,Mercedes-Benz EQT,http://www.wikidata.org/entity/Q850270,концепт-кар,http://www.wikidata.org/entity/Q27530,Mercedes-Benz Group,Германия,,,,4950,1860,1830,,http://commons.wikimedia.org/wiki/Special:FilePath/Mercedes-Benz%20Concept%20EQT%2C%20IAA%202021%2C%20Munich%20%28IAA10142%29.jpg
http://www.wikidata.org/entity/Q6818110,Mercedes-Benz F-Cell Roadster,http://www.wikidata.org/entity/Q850270,концепт-кар,http://www.wikidata.org/entity/Q27530,Mercedes-Benz Group,Германия,,,,,,,,http://commons.wikimedia.org/wiki/Special:FilePath/Mercedes-Benz%20F-Cell%20Roadster.jpg
http://www.wikidata.org/entity/Q6818111,Mercedes-Benz F125!,http://www.wikidata.org/entity/Q850270,концепт-кар,http://www.wikidata.org/entity/Q27530,Mercedes-Benz Group,Германия,,,,,,,,http://commons.wikimedia.org/wiki/Special:FilePath/Mercedes-Benz%20F125%21%20%28front%20quarter%29.jpg
http://www.wikidata.org/entity/Q4044002,Mercedes-Benz F200 Imagination,http://www.wikidata.org/entity/Q850270,концепт-кар,http://www.wikidata.org/entity/Q27530,Mercedes-Benz Group,Германия,,,,,,,,http://commons.wikimedia.org/wiki/Special:FilePath/MHV%20MB%20F200%20Imagination%2001.jpg
http://www.wikidata.org/entity/Q15834855,Mercedes-Benz F300 Life Jet,http://www.wikidata.org/entity/Q850270,концепт-кар,http://www.wikidata.org/entity/Q27530,Mercedes-Benz Group,Германия,,,,,,,,http://commons.wikimedia.org/wiki/Special:FilePath/1997%20Mercedes-Benz%20F300%20Life%20Jet%20Concept%20Vehicle.jpg
http://www.wikidata.org/entity/Q3306279,Mercedes-Benz F400 Carving,http://www.wikidata.org/entity/Q850270,концепт-кар,http://www.wikidata.org/entity/Q27530,Mercedes-Benz Group,Германия,,,,3979,,,,http://commons.wikimedia.org/wiki/Special:FilePath/Mercedes-Benz%20F400%20amk2.jpg
http://www.wikidata.org/entity/Q1921220,Mercedes-Benz F600 Hygenius,http://www.wikidata.org/entity/Q850270,концепт-кар,http://www.wikidata.org/entity/Q27530,Mercedes-Benz Group,Германия,,,,,,,,
http://www.wikidata.org/entity/Q1131245,Mercedes-Benz F800 Style,http://www.wikidata.org/entity/Q850270,концепт-кар,http://www.wikidata.org/entity/Q27530,Mercedes-Benz Group,Германия,,,,,,,,http://commons.wikimedia.org/wiki/Special:FilePath/Mercedes-Benz%20F800%20Style.jpg
http://www.wikidata.org/entity/Q108434751,Mercedes-Benz G-Class EV,http://www.wikidata.org/entity/Q850270,концепт-кар,http://www.wikidata.org/entity/Q27530,Mercedes-Benz Group,Германия,,,,,,,,http://commons.wikimedia.org/wiki/Special:FilePath/Mercedes-Benz%20Concept%20EQG%20IAA%202021%201X7A0095.jpg
http://www.wikidata.org/entity/Q4044003,Mercedes-Benz NAFA,http://www.wikidata.org/entity/Q850270,концепт-кар,http://www.wikidata.org/entity/Q27530,Mercedes-Benz Group,Германия,,,,2500,,,,http://commons.wikimedia.org/wiki/Special:FilePath/NAFA.jpg
http://www.wikidata.org/entity/Q4044008,Mercedes-Benz Ocean Drive,http://www.wikidata.org/entity/Q850270,концепт-кар,http://www.wikidata.org/entity/Q27530,Mercedes-Benz Group,Германия,,,,,,,,http://commons.wikimedia.org/wiki/Special:FilePath/Mercedes-Benz%20Ocean%20Drive%20vl%20TCE.jpg
http://www.wikidata.org/entity/Q116148565,Mercedes-Benz VISION EQXX,http://www.wikidata.org/entity/Q850270,концепт-кар,http://www.wikidata.org/entity/Q27530,Mercedes-Benz Group,Германия,,,,,,,,http://commons.wikimedia.org/wiki/Special:FilePath/Mercedes-Benz%20Vision%20EQXX%2C%20IAA%20Open%20Space%202023%2C%20Munich%20%28P1120189%29.jpg
http://www.wikidata.org/entity/Q18815986,Mercedes-Benz Vision CLS,http://www.wikidata.org/entity/Q850270,концепт-кар,http://www.wikidata.org/entity/Q27530,Mercedes-Benz Group,Германия,,,,,,,,http://commons.wikimedia.org/wiki/Special:FilePath/MercedesBenzVisionCLS%201.jpg
http://www.wikidata.org/entity/Q17117426,Mercedes-Benz Vision SLA,http://www.wikidata.org/entity/Q850270,концепт-кар,http://www.wikidata.org/entity/Q27530,Mercedes-Benz Group,Германия,,,,,,,,http://commons.wikimedia.org/wiki/Special:FilePath/Vision%20SLA.jpg
http://www.wikidata.org/entity/Q27972582,Mercedes-Maybach Vision 6,http://www.wikidata.org/entity/Q850270,концепт-кар,http://www.wikidata.org/entity/Q27530,Mercedes-Benz Group,Германия,,,,5700,2100,1330,,http://commons.wikimedia.org/wiki/Special:FilePath/Mercedes-Maybach%20Vision%206%20concept%20Mondial%20auto%202016%20%284-5%29.jpg
http://www.wikidata.org/entity/Q27972582,Mercedes-Maybach Vision 6,http://www.wikidata.org/entity/Q850270,концепт-кар,http://www.wikidata.org/entity/Q27530,Mercedes-Benz Group,Германия,,,,5700,2100,1330,,http://commons.wikimedia.org/wiki/Special:FilePath/Vision%20Mercedes-Maybach%206%20-%20Mondial%20de%20l%27Automobile%20de%20Paris%202016%20-%20001.jpg
http://www.wikidata.org/entity/Q10338645,OM-366,http://www.wikidata.org/entity/Q3084961,линейка продуктов,http://www.wikidata.org/entity/Q27530,Mercedes-Benz Group,Германия,,,,,,,,http://commons.wikimedia.org/wiki/Special:FilePath/OM%20366%20LA%20Bild%202.JPG
http://www.wikidata.org/entity/Q13163228,Daimler CO series,http://www.wikidata.org/entity/Q23039057,модель автобуса,http://www.wikidata.org/entity/Q27530,Mercedes-Benz Group,Германия,,,,,,,,http://commons.wikimedia.org/wiki/Special:FilePath/Daimler%20COG5%20Birmingham%201107.JPG
http://www.wikidata.org/entity/Q125982358,Mercedes-Benz Citaro C1,http://www.wikidata.org/entity/Q23039057,модель автобуса,http://www.wikidata.org/entity/Q27530,Mercedes-Benz Group,Германия,,Mercedes-Benz O405,Mercedes-Benz Citaro C2,,,,,
http://www.wikidata.org/entity/Q96279181,Mercedes-Benz Citaro C2,http://www.wikidata.org/entity/Q23039057,модель автобуса,http://www.wikidata.org/entity/Q27530,Mercedes-Benz Group,Германия,,Mercedes-Benz Citaro C1,,,,,,http://commons.wikimedia.org/wiki/Special:FilePath/QBuzz%20U-OV%20Mercedes-Benz%20Citaro%204025%2014-10-2021.jpg
http://www.wikidata.org/entity/Q104889904,Q104889904,http://www.wikidata.org/entity/Q3231690,модель автомобиля,http://www.wikidata.org/entity/Q27530,Mercedes-Benz Group,Германия,,,,,,,,http://commons.wikimedia.org/wiki/Special:FilePath/Hanomag%20delar.jpg
http://www.wikidata.org/entity/Q106953688,Q106953688,http://www.wikidata.org/entity/Q3231690,модель автомобиля,http://www.wikidata.org/entity/Q27530,Mercedes-Benz Group,Германия,,,,,,,,
http://www.wikidata.org/entity/Q1595614,Q1595614,http://www.wikidata.org/entity/Q3231690,модель автомобиля,http://www.wikidata.org/entity/Q27530,Mercedes-Benz Group,Германия,,,Mercedes-Benz G4,4700,2040,2100,,
http://www.wikidata.org/entity/Q42293770,Q42293770,http://www.wikidata.org/entity/Q3231690,модель автомобиля,http://www.wikidata.org/entity/Q27530,Mercedes-Benz Group,Германия,,Mercedes-Benz ML 63 AMG,,,,,,
http://www.wikidata.org/entity/Q1088754,Chrysler Pacifica,http://www.wikidata.org/entity/Q3231690,модель автомобиля,http://www.wikidata.org/entity/Q27530,Mercedes-Benz Group,Германия,,,Dodge Journey,5072,2014,,,http://commons.wikimedia.org/wiki/Special:FilePath/Chrysler%20Pacifica%20red.jpg
http://www.wikidata.org/entity/Q5114677,Chrysler Pacifica,http://www.wikidata.org/entity/Q3231690,модель автомобиля,http://www.wikidata.org/entity/Q27530,Mercedes-Benz Group,Германия,,,,,,,,
http://www.wikidata.org/entity/Q30599110,Chrysler minivans,http://www.wikidata.org/entity/Q3231690,модель автомобиля,http://www.wikidata.org/entity/Q27530,Mercedes-Benz Group,Германия,,,,,,,,http://commons.wikimedia.org/wiki/Special:FilePath/2001-2004%20Dodge%20Grand%20Caravan.jpg
http://www.wikidata.org/entity/Q30599110,Chrysler minivans,http://www.wikidata.org/entity/Q3231690,модель автомобиля,http://www.wikidata.org/entity/Q27530,Mercedes-Benz Group,Германия,,,,,,,,http://commons.wikimedia.org/wiki/Special:FilePath/Chrysler%20Voyager%20front%2020090206.jpg
http://www.wikidata.org/entity/Q6172931,Jeep Trailhawk,http://www.wikidata.org/entity/Q3231690,модель автомобиля,http://www.wikidata.org/entity/Q27530,Mercedes-Benz Group,Германия,,,,,,,,http://commons.wikimedia.org/wiki/Special:FilePath/Jeep%20Trailhawk%20concept%20DC.JPG
http://www.wikidata.org/entity/Q1120173,Mercedes 15/70/100 PS,http://www.wikidata.org/entity/Q3231690,модель автомобиля,http://www.wikidata.org/entity/Q27530,Mercedes-Benz Group,Германия,,,Mercedes-Benz W08,5200,1800,1950,,http://commons.wikimedia.org/wiki/Special:FilePath/Mercedes%2015-70%20torpedo%2006011703.jpg
http://www.wikidata.org/entity/Q6818166,Mercedes 60hp,http://www.wikidata.org/entity/Q3231690,модель автомобиля,http://www.wikidata.org/entity/Q27530,Mercedes-Benz Group,Германия,,,,,,,,http://commons.wikimedia.org/wiki/Special:FilePath/1903%20Mercedes%2060hp.jpg
http://www.wikidata.org/entity/Q121436393,Mercedes-AMG C192,http://www.wikidata.org/entity/Q3231690,модель автомобиля,http://www.wikidata.org/entity/Q27530,Mercedes-Benz Group,Германия,,,,,,,,http://commons.wikimedia.org/wiki/Special:FilePath/Mercedes-AMG%20C192%2063%20IAA%202023%201X7A0627.jpg
http://www.wikidata.org/entity/Q627562,Mercedes-Benz 130,http://www.wikidata.org/entity/Q3231690,модель автомобиля,http://www.wikidata.org/entity/Q27530,Mercedes-Benz Group,Германия,,,,,,,,http://commons.wikimedia.org/wiki/Special:FilePath/MHV%20MB%20W23%20130%201935%2001.jpg
http://www.wikidata.org/entity/Q90990847,Mercedes-Benz 190 E 2.5-16 Evolution II,http://www.wikidata.org/entity/Q3231690,модель автомобиля,http://www.wikidata.org/entity/Q27530,Mercedes-Benz Group,Германия,,,,,,,,http://commons.wikimedia.org/wiki/Special:FilePath/1991%20Mercedes-Benz%20190%20E%202.5-16%20Evolution%20II%20no.%20494%2C%20front%20left.jpg
http://www.wikidata.org/entity/Q631909,Mercedes-Benz 380,http://www.wikidata.org/entity/Q3231690,модель автомобиля,http://www.wikidata.org/entity/Q27530,Mercedes-Benz Group,Германия,,Mercedes-Benz W10,Mercedes-Benz W29,4690,1730,1620,2100,http://commons.wikimedia.org/wiki/Special:FilePath/1934%20Mercedes-Benz%20380K%2C%20140hp%203800cc%20155kmh%20photo-3.JPG
http://www.wikidata.org/entity/Q16938667,Mercedes-Benz 4G-Tronic transmission,http://www.wikidata.org/entity/Q3231690,модель автомобиля,http://www.wikidata.org/entity/Q27530,Mercedes-Benz Group,Германия,,,,,,,,
http://www.wikidata.org/entity/Q3560500,Mercedes-Benz 500E,http://www.wikidata.org/entity/Q3231690,модель автомобиля,http://www.wikidata.org/entity/Q27530,Mercedes-Benz Group,Германия,,,Mercedes-AMG E-Class,,,,,http://commons.wikimedia.org/wiki/Special:FilePath/1992%20Mercedes-Benz%20500E%20%28W124.036%29%2C%20front%20right.jpg
http://www.wikidata.org/entity/Q1736380,Mercedes-Benz C11,http://www.wikidata.org/entity/Q3231690,модель автомобиля,http://www.wikidata.org/entity/Q27530,Mercedes-Benz Group,Германия,,Sauber Mercedes C9,,4800,2000,1030,905,http://commons.wikimedia.org/wiki/Special:FilePath/1990%20Mercedes-Benz%20C11%20HCC25.jpg
http://www.wikidata.org/entity/Q67112091,Mercedes-Benz C167,http://www.wikidata.org/entity/Q3231690,модель автомобиля,http://www.wikidata.org/entity/Q27530,Mercedes-Benz Group,Германия,,,,,,,,http://commons.wikimedia.org/wiki/Special:FilePath/Mercedes-Benz%20C167%20350e%20IMG%206060.jpg
http://www.wikidata.org/entity/Q121614737,Mercedes-Benz C236,http://www.wikidata.org/entity/Q3231690,модель автомобиля,http://www.wikidata.org/entity/Q27530,Mercedes-Benz Group,Германия,,,,,,,,http://commons.wikimedia.org/wiki/Special:FilePath/Mercedes-Benz%20C236%201X7A1685.jpg
http://www.wikidata.org/entity/Q131343935,Mercedes-Benz C292,http://www.wikidata.org/entity/Q3231690,модель автомобиля,http://www.wikidata.org/entity/Q27530,Mercedes-Benz Group,Германия,,,,,,,,http://commons.wikimedia.org/wiki/Special:FilePath/Mercedes%20GLE%20Coupe%20%2820134123212%29%20%28cropped%29.jpg
http://www.wikidata.org/entity/Q11692091,Mercedes-Benz CL 203,http://www.wikidata.org/entity/Q3231690,модель автомобиля,http://www.wikidata.org/entity/Q27530,Mercedes-Benz Group,Германия,,,,,1728,1405,,http://commons.wikimedia.org/wiki/Special:FilePath/2006%20Mercedes-Benz%20C220%20CDi%20SE%20Automatic%202.1%20Front.jpg
http://www.wikidata.org/entity/Q11692091,Mercedes-Benz CL 203,http://www.wikidata.org/entity/Q3231690,модель автомобиля,http://www.wikidata.org/entity/Q27530,Mercedes-Benz Group,Германия,,,,,1728,1405,,http://commons.wikimedia.org/wiki/Special:FilePath/Mercedes%20C%20220%20CDI%20Sportcoup%C3%A9%20%28CL203%29%20front%2020100704.jpg
http://www.wikidata.org/entity/Q9288407,Mercedes-Benz CLK LM,http://www.wikidata.org/entity/Q3231690,модель автомобиля,http://www.wikidata.org/entity/Q27530,Mercedes-Benz Group,Германия,,,Mercedes-Benz CLR,,,,,http://commons.wikimedia.org/wiki/Special:FilePath/Mercedes-Benz%20CLK%20LM%20-%20Flickr%20-%20andrewbasterfield.jpg
http://www.wikidata.org/entity/Q11115368,Mercedes-Benz CLS Shooting Brake,http://www.wikidata.org/entity/Q3231690,модель автомобиля,http://www.wikidata.org/entity/Q27530,Mercedes-Benz Group,Германия,,,,,,,,
http://www.wikidata.org/entity/Q131343421,Mercedes-Benz GLC Coupe,http://www.wikidata.org/entity/Q3231690,модель автомобиля,http://www.wikidata.org/entity/Q27530,Mercedes-Benz Group,Германия,,,,,,,,
http://www.wikidata.org/entity/Q56358220,Mercedes-Benz GLE 350,http://www.wikidata.org/entity/Q3231690,модель автомобиля,http://www.wikidata.org/entity/Q27530,Mercedes-Benz Group,Германия,,,,,,,,http://commons.wikimedia.org/wiki/Special:FilePath/2016%20Mercedes-Benz%20GLE%20350%20d%20%28W%20166%29%20wagon%20%282016-03-05%29%2001.jpg
http://www.wikidata.org/entity/Q56358410,Mercedes-Benz GLS 350,http://www.wikidata.org/entity/Q3231690,модель автомобиля,http://www.wikidata.org/entity/Q27530,Mercedes-Benz Group,Германия,,,,,,,,http://commons.wikimedia.org/wiki/Special:FilePath/2016%20Mercedes-Benz%20GLS%20350d%20%28X%20166%29%204MATIC%20wagon%20%282017-02-08%29%2001.jpg
http://www.wikidata.org/entity/Q63441377,Mercedes-Benz GLS-Class,http://www.wikidata.org/entity/Q3231690,модель автомобиля,http://www.wikidata.org/entity/Q27530,Mercedes-Benz Group,Германия,,,,,,,,http://commons.wikimedia.org/wiki/Special:FilePath/Mercedes-Benz%20X167%20%282023%E2%80%93%29%20DSC%200705.jpg
http://www.wikidata.org/entity/Q2749282,Mercedes-Benz Ponton,http://www.wikidata.org/entity/Q3231690,модель автомобиля,http://www.wikidata.org/entity/Q27530,Mercedes-Benz Group,Германия,,,,,,,,http://commons.wikimedia.org/wiki/Special:FilePath/Mercedes%20180%202%20v%20sst.jpg
http://www.wikidata.org/entity/Q110291867,Mercedes-Benz Sprinter (1995),http://www.wikidata.org/entity/Q3231690,модель автомобиля,http://www.wikidata.org/entity/Q27530,Mercedes-Benz Group,Германия,,,,,,,,
http://www.wikidata.org/entity/Q110291869,Mercedes-Benz Sprinter (2000),http://www.wikidata.org/entity/Q3231690,модель автомобиля,http://www.wikidata.org/entity/Q27530,Mercedes-Benz Group,Германия,,,,,,,,
http://www.wikidata.org/entity/Q104530069,Mercedes-Benz Sprinter (2014),http://www.wikidata.org/entity/Q3231690,модель автомобиля,http://www.wikidata.org/entity/Q27530,Mercedes-Benz Group,Германия,,,,,,,,http://commons.wikimedia.org/wiki/Special:FilePath/Mercedes-Benz%20Sprinter%20Gross%20%2803%29.jpg
http://www.wikidata.org/entity/Q124666368,Mercedes-Benz Viano,http://www.wikidata.org/entity/Q3231690,модель автомобиля,http://www.wikidata.org/entity/Q27530,Mercedes-Benz Group,Германия,,,,,,,,
http://www.wikidata.org/entity/Q15427487,Mercedes-Benz W 25 D,http://www.wikidata.org/entity/Q3231690,модель автомобиля,http://www.wikidata.org/entity/Q27530,Mercedes-Benz Group,Германия,,,,,,,,
http://www.wikidata.org/entity/Q1285327,Mercedes-Benz W02,http://www.wikidata.org/entity/Q3231690,модель автомобиля,http://www.wikidata.org/entity/Q27530,Mercedes-Benz Group,Германия,,,Mercedes-Benz W11,,,,,http://commons.wikimedia.org/wiki/Special:FilePath/MHV%20MB%20W02%208-38hp%201927.jpg
http://www.wikidata.org/entity/Q1447622,Mercedes-Benz W03,http://www.wikidata.org/entity/Q3231690,модель автомобиля,http://www.wikidata.org/entity/Q27530,Mercedes-Benz Group,Германия,,,Mercedes-Benz W04,4650,1760,1920,,http://commons.wikimedia.org/wiki/Special:FilePath/Mercedes-Benz%2012-55%20PS%20Pullman%20Limousine%201927%20RSideFront%20MBMuse%209June2013%20%2814797089517%29.jpg
http://www.wikidata.org/entity/Q1921175,Mercedes-Benz W07,http://www.wikidata.org/entity/Q3231690,модель автомобиля,http://www.wikidata.org/entity/Q27530,Mercedes-Benz Group,Германия,,Mercedes 24/100/140 PS,Mercedes-Benz W150,5600,1840,1830,2700,http://commons.wikimedia.org/wiki/Special:FilePath/Mercedes-Benz%20770%20Cabriolet%20F%20Exkaiser%20vl.jpg
http://www.wikidata.org/entity/Q869000,Mercedes-Benz W08,http://www.wikidata.org/entity/Q3231690,модель автомобиля,http://www.wikidata.org/entity/Q27530,Mercedes-Benz Group,Германия,,Mercedes 15/70/100 PS,,,,,,http://commons.wikimedia.org/wiki/Special:FilePath/Mercedes%20Benz%20W%2008%20Sportroadster%20front%2020110611.jpg
http://www.wikidata.org/entity/Q1474219,Mercedes-Benz W10,http://www.wikidata.org/entity/Q3231690,модель автомобиля,http://www.wikidata.org/entity/Q27530,Mercedes-Benz Group,Германия,,Mercedes-Benz W03,Mercedes-Benz W18,,,,,http://commons.wikimedia.org/wiki/Special:FilePath/Mercedes-Benz%20370S%201931.jpg
http://www.wikidata.org/entity/Q6818152,Mercedes-Benz W105,http://www.wikidata.org/entity/Q3231690,модель автомобиля,http://www.wikidata.org/entity/Q27530,Mercedes-Benz Group,Германия,,,Mercedes-Benz W111,4680,1740,1560,1290,http://commons.wikimedia.org/wiki/Special:FilePath/Mercedes-Benz%20219%20%28ret%29%20am%2015.06.2007.jpg
http://www.wikidata.org/entity/Q1316729,Mercedes-Benz W11,http://www.wikidata.org/entity/Q3231690,модель автомобиля,http://www.wikidata.org/entity/Q27530,Mercedes-Benz Group,Германия,,Mercedes-Benz W02,Mercedes-Benz W21,,,1800,,http://commons.wikimedia.org/wiki/Special:FilePath/Automuseum%20Dr.%20Carl%20Benz%20Ladenburg%20-%20Flickr%20-%20KlausNahr%20%2811%29.jpg
http://www.wikidata.org/entity/Q15972281,Mercedes-Benz W128,http://www.wikidata.org/entity/Q3231690,модель автомобиля,http://www.wikidata.org/entity/Q27530,Mercedes-Benz Group,Германия,,Mercedes-Benz W180,,,,,,http://commons.wikimedia.org/wiki/Special:FilePath/W128%20220SE.JPG
http://www.wikidata.org/entity/Q800021,Mercedes-Benz W142,http://www.wikidata.org/entity/Q3231690,модель автомобиля,http://www.wikidata.org/entity/Q27530,Mercedes-Benz Group,Германия,,Mercedes-Benz W18,Mercedes-Benz W03,,,,,http://commons.wikimedia.org/wiki/Special:FilePath/Mercedes-Benz%20320-Cabriolet%20Front-view.JPG
http://www.wikidata.org/entity/Q1790025,Mercedes-Benz W15,http://www.wikidata.org/entity/Q3231690,модель автомобиля,http://www.wikidata.org/entity/Q27530,Mercedes-Benz Group,Германия,,,Mercedes-Benz W136,,1630,1650,,http://commons.wikimedia.org/wiki/Special:FilePath/Mercedes-Benz%20W15%20%281932%29%20Classic-Gala%202022%201X7A0282.jpg
http://www.wikidata.org/entity/Q734598,Mercedes-Benz W153,http://www.wikidata.org/entity/Q3231690,модель автомобиля,http://www.wikidata.org/entity/Q27530,Mercedes-Benz Group,Германия,,Mercedes-Benz W21,Mercedes-Benz 170S,,1720,,,http://commons.wikimedia.org/wiki/Special:FilePath/Mercedes-Benz%20230%201939.jpg
http://www.wikidata.org/entity/Q982827,Mercedes-Benz W18,http://www.wikidata.org/entity/Q3231690,модель автомобиля,http://www.wikidata.org/entity/Q27530,Mercedes-Benz Group,Германия,,Mercedes-Benz W10,Mercedes-Benz W142,,1730,,,http://commons.wikimedia.org/wiki/Special:FilePath/Wuestenrot-Finsterrot%20Festzug%2020110710%20097.jpg
http://www.wikidata.org/entity/Q28195076,Mercedes-Benz W186,http://www.wikidata.org/entity/Q3231690,модель автомобиля,http://www.wikidata.org/entity/Q27530,Mercedes-Benz Group,Германия,,,,,,,,http://commons.wikimedia.org/wiki/Special:FilePath/Mercedes%20Benz%20300%20Limousine%20front%2020110611.jpg
http://www.wikidata.org/entity/Q15410125,Mercedes-Benz W189,http://www.wikidata.org/entity/Q3231690,модель автомобиля,http://www.wikidata.org/entity/Q27530,Mercedes-Benz Group,Германия,,Mercedes-Benz 300,Mercedes-Benz W112,5190,1860,1620,,http://commons.wikimedia.org/wiki/Special:FilePath/Mercedes-Benz%20300d%20am%202006-10-27%20retusch.jpg
http://www.wikidata.org/entity/Q56322375,Mercedes-Benz W461,http://www.wikidata.org/entity/Q3231690,модель автомобиля,http://www.wikidata.org/entity/Q27530,Mercedes-Benz Group,Германия,,,,,,,,http://commons.wikimedia.org/wiki/Special:FilePath/Mercedes-Benz%20G%20300%20CDI.jpg
http://www.wikidata.org/entity/Q47455211,Mercedes-Benz W464,http://www.wikidata.org/entity/Q3231690,модель автомобиля,http://www.wikidata.org/entity/Q27530,Mercedes-Benz Group,Германия,,,,,,,,
http://www.wikidata.org/entity/Q90145158,Smart 453 Fortwo ED 4/EQ,http://www.wikidata.org/entity/Q3231690,модель автомобиля,http://www.wikidata.org/entity/Q27530,Mercedes-Benz Group,Германия,,,,,,,,
http://www.wikidata.org/entity/Q3555338,Smart Crosstown,http://www.wikidata.org/entity/Q3231690,модель автомобиля,http://www.wikidata.org/entity/Q27530,Mercedes-Benz Group,Германия,,,,,,,,http://commons.wikimedia.org/wiki/Special:FilePath/IAA2005-smart-crosstown-frontohne.jpg
http://www.wikidata.org/entity/Q3321341,Smart electric drive,http://www.wikidata.org/entity/Q3231690,модель автомобиля,http://www.wikidata.org/entity/Q27530,Mercedes-Benz Group,Германия,,,,,,,,http://commons.wikimedia.org/wiki/Special:FilePath/Car2Go%20Amsterdam%20Smart%20ED%20cropped.JPG
http://www.wikidata.org/entity/Q137735601,Unimog 427,http://www.wikidata.org/entity/Q3231690,модель автомобиля,http://www.wikidata.org/entity/Q27530,Mercedes-Benz Group,Германия,,Mercedes-Benz U 424,,,,,,http://commons.wikimedia.org/wiki/Special:FilePath/Balje%202019%20-3.%20Treckertreffen-%20by-RaBoe%20282.jpg
http://www.wikidata.org/entity/Q137735601,Unimog 427,http://www.wikidata.org/entity/Q3231690,модель автомобиля,http://www.wikidata.org/entity/Q27530,Mercedes-Benz Group,Германия,,Unimog 425,,,,,,http://commons.wikimedia.org/wiki/Special:FilePath/Balje%202019%20-3.%20Treckertreffen-%20by-RaBoe%20282.jpg
http://www.wikidata.org/entity/Q15977233,Jeep Grand Cherokee (WJ),http://www.wikidata.org/entity/Q3231690,модель автомобиля,http://www.wikidata.org/entity/Q27530,Mercedes-Benz Group,Германия,,Jeep Grand Cherokee (ZJ),Jeep Grand Cherokee (WK),,,,,http://commons.wikimedia.org/wiki/Special:FilePath/Jeep%20Grand%20Cherokee%20WJ%2034h.jpg
http://www.wikidata.org/entity/Q15977237,Jeep Grand Cherokee (WK),http://www.wikidata.org/entity/Q3231690,модель автомобиля,http://www.wikidata.org/entity/Q27530,Mercedes-Benz Group,Германия,,Jeep Grand Cherokee (WJ),,,,,,http://commons.wikimedia.org/wiki/Special:FilePath/3rd-Jeep-Grand-Cherokee.jpg
http://www.wikidata.org/entity/Q4041821,Jeep Hurricane,http://www.wikidata.org/entity/Q3231690,модель автомобиля,http://www.wikidata.org/entity/Q27530,Mercedes-Benz Group,Германия,,,,,,,,http://commons.wikimedia.org/wiki/Special:FilePath/JeepHurricane1.JPG
http://www.wikidata.org/entity/Q15977235,Jeep Liberty (KJ),http://www.wikidata.org/entity/Q3231690,модель автомобиля,http://www.wikidata.org/entity/Q27530,Mercedes-Benz Group,Германия,,Jeep Cherokee (XJ),Jeep Liberty (KK),,,,,http://commons.wikimedia.org/wiki/Special:FilePath/2005-2007%20Jeep%20Liberty%20--%2008-16-2010.jpg
http://www.wikidata.org/entity/Q1073673,Maybach 62,http://www.wikidata.org/entity/Q3231690,модель автомобиля,http://www.wikidata.org/entity/Q27530,Mercedes-Benz Group,Германия,,Mercedes-Benz W100,Mercedes-Benz S-Класс,,1980,1557,,http://commons.wikimedia.org/wiki/Special:FilePath/Mercedes%20Maybach%2057%20and%2062.jpg
http://www.wikidata.org/entity/Q1155877,Mercedes 24/100/140 PS,http://www.wikidata.org/entity/Q3231690,модель автомобиля,http://www.wikidata.org/entity/Q27530,Mercedes-Benz Group,Германия,,,Mercedes-Benz S,,,,,http://commons.wikimedia.org/wiki/Special:FilePath/Mercedes-Benz%20630K%2C%201927%20-%20Flickr%20-%20granada%20turnier.jpg
http://www.wikidata.org/entity/Q730425,Mercedes 35 PS,http://www.wikidata.org/entity/Q3231690,модель автомобиля,http://www.wikidata.org/entity/Q27530,Mercedes-Benz Group,Германия,,,Mercedes Simplex,,,,,http://commons.wikimedia.org/wiki/Special:FilePath/Mercedes%2035hp%2001.jpg
http://www.wikidata.org/entity/Q474115,Mercedes Simplex,http://www.wikidata.org/entity/Q3231690,модель автомобиля,http://www.wikidata.org/entity/Q27530,Mercedes-Benz Group,Германия,,Mercedes 35 PS,,,,,,http://commons.wikimedia.org/wiki/Special:FilePath/Mercedessimplex1.jpg
http://www.wikidata.org/entity/Q10581750,Mercedes-Benz 170S,http://www.wikidata.org/entity/Q3231690,модель автомобиля,http://www.wikidata.org/entity/Q27530,Mercedes-Benz Group,Германия,,Mercedes-Benz W136,,,,,,http://commons.wikimedia.org/wiki/Special:FilePath/Mercedes-Benz%20170%20S%20%281949-51%29%20Classic-Gala%202021%201X7A0295.jpg
http://www.wikidata.org/entity/Q1511468,Mercedes-Benz 190SL,http://www.wikidata.org/entity/Q3231690,модель автомобиля,http://www.wikidata.org/entity/Q27530,Mercedes-Benz Group,Германия,,,Mercedes-Benz 230 SL,4290,1740,1560,,http://commons.wikimedia.org/wiki/Special:FilePath/.00%201514%20Mercedes-Benz%20190%20SL%20Cabriolet%20two-seater%20%28vintage%29.jpg
http://www.wikidata.org/entity/Q1511468,Mercedes-Benz 190SL,http://www.wikidata.org/entity/Q3231690,модель автомобиля,http://www.wikidata.org/entity/Q27530,Mercedes-Benz Group,Германия,,,Mercedes-Benz 230 SL,4290,1740,1560,,http://commons.wikimedia.org/wiki/Special:FilePath/Mercedes-Benz%20190%20SL%20%28W121%20BII%29.jpg
http://www.wikidata.org/entity/Q143134,Mercedes-Benz 300,http://www.wikidata.org/entity/Q3231690,модель автомобиля,http://www.wikidata.org/entity/Q27530,Mercedes-Benz Group,Германия,,Mercedes-Benz W07,Mercedes-Benz W112,,1840,,,http://commons.wikimedia.org/wiki/Special:FilePath/Mercedes%20Benz%20300%20Limousine%20front%2020110611.jpg
http://www.wikidata.org/entity/Q2303469,Mercedes-Benz 300 SLR,http://www.wikidata.org/entity/Q3231690,модель автомобиля,http://www.wikidata.org/entity/Q27530,Mercedes-Benz Group,Германия,,,Mercedes-Benz SLR McLaren,,,,,http://commons.wikimedia.org/wiki/Special:FilePath/Mercedes-Benz%20300%20SLR%201955.jpg
http://www.wikidata.org/entity/Q3089028,Mercedes-Benz 300SEL 6.3,http://www.wikidata.org/entity/Q3231690,модель автомобиля,http://www.wikidata.org/entity/Q27530,Mercedes-Benz Group,Германия,,,Mercedes-Benz 450SEL 6.9,5000,1810,1410,1740,http://commons.wikimedia.org/wiki/Special:FilePath/Mercedes-Benz%20W109%20fl.jpg
http://www.wikidata.org/entity/Q682741,Mercedes-Benz 450SEL 6.9,http://www.wikidata.org/entity/Q3231690,модель автомобиля,http://www.wikidata.org/entity/Q27530,Mercedes-Benz Group,Германия,,Mercedes-Benz 300SEL 6.3,Mercedes-Benz W126,5060,1870,1410,1935,http://commons.wikimedia.org/wiki/Special:FilePath/450SELI%200411.jpg
http://www.wikidata.org/entity/Q3042099,Mercedes-Benz 540K,http://www.wikidata.org/entity/Q3231690,модель автомобиля,http://www.wikidata.org/entity/Q27530,Mercedes-Benz Group,Германия,,Mercedes-Benz 500K,,,,,,http://commons.wikimedia.org/wiki/Special:FilePath/Mercedes%20540K%20side%2020020707.jpg
http://www.wikidata.org/entity/Q17221157,Mercedes-Benz AMG Vision Gran Turismo,http://www.wikidata.org/entity/Q3231690,модель автомобиля,http://www.wikidata.org/entity/Q27530,Mercedes-Benz Group,Германия,,,,,,,,http://commons.wikimedia.org/wiki/Special:FilePath/Mercedes-Benz%20AMG%20Vision%20Gran%20Turismo%20DSC%208431.jpg
http://www.wikidata.org/entity/Q885590,Mercedes-Benz BlueZERO,http://www.wikidata.org/entity/Q3231690,модель автомобиля,http://www.wikidata.org/entity/Q27530,Mercedes-Benz Group,Германия,,,,,,,,http://commons.wikimedia.org/wiki/Special:FilePath/Mercedes-Benz%20BlueZero%20E-Cell.JPG
http://www.wikidata.org/entity/Q1877582,Mercedes-Benz C111,http://www.wikidata.org/entity/Q3231690,модель автомобиля,http://www.wikidata.org/entity/Q27530,Mercedes-Benz Group,Германия,,,,4440,1800,1120,1240,http://commons.wikimedia.org/wiki/Special:FilePath/MercedesC111-050529%20P1020035.JPG
http://www.wikidata.org/entity/Q1424917,Mercedes-Benz C112,http://www.wikidata.org/entity/Q3231690,модель автомобиля,http://www.wikidata.org/entity/Q27530,Mercedes-Benz Group,Германия,,,,,,,,http://commons.wikimedia.org/wiki/Special:FilePath/Mercedes-Benz%20C112%201991%20frontleft%202010-04-08%20A.jpg
http://www.wikidata.org/entity/Q15427300,Mercedes-Benz C207,http://www.wikidata.org/entity/Q3231690,модель автомобиля,http://www.wikidata.org/entity/Q27530,Mercedes-Benz Group,Германия,,Mercedes-Benz CLK-класс,Мерседес-Бенц W238,,1786,,,http://commons.wikimedia.org/wiki/Special:FilePath/Mercedes-Benz%20C207%20E%20350%20CDI%20Iridiumsilber.JPG
http://www.wikidata.org/entity/Q1890875,Mercedes-Benz C215,http://www.wikidata.org/entity/Q3231690,модель автомобиля,http://www.wikidata.org/entity/Q27530,Mercedes-Benz Group,Германия,,Mercedes-Benz W140,Mercedes-Benz C216,4993,1857,1398,,http://commons.wikimedia.org/wiki/Special:FilePath/Mercedes-Benz%20CL-Class%20--%2001-07-2012.jpg
http://www.wikidata.org/entity/Q1921211,Mercedes-Benz C216,http://www.wikidata.org/entity/Q3231690,модель автомобиля,http://www.wikidata.org/entity/Q27530,Mercedes-Benz Group,Германия,,Mercedes-Benz C215,Mercedes-Benz C217,5065,1871,1419,,http://commons.wikimedia.org/wiki/Special:FilePath/Mercedes-Benz%20CL%20500%20Sport-Paket%20AMG%20%28C%20216%29%20%E2%80%93%20Frontansicht%2C%202.%20April%202011%2C%20D%C3%BCsseldorf.jpg
http://www.wikidata.org/entity/Q15730629,Mercedes-Benz C217,http://www.wikidata.org/entity/Q3231690,модель автомобиля,http://www.wikidata.org/entity/Q27530,Mercedes-Benz Group,Германия,,Mercedes-Benz C216,,,,,,http://commons.wikimedia.org/wiki/Special:FilePath/Mercedes%20S-Class%20Coup%C3%A9%20C217%20Mondial%20de%20l%27Automobile%202014-10-14.jpg
http://www.wikidata.org/entity/Q1857128,Mercedes-Benz C218,http://www.wikidata.org/entity/Q3231690,модель автомобиля,http://www.wikidata.org/entity/Q27530,Mercedes-Benz Group,Германия,,Mercedes-Benz C219,Mercedes-Benz C257,,1881,,,http://commons.wikimedia.org/wiki/Special:FilePath/Mercedes-Benz%20CLS%20350%20BlueEFFICIENCY%20Edition%201%20%28C%20218%29%20%E2%80%93%20Frontansicht%20%282%29%2C%2016.%20April%202011%2C%20D%C3%BCsseldorf.jpg
http://www.wikidata.org/entity/Q1921215,Mercedes-Benz C219,http://www.wikidata.org/entity/Q3231690,модель автомобиля,http://www.wikidata.org/entity/Q27530,Mercedes-Benz Group,Германия,,,Mercedes-Benz C218,4910,1873,1390,,http://commons.wikimedia.org/wiki/Special:FilePath/Mercedes%20CLS%20%28C219%29%20front%2020100425.jpg
http://www.wikidata.org/entity/Q44268046,Mercedes-Benz C257,http://www.wikidata.org/entity/Q3231690,модель автомобиля,http://www.wikidata.org/entity/Q27530,Mercedes-Benz Group,Германия,,Mercedes-Benz C218,,4988,1890,1435,,http://commons.wikimedia.org/wiki/Special:FilePath/Mercedes-Benz%20C257%20at%20IAA%202019%20IMG%200391.jpg
http://www.wikidata.org/entity/Q621117,Mercedes-Benz CLC-класс,http://www.wikidata.org/entity/Q3231690,модель автомобиля,http://www.wikidata.org/entity/Q27530,Mercedes-Benz Group,Германия,,,,,,,,http://commons.wikimedia.org/wiki/Special:FilePath/Mercedes%20CLC220CDI%20front.JPG
http://www.wikidata.org/entity/Q402409,Mercedes-Benz Citan,http://www.wikidata.org/entity/Q3231690,модель автомобиля,http://www.wikidata.org/entity/Q27530,Mercedes-Benz Group,Германия,,Mercedes-Benz Vaneo,,,1829,,,http://commons.wikimedia.org/wiki/Special:FilePath/2016%20Mercedes-Benz%20Citan%20109%20CDi%20BlueEFFICIENCY%201.5.jpg
http://www.wikidata.org/entity/Q56367800,Mercedes-Benz EQA,http://www.wikidata.org/entity/Q3231690,модель автомобиля,http://www.wikidata.org/entity/Q27530,Mercedes-Benz Group,Германия,,,,4463,1834,1620,2040,http://commons.wikimedia.org/wiki/Special:FilePath/Mercedes-Benz%20H243%201X7A0089.jpg
http://www.wikidata.org/entity/Q86671945,Mercedes-Benz EQB,http://www.wikidata.org/entity/Q3231690,модель автомобиля,http://www.wikidata.org/entity/Q27530,Mercedes-Benz Group,Германия,,,,4684,1834,1667,,http://commons.wikimedia.org/wiki/Special:FilePath/MERCEDES-EQ%20EQB%20China.jpg
http://www.wikidata.org/entity/Q56319401,Mercedes-Benz EQC,http://www.wikidata.org/entity/Q3231690,модель автомобиля,http://www.wikidata.org/entity/Q27530,Mercedes-Benz Group,Германия,,,,4761,1884,1624,2425,http://commons.wikimedia.org/wiki/Special:FilePath/Mercedes-Benz%20EQC%20400%2C%20GIMS%202019%2C%20Le%20Grand-Saconnex%20%28GIMS1262%29.jpg
http://www.wikidata.org/entity/Q97120015,Mercedes-Benz EQE,http://www.wikidata.org/entity/Q3231690,модель автомобиля,http://www.wikidata.org/entity/Q27530,Mercedes-Benz Group,Германия,,,,4946,1906,1512,,http://commons.wikimedia.org/wiki/Special:FilePath/Mercedes-Benz%20V295%20350%2B%201X7A0313.jpg
http://www.wikidata.org/entity/Q97120016,Mercedes-Benz EQS,http://www.wikidata.org/entity/Q3231690,модель автомобиля,http://www.wikidata.org/entity/Q27530,Mercedes-Benz Group,Германия,,,,5216,1926,1512,,http://commons.wikimedia.org/wiki/Special:FilePath/Mercedes-Benz%20V297%201X7A0393.jpg
http://www.wikidata.org/entity/Q111666705,Mercedes-Benz EQS SUV,http://www.wikidata.org/entity/Q3231690,модель автомобиля,http://www.wikidata.org/entity/Q27530,Mercedes-Benz Group,Германия,,,,5125,1959,1718,,http://commons.wikimedia.org/wiki/Special:FilePath/Mercedes-Benz%20X296%20450%2B%201X7A6277.jpg
http://www.wikidata.org/entity/Q63036057,Mercedes-Benz EQV,http://www.wikidata.org/entity/Q3231690,модель автомобиля,http://www.wikidata.org/entity/Q27530,Mercedes-Benz Group,Германия,,,,,,,,http://commons.wikimedia.org/wiki/Special:FilePath/Mercedes-Benz%20EQV%20300%20IMG%204871.jpg
http://www.wikidata.org/entity/Q478188,Mercedes-Benz F-Cell,http://www.wikidata.org/entity/Q3231690,модель автомобиля,http://www.wikidata.org/entity/Q27530,Mercedes-Benz Group,Германия,,Mercedes-Benz Necar 5,,3840,1764,1593,1500,http://commons.wikimedia.org/wiki/Special:FilePath/Mercedes-Benz%20F-Cell%20WAS%202011%201048.JPG
http://www.wikidata.org/entity/Q6818110,Mercedes-Benz F-Cell Roadster,http://www.wikidata.org/entity/Q3231690,модель автомобиля,http://www.wikidata.org/entity/Q27530,Mercedes-Benz Group,Германия,,,,,,,,http://commons.wikimedia.org/wiki/Special:FilePath/Mercedes-Benz%20F-Cell%20Roadster.jpg
http://www.wikidata.org/entity/Q4044002,Mercedes-Benz F200 Imagination,http://www.wikidata.org/entity/Q3231690,модель автомобиля,http://www.wikidata.org/entity/Q27530,Mercedes-Benz Group,Германия,,,,,,,,http://commons.wikimedia.org/wiki/Special:FilePath/MHV%20MB%20F200%20Imagination%2001.jpg
http://www.wikidata.org/entity/Q3306279,Mercedes-Benz F400 Carving,http://www.wikidata.org/entity/Q3231690,модель автомобиля,http://www.wikidata.org/entity/Q27530,Mercedes-Benz Group,Германия,,,,3979,,,,http://commons.wikimedia.org/wiki/Special:FilePath/Mercedes-Benz%20F400%20amk2.jpg
http://www.wikidata.org/entity/Q4044001,Mercedes-Benz F500 Mind,http://www.wikidata.org/entity/Q3231690,модель автомобиля,http://www.wikidata.org/entity/Q27530,Mercedes-Benz Group,Германия,,,,,,,,http://commons.wikimedia.org/wiki/Special:FilePath/MHV%20MB%20F500%20Mind%2001.jpg
http://www.wikidata.org/entity/Q1639428,Mercedes-Benz F700,http://www.wikidata.org/entity/Q3231690,модель автомобиля,http://www.wikidata.org/entity/Q27530,Mercedes-Benz Group,Германия,,,,,,,,http://commons.wikimedia.org/wiki/Special:FilePath/Mercedes-Benz%20F700%20amk.jpg
http://www.wikidata.org/entity/Q1131245,Mercedes-Benz F800 Style,http://www.wikidata.org/entity/Q3231690,модель автомобиля,http://www.wikidata.org/entity/Q27530,Mercedes-Benz Group,Германия,,,,,,,,http://commons.wikimedia.org/wiki/Special:FilePath/Mercedes-Benz%20F800%20Style.jpg
http://www.wikidata.org/entity/Q558488,Mercedes-Benz G4,http://www.wikidata.org/entity/Q3231690,модель автомобиля,http://www.wikidata.org/entity/Q27530,Mercedes-Benz Group,Германия,,,,,1870,1900,3550,http://commons.wikimedia.org/wiki/Special:FilePath/Mercedes%20Benz%20G4%201938.jpg
http://www.wikidata.org/entity/Q1343719,Mercedes-Benz GL-Класс,http://www.wikidata.org/entity/Q3231690,модель автомобиля,http://www.wikidata.org/entity/Q27530,Mercedes-Benz Group,Германия,,,,5130,,1850,,http://commons.wikimedia.org/wiki/Special:FilePath/Mercedes-Benz%20GL%20350%20BlueTEC%204MATIC%20%28X%20166%29%20%E2%80%93%20Frontansicht%2C%2025.%20Mai%202013%2C%20Hilden.jpg
http://www.wikidata.org/entity/Q1343719,Mercedes-Benz GL-Класс,http://www.wikidata.org/entity/Q3231690,модель автомобиля,http://www.wikidata.org/entity/Q27530,Mercedes-Benz Group,Германия,,,,5130,,1850,,http://commons.wikimedia.org/wiki/Special:FilePath/Mercedes-Benz%20GL%20350%20BlueTEC%204MATIC%20Sport-Paket%20AMG%20%28X%20166%29%20%E2%80%93%20Frontansicht%2C%2031.%20Dezember%202012%2C%20D%C3%BCsseldorf.jpg
http://www.wikidata.org/entity/Q1128405,Mercedes-Benz GL-класс,http://www.wikidata.org/entity/Q3231690,модель автомобиля,http://www.wikidata.org/entity/Q27530,Mercedes-Benz Group,Германия,,,,,,,,http://commons.wikimedia.org/wiki/Special:FilePath/Mercedes-Maybach%20GLS600%20%28Facelift%29%20IMG%200302%20%28cropped%29.jpg
http://www.wikidata.org/entity/Q11338233,Mercedes-Benz GLA,http://www.wikidata.org/entity/Q3231690,модель автомобиля,http://www.wikidata.org/entity/Q27530,Mercedes-Benz Group,Германия,,,,,,,,http://commons.wikimedia.org/wiki/Special:FilePath/Mercedes-Benz%20GLA%20180%20Edition%20AMG%20Line%20%28H%20247%2C%20Facelift%29%20%E2%80%93%20f%2012102024.jpg
http://www.wikidata.org/entity/Q12071648,Mercedes-Benz GLE Coupe,http://www.wikidata.org/entity/Q3231690,модель автомобиля,http://www.wikidata.org/entity/Q27530,Mercedes-Benz Group,Германия,,,,,2003,,,http://commons.wikimedia.org/wiki/Special:FilePath/Mercedes%20GLE%20Coupe%20%2820811758863%29.jpg
http://www.wikidata.org/entity/Q24056154,Mercedes-Benz GLE-класс,http://www.wikidata.org/entity/Q3231690,модель автомобиля,http://www.wikidata.org/entity/Q27530,Mercedes-Benz Group,Германия,,,,,,,,http://commons.wikimedia.org/wiki/Special:FilePath/Mercedes-Benz%20GLE%20AMG%20Line%20%28V%20167%2C%20Facelift%29%20%E2%80%93%20f%2014042024.jpg
http://www.wikidata.org/entity/Q667377,Mercedes-Benz GLK-класс,http://www.wikidata.org/entity/Q3231690,модель автомобиля,http://www.wikidata.org/entity/Q27530,Mercedes-Benz Group,Германия,,,Mercedes-Benz GLC-класс,,1840,,,http://commons.wikimedia.org/wiki/Special:FilePath/Mercedes-Benz%20GLK%20350%204matic%20X204%20from%202008%20frontleft%202008-07-18%20U.jpg
http://www.wikidata.org/entity/Q667377,Mercedes-Benz GLK-класс,http://www.wikidata.org/entity/Q3231690,модель автомобиля,http://www.wikidata.org/entity/Q27530,Mercedes-Benz Group,Германия,,,Mercedes-Benz X253,,1840,,,http://commons.wikimedia.org/wiki/Special:FilePath/Mercedes-Benz%20GLK%20350%204matic%20X204%20from%202008%20frontleft%202008-07-18%20U.jpg
http://www.wikidata.org/entity/Q63248671,Mercedes-Benz GLS-Класс (X167),http://www.wikidata.org/entity/Q3231690,модель автомобиля,http://www.wikidata.org/entity/Q27530,Mercedes-Benz Group,Германия,,,,,,,,http://commons.wikimedia.org/wiki/Special:FilePath/2023%20Mercedes-Benz%20X167%20DSC%208964.jpg
http://www.wikidata.org/entity/Q1584952,Mercedes-Benz L206,http://www.wikidata.org/entity/Q3231690,модель автомобиля,http://www.wikidata.org/entity/Q27530,Mercedes-Benz Group,Германия,,,,,,,,http://commons.wikimedia.org/wiki/Special:FilePath/Harburger%20v%20sst.jpg
http://www.wikidata.org/entity/Q849935,Mercedes-Benz M-класс,http://www.wikidata.org/entity/Q3231690,модель автомобиля,http://www.wikidata.org/entity/Q27530,Mercedes-Benz Group,Германия,,Mercedes-Benz E-класс,Mercedes-Benz R-класс,,,,,http://commons.wikimedia.org/wiki/Special:FilePath/MERCEDES-BENZ%20ML%20%28W166%29%20China%20%286%29.jpg
http://www.wikidata.org/entity/Q545603,Mercedes-Benz MB100,http://www.wikidata.org/entity/Q3231690,модель автомобиля,http://www.wikidata.org/entity/Q27530,Mercedes-Benz Group,Германия,,,Mercedes Benz Vito,,1845,2000,,http://commons.wikimedia.org/wiki/Special:FilePath/Mercedes-Benz%20MB100%20front%2020080704.jpg
http://www.wikidata.org/entity/Q4044008,Mercedes-Benz Ocean Drive,http://www.wikidata.org/entity/Q3231690,модель автомобиля,http://www.wikidata.org/entity/Q27530,Mercedes-Benz Group,Германия,,,,,,,,http://commons.wikimedia.org/wiki/Special:FilePath/Mercedes-Benz%20Ocean%20Drive%20vl%20TCE.jpg
http://www.wikidata.org/entity/Q1547602,Mercedes-Benz R107/C107,http://www.wikidata.org/entity/Q3231690,модель автомобиля,http://www.wikidata.org/entity/Q27530,Mercedes-Benz Group,Германия,,,,,1790,,,http://commons.wikimedia.org/wiki/Special:FilePath/Mercedes-Benz%20450SL%201973%20Hardtop.gif
http://www.wikidata.org/entity/Q1745178,Mercedes-Benz R170,http://www.wikidata.org/entity/Q3231690,модель автомобиля,http://www.wikidata.org/entity/Q27530,Mercedes-Benz Group,Германия,,,,,1715,,,http://commons.wikimedia.org/wiki/Special:FilePath/Mercedes-Benz%20R170%20DSC%208986.jpg
http://www.wikidata.org/entity/Q1921311,Mercedes-Benz R171,http://www.wikidata.org/entity/Q3231690,модель автомобиля,http://www.wikidata.org/entity/Q27530,Mercedes-Benz Group,Германия,,,,,1788,,,http://commons.wikimedia.org/wiki/Special:FilePath/Mercedes-Benz%20R171%20DSC%200712.jpg
http://www.wikidata.org/entity/Q1921310,Mercedes-Benz R172,http://www.wikidata.org/entity/Q3231690,модель автомобиля,http://www.wikidata.org/entity/Q27530,Mercedes-Benz Group,Германия,,,,,,,,http://commons.wikimedia.org/wiki/Special:FilePath/Mercedes-Benz%20SLK%20200%20BlueEFFICIENCY%20Sport-Paket%20AMG%20%28R%20172%29%20%E2%80%93%20Frontansicht%2C%201.%20April%202011%2C%20Velbert.jpg
http://www.wikidata.org/entity/Q993698,Mercedes-Benz R231,http://www.wikidata.org/entity/Q3231690,модель автомобиля,http://www.wikidata.org/entity/Q27530,Mercedes-Benz Group,Германия,,,,,1877,,,http://commons.wikimedia.org/wiki/Special:FilePath/2013%20Mercedes-Benz%20SL%20550%20vf.jpg
http://www.wikidata.org/entity/Q4044007,Mercedes-Benz Renntransporter,http://www.wikidata.org/entity/Q3231690,модель автомобиля,http://www.wikidata.org/entity/Q27530,Mercedes-Benz Group,Германия,,,,,,,,http://commons.wikimedia.org/wiki/Special:FilePath/Mercedes-Benz%20300SLR%201955%20Rennsportwagen%20with%20Rennwagen%20Schnelltransprter%201955%20Blue%20Wonder%20LSideFront%20MBMuse%209June2013%20%2814797015948%29.jpg
http://www.wikidata.org/entity/Q4044007,Mercedes-Benz Renntransporter,http://www.wikidata.org/entity/Q3231690,модель автомобиля,http://www.wikidata.org/entity/Q27530,Mercedes-Benz Group,Германия,,,,,,,,http://commons.wikimedia.org/wiki/Special:FilePath/Mercedes-Benz%20Rennwagen-Schnelltransporter%20IMG%200871.jpg
http://www.wikidata.org/entity/Q1921357,Mercedes-Benz S,http://www.wikidata.org/entity/Q3231690,модель автомобиля,http://www.wikidata.org/entity/Q27530,Mercedes-Benz Group,Германия,,Mercedes 24/100/140 PS,Mercedes-Benz W29,4775,1700,,,http://commons.wikimedia.org/wiki/Special:FilePath/MB%2027-170-225hp%20SSK-Type%201928.jpg
http://www.wikidata.org/entity/Q1921357,Mercedes-Benz S,http://www.wikidata.org/entity/Q3231690,модель автомобиля,http://www.wikidata.org/entity/Q27530,Mercedes-Benz Group,Германия,,Mercedes 24/100/140 PS,Mercedes-Benz W29,4775,1700,,,http://commons.wikimedia.org/wiki/Special:FilePath/Sskretroav.jpg
http://www.wikidata.org/entity/Q13222076,Mercedes-Benz S-Класс,http://www.wikidata.org/entity/Q3231690,модель автомобиля,http://www.wikidata.org/entity/Q27530,Mercedes-Benz Group,Германия,,,,,,,,http://commons.wikimedia.org/wiki/Special:FilePath/2014%20Mercedes-Benz%20S%20350%20BlueTEC%20%28W%20222%29%20sedan%20%282016-01-04%29%2001.jpg
http://www.wikidata.org/entity/Q3854879,Mercedes-Benz SLC-класс,http://www.wikidata.org/entity/Q3231690,модель автомобиля,http://www.wikidata.org/entity/Q27530,Mercedes-Benz Group,Германия,,Mercedes-Benz W111,,4750,,,,http://commons.wikimedia.org/wiki/Special:FilePath/Mercedes-Benz%20SLC%20300%20%28MSP16%29.jpg
http://www.wikidata.org/entity/Q207624,Mercedes-Benz SLR McLaren,http://www.wikidata.org/entity/Q3231690,модель автомобиля,http://www.wikidata.org/entity/Q27530,Mercedes-Benz Group,Германия,,Mercedes-Benz 300 SLR,Mercedes-Benz SLS AMG,4656,1908,1261,1768,http://commons.wikimedia.org/wiki/Special:FilePath/Mercedes-Benz%20SLR%20McLaren%202.jpg
http://www.wikidata.org/entity/Q110291946,Mercedes-Benz Sprinter (2006–2013),http://www.wikidata.org/entity/Q3231690,модель автомобиля,http://www.wikidata.org/entity/Q27530,Mercedes-Benz Group,Германия,,,,,,,,http://commons.wikimedia.org/wiki/Special:FilePath/2012%20Mercedes-Benz%20Sprinter%20%28W%20906%20MY12%29%20313%20CDI%20van%20%282018-11-22%29%2001.jpg
http://www.wikidata.org/entity/Q1921335,Mercedes-Benz T80,http://www.wikidata.org/entity/Q3231690,модель автомобиля,http://www.wikidata.org/entity/Q27530,Mercedes-Benz Group,Германия,,,,8128,,1245,2896,http://commons.wikimedia.org/wiki/Special:FilePath/MHV%20MB%20T80%20World%20Record%20Car%201939.jpg
http://www.wikidata.org/entity/Q16320346,Mercedes-Benz V-класс,http://www.wikidata.org/entity/Q3231690,модель автомобиля,http://www.wikidata.org/entity/Q27530,Mercedes-Benz Group,Германия,,Mercedes-Benz R-класс,Mercedes-Benz S-класс,,,,,http://commons.wikimedia.org/wiki/Special:FilePath/Mercedes-Benz%20V%20250%20BlueTEC%20Edition%201%20Lang%20%28V%20447%29%20%E2%80%93%20Frontansicht%2C%2018.%20Oktober%202015%2C%20Ratingen.jpg
http://www.wikidata.org/entity/Q1273407,Mercedes-Benz Vaneo,http://www.wikidata.org/entity/Q3231690,модель автомобиля,http://www.wikidata.org/entity/Q27530,Mercedes-Benz Group,Германия,,,Mercedes-Benz Citan,4192,1742,1830,,http://commons.wikimedia.org/wiki/Special:FilePath/Mercedes%20Vaneo%20front%2020071009.jpg
http://www.wikidata.org/entity/Q1273407,Mercedes-Benz Vaneo,http://www.wikidata.org/entity/Q3231690,модель автомобиля,http://www.wikidata.org/entity/Q27530,Mercedes-Benz Group,Германия,,,Mercedes-Benz W415,4192,1742,1830,,http://commons.wikimedia.org/wiki/Special:FilePath/Mercedes%20Vaneo%20front%2020071009.jpg
http://www.wikidata.org/entity/Q18815986,Mercedes-Benz Vision CLS,http://www.wikidata.org/entity/Q3231690,модель автомобиля,http://www.wikidata.org/entity/Q27530,Mercedes-Benz Group,Германия,,,,,,,,http://commons.wikimedia.org/wiki/Special:FilePath/MercedesBenzVisionCLS%201.jpg
http://www.wikidata.org/entity/Q17117426,Mercedes-Benz Vision SLA,http://www.wikidata.org/entity/Q3231690,модель автомобиля,http://www.wikidata.org/entity/Q27530,Mercedes-Benz Group,Германия,,,,,,,,http://commons.wikimedia.org/wiki/Special:FilePath/Vision%20SLA.jpg
http://www.wikidata.org/entity/Q1145837,Mercedes-Benz W 639,http://www.wikidata.org/entity/Q3231690,модель автомобиля,http://www.wikidata.org/entity/Q27530,Mercedes-Benz Group,Германия,,Mercedes-Benz W638,Mercedes-Benz W447,,1901,,,http://commons.wikimedia.org/wiki/Special:FilePath/Mercedes%20vito%202%20v%20sst.jpg
http://www.wikidata.org/entity/Q1427838,Mercedes-Benz W100,http://www.wikidata.org/entity/Q3231690,модель автомобиля,http://www.wikidata.org/entity/Q27530,Mercedes-Benz Group,Германия,,Mercedes-Benz 300,,,1950,1485,,http://commons.wikimedia.org/wiki/Special:FilePath/MB-600-SWB.JPG
http://www.wikidata.org/entity/Q971157,Mercedes-Benz W108,http://www.wikidata.org/entity/Q3231690,модель автомобиля,http://www.wikidata.org/entity/Q27530,Mercedes-Benz Group,Германия,,Mercedes-Benz W112,Mercedes-Benz W109,4900,1810,1440,,http://commons.wikimedia.org/wiki/Special:FilePath/Mercedes-Benz%20280%20SE.jpg
http://www.wikidata.org/entity/Q971157,Mercedes-Benz W108,http://www.wikidata.org/entity/Q3231690,модель автомобиля,http://www.wikidata.org/entity/Q27530,Mercedes-Benz Group,Германия,,Mercedes-Benz W111,Mercedes-Benz W109,4900,1810,1440,,http://commons.wikimedia.org/wiki/Special:FilePath/Mercedes-Benz%20280%20SE.jpg
http://www.wikidata.org/entity/Q642412,Mercedes-Benz W116,http://www.wikidata.org/entity/Q3231690,модель автомобиля,http://www.wikidata.org/entity/Q27530,Mercedes-Benz Group,Германия,,Mercedes-Benz W109,,5090,1870,1420,,http://commons.wikimedia.org/wiki/Special:FilePath/Mercedes-Benz%20W116%201975%20Left%20Side%20View.jpg
http://www.wikidata.org/entity/Q564798,Mercedes-Benz W120,http://www.wikidata.org/entity/Q3231690,модель автомобиля,http://www.wikidata.org/entity/Q27530,Mercedes-Benz Group,Германия,,Mercedes-Benz W136,Mercedes-Benz W121,4485,1740,1560,,http://commons.wikimedia.org/wiki/Special:FilePath/Mercedes%20180%202%20v%20sst.jpg
http://www.wikidata.org/entity/Q844176,Mercedes-Benz W123,http://www.wikidata.org/entity/Q3231690,модель автомобиля,http://www.wikidata.org/entity/Q27530,Mercedes-Benz Group,Германия,,Mercedes-Benz W114/W115,Mercedes-Benz W124,4997.5,1786,1435,1625,http://commons.wikimedia.org/wiki/Special:FilePath/123%20280E%200477110307%20%2814wik%29.JPG
http://www.wikidata.org/entity/Q3066488,Mercedes-Benz W125 Rekordwagen,http://www.wikidata.org/entity/Q3231690,модель автомобиля,http://www.wikidata.org/entity/Q27530,Mercedes-Benz Group,Германия,,,,,,,,http://commons.wikimedia.org/wiki/Special:FilePath/Mercedes-Benz%20W125%20Rekordwagen%20front-left%20Mercedes-Benz%20Museum.jpg
http://www.wikidata.org/entity/Q1057104,Mercedes-Benz W140,http://www.wikidata.org/entity/Q3231690,модель автомобиля,http://www.wikidata.org/entity/Q27530,Mercedes-Benz Group,Германия,,,,,1886,1486,,http://commons.wikimedia.org/wiki/Special:FilePath/1992%20Mercedes-Benz%20300%20SE%20%28W%20140%29%20sedan%20%282010-07-19%29.jpg
http://www.wikidata.org/entity/Q628604,Mercedes-Benz W143,http://www.wikidata.org/entity/Q3231690,модель автомобиля,http://www.wikidata.org/entity/Q27530,Mercedes-Benz Group,Германия,,Mercedes-Benz W21,Mercedes-Benz W153,,,,,http://commons.wikimedia.org/wiki/Special:FilePath/Mercedes-Benz%20W143%201936%2001.jpg
http://www.wikidata.org/entity/Q1755651,Mercedes-Benz W164,http://www.wikidata.org/entity/Q3231690,модель автомобиля,http://www.wikidata.org/entity/Q27530,Mercedes-Benz Group,Германия,,,,4780,1911,1815,,http://commons.wikimedia.org/wiki/Special:FilePath/2007%20Mercedes-Benz%20ML%20320%20CDI%20%28W%20164%20MY08%29%20Luxury%20wagon%20%282010-06-02%29.jpg
http://www.wikidata.org/entity/Q1755651,Mercedes-Benz W164,http://www.wikidata.org/entity/Q3231690,модель автомобиля,http://www.wikidata.org/entity/Q27530,Mercedes-Benz Group,Германия,,,,4780,1911,1815,,http://commons.wikimedia.org/wiki/Special:FilePath/Mercedes-Benz%20W164%20black.JPG
http://www.wikidata.org/entity/Q890287,Mercedes-Benz W187,http://www.wikidata.org/entity/Q3231690,модель автомобиля,http://www.wikidata.org/entity/Q27530,Mercedes-Benz Group,Германия,,Mercedes-Benz W153,Mercedes-Benz W180,4507,1685,1610,1350,http://commons.wikimedia.org/wiki/Special:FilePath/Mercedes-Benz%20W187%20front%2020110611.jpg
http://www.wikidata.org/entity/Q890287,Mercedes-Benz W187,http://www.wikidata.org/entity/Q3231690,модель автомобиля,http://www.wikidata.org/entity/Q27530,Mercedes-Benz Group,Германия,,Mercedes-Benz W153,Mercedes-Benz W105,4507,1685,1610,1350,http://commons.wikimedia.org/wiki/Special:FilePath/Mercedes-Benz%20W187%20front%2020110611.jpg
http://www.wikidata.org/entity/Q691904,Mercedes-Benz W202,http://www.wikidata.org/entity/Q3231690,модель автомобиля,http://www.wikidata.org/entity/Q27530,Mercedes-Benz Group,Германия,,Mercedes-Benz W201,,,,,,http://commons.wikimedia.org/wiki/Special:FilePath/Mercedes-Benz%20W202%20DSC%208987.jpg
http://www.wikidata.org/entity/Q691904,Mercedes-Benz W202,http://www.wikidata.org/entity/Q3231690,модель автомобиля,http://www.wikidata.org/entity/Q27530,Mercedes-Benz Group,Германия,,Mercedes-Benz W201,,,,,,http://commons.wikimedia.org/wiki/Special:FilePath/Mercedes%20W202%20front%2020071228.jpg
http://www.wikidata.org/entity/Q11344082,Mercedes-Benz W203,http://www.wikidata.org/entity/Q3231690,модель автомобиля,http://www.wikidata.org/entity/Q27530,Mercedes-Benz Group,Германия,,,,,1728,,,http://commons.wikimedia.org/wiki/Special:FilePath/Mercedes%20C-Klasse%20%28W203%29%20Elegance%2020090830%20front.JPG
http://www.wikidata.org/entity/Q11344082,Mercedes-Benz W203,http://www.wikidata.org/entity/Q3231690,модель автомобиля,http://www.wikidata.org/entity/Q27530,Mercedes-Benz Group,Германия,,,,,1728,,,http://commons.wikimedia.org/wiki/Special:FilePath/Mercedes%20C240.jpg
http://www.wikidata.org/entity/Q2008468,Mercedes-Benz W204,http://www.wikidata.org/entity/Q3231690,модель автомобиля,http://www.wikidata.org/entity/Q27530,Mercedes-Benz Group,Германия,,,,4591,,,,http://commons.wikimedia.org/wiki/Special:FilePath/%2708%20Mercedes-Benz%20C-Class%20Sedan%20%28Montreal%29.JPG
http://www.wikidata.org/entity/Q15312688,Mercedes-Benz W205,http://www.wikidata.org/entity/Q3231690,модель автомобиля,http://www.wikidata.org/entity/Q27530,Mercedes-Benz Group,Германия,,,,,,,,http://commons.wikimedia.org/wiki/Special:FilePath/Mercedes-Benz%20C%20220%20BlueTEC%20Exclusive%20%28W%20205%29%20%E2%80%93%20Frontansicht%2C%2012.%20Juli%202014%2C%20D%C3%BCsseldorf.jpg
http://www.wikidata.org/entity/Q1921187,Mercedes-Benz W208,http://www.wikidata.org/entity/Q3231690,модель автомобиля,http://www.wikidata.org/entity/Q27530,Mercedes-Benz Group,Германия,,Mercedes-Benz W124,Mercedes-Benz W209,4567,1722,,,http://commons.wikimedia.org/wiki/Special:FilePath/Mercedes%20W208%20front%2020080228.jpg
http://www.wikidata.org/entity/Q969104,Mercedes-Benz W209,http://www.wikidata.org/entity/Q3231690,модель автомобиля,http://www.wikidata.org/entity/Q27530,Mercedes-Benz Group,Германия,,Mercedes-Benz W208,,,1740,,,http://commons.wikimedia.org/wiki/Special:FilePath/Mercedes-Benz%20C209%20%28pre-facelift%29%20DSC%208887.jpg
http://www.wikidata.org/entity/Q628614,Mercedes-Benz W21,http://www.wikidata.org/entity/Q3231690,модель автомобиля,http://www.wikidata.org/entity/Q27530,Mercedes-Benz Group,Германия,,Mercedes-Benz W02,Mercedes-Benz W143,,1630,,,http://commons.wikimedia.org/wiki/Special:FilePath/Mercedes%20200%20w21%201935.JPG
http://www.wikidata.org/entity/Q1755495,Mercedes-Benz W220,http://www.wikidata.org/entity/Q3231690,модель автомобиля,http://www.wikidata.org/entity/Q27530,Mercedes-Benz Group,Германия,,,,,1855,,,http://commons.wikimedia.org/wiki/Special:FilePath/2001%20Mercedes-Benz%20S%20430%20%28W%20220%29%20sedan%20%282010-09-23%29%2001.jpg
http://www.wikidata.org/entity/Q1546410,Mercedes-Benz W221,http://www.wikidata.org/entity/Q3231690,модель автомобиля,http://www.wikidata.org/entity/Q27530,Mercedes-Benz Group,Германия,,,,,1872,1473,,http://commons.wikimedia.org/wiki/Special:FilePath/Mercedes-Benz%20S%20320%20CDI%204MATIC%20L%20%28V%20221%29%20%E2%80%93%20Frontansicht%20%281%29%2C%2030.%20August%202011%2C%20D%C3%BCsseldorf.jpg
http://www.wikidata.org/entity/Q98834076,Mercedes-Benz W223,http://www.wikidata.org/entity/Q3231690,модель автомобиля,http://www.wikidata.org/entity/Q27530,Mercedes-Benz Group,Германия,,,,,,,,http://commons.wikimedia.org/wiki/Special:FilePath/Mercedes-Benz%20V223%20IMG%204947.jpg
http://www.wikidata.org/entity/Q110039905,Mercedes-Benz W415,http://www.wikidata.org/entity/Q3231690,модель автомобиля,http://www.wikidata.org/entity/Q27530,Mercedes-Benz Group,Германия,,Mercedes-Benz Vaneo,,,,,,http://commons.wikimedia.org/wiki/Special:FilePath/Citan.jpg
http://www.wikidata.org/entity/Q110474929,Mercedes-Benz W420,http://www.wikidata.org/entity/Q3231690,модель автомобиля,http://www.wikidata.org/entity/Q27530,Mercedes-Benz Group,Германия,,,,,,,,http://commons.wikimedia.org/wiki/Special:FilePath/Mercedes-Benz%20W420%201X7A0298.jpg
http://www.wikidata.org/entity/Q32361673,Mercedes-Benz W460,http://www.wikidata.org/entity/Q3231690,модель автомобиля,http://www.wikidata.org/entity/Q27530,Mercedes-Benz Group,Германия,,,,,,,,http://commons.wikimedia.org/wiki/Special:FilePath/Mercedes-Benz%20W460%20250%20GD%20IMG%204812.jpg
http://www.wikidata.org/entity/Q32361672,Mercedes-Benz W463,http://www.wikidata.org/entity/Q3231690,модель автомобиля,http://www.wikidata.org/entity/Q27530,Mercedes-Benz Group,Германия,,,,,,,,http://commons.wikimedia.org/wiki/Special:FilePath/Mercedes-Benz%20G%20350d%20Genf%202019%201Y7A5114.jpg
http://www.wikidata.org/entity/Q1756653,Mercedes-Benz W638,http://www.wikidata.org/entity/Q3231690,модель автомобиля,http://www.wikidata.org/entity/Q27530,Mercedes-Benz Group,Германия,,Mercedes-Benz MB100,Mercedes-Benz W 639,4660,1870,1844,,http://commons.wikimedia.org/wiki/Special:FilePath/Mercedes%20Benz%20Vito%20Oslo%20Police%20Van%20-%202007.04.03.jpg
http://www.wikidata.org/entity/Q27689525,Mercedes-Benz X-класс,http://www.wikidata.org/entity/Q3231690,модель автомобиля,http://www.wikidata.org/entity/Q27530,Mercedes-Benz Group,Германия,,Mercedes-Benz S-класс,,5340,1920,1819,,http://commons.wikimedia.org/wiki/Special:FilePath/2018%20Mercedes-Benz%20X250%20Power%20D%204MATIC%20Automatic%202.3%20Front.jpg
http://www.wikidata.org/entity/Q1261428,Mercedes-Benz X164,http://www.wikidata.org/entity/Q3231690,модель автомобиля,http://www.wikidata.org/entity/Q27530,Mercedes-Benz Group,Германия,,,,5088,1920,1840,,http://commons.wikimedia.org/wiki/Special:FilePath/Mercedes%20GL%20320%20CDI%204Matic%2020090620%20front.JPG
http://www.wikidata.org/entity/Q105642743,Mercedes-Benz type 206,http://www.wikidata.org/entity/Q3231690,модель автомобиля,http://www.wikidata.org/entity/Q27530,Mercedes-Benz Group,Германия,,,,,,,,http://commons.wikimedia.org/wiki/Special:FilePath/Mercedes-Benz%20W206%20IMG%206380.jpg
http://www.wikidata.org/entity/Q27972582,Mercedes-Maybach Vision 6,http://www.wikidata.org/entity/Q3231690,модель автомобиля,http://www.wikidata.org/entity/Q27530,Mercedes-Benz Group,Германия,,,,5700,2100,1330,,http://commons.wikimedia.org/wiki/Special:FilePath/Mercedes-Maybach%20Vision%206%20concept%20Mondial%20auto%202016%20%284-5%29.jpg
http://www.wikidata.org/entity/Q27972582,Mercedes-Maybach Vision 6,http://www.wikidata.org/entity/Q3231690,модель автомобиля,http://www.wikidata.org/entity/Q27530,Mercedes-Benz Group,Германия,,,,5700,2100,1330,,http://commons.wikimedia.org/wiki/Special:FilePath/Vision%20Mercedes-Maybach%206%20-%20Mondial%20de%20l%27Automobile%20de%20Paris%202016%20-%20001.jpg
http://www.wikidata.org/entity/Q834494,Smart City Coupe,http://www.wikidata.org/entity/Q3231690,модель автомобиля,http://www.wikidata.org/entity/Q27530,Mercedes-Benz Group,Германия,,,,,,,,http://commons.wikimedia.org/wiki/Special:FilePath/Smart%20Fortwo%20W%20453%20Wien%2026%20July%202020%20JM%20%282%29.jpg
http://www.wikidata.org/entity/Q7611377,Sterling Bullet,http://www.wikidata.org/entity/Q3231690,модель автомобиля,http://www.wikidata.org/entity/Q27530,Mercedes-Benz Group,Германия,,,,,,,,http://commons.wikimedia.org/wiki/Special:FilePath/Sterling%20Bullet.jpg
http://www.wikidata.org/entity/Q15883168,Unimog 2010,http://www.wikidata.org/entity/Q3231690,модель автомобиля,http://www.wikidata.org/entity/Q27530,Mercedes-Benz Group,Германия,,Unimog 70200,Unimog 401,,,,,http://commons.wikimedia.org/wiki/Special:FilePath/Unimog%20U2010%20Frontview.jpg
http://www.wikidata.org/entity/Q977429,Mercedes-Benz W210,http://www.wikidata.org/entity/Q3231690,модель автомобиля,http://www.wikidata.org/entity/Q27530,Mercedes-Benz Group,Германия,1995-01-01T00:00:00Z,,,4795,1799,,,http://commons.wikimedia.org/wiki/Special:FilePath/Mercedes-Benz%20W210%20front%2020080809.jpg
http://www.wikidata.org/entity/Q977429,Mercedes-Benz W210,http://www.wikidata.org/entity/Q3231690,модель автомобиля,http://www.wikidata.org/entity/Q27530,Mercedes-Benz Group,Германия,1995-01-01T00:00:00Z,,,4816,1799,,,http://commons.wikimedia.org/wiki/Special:FilePath/Mercedes-Benz%20W210%20front%2020080809.jpg
http://www.wikidata.org/entity/Q977429,Mercedes-Benz W210,http://www.wikidata.org/entity/Q3231690,модель автомобиля,http://www.wikidata.org/entity/Q27530,Mercedes-Benz Group,Германия,1995-01-01T00:00:00Z,,,4818,1799,,,http://commons.wikimedia.org/wiki/Special:FilePath/Mercedes-Benz%20W210%20front%2020080809.jpg
http://www.wikidata.org/entity/Q977429,Mercedes-Benz W210,http://www.wikidata.org/entity/Q3231690,модель автомобиля,http://www.wikidata.org/entity/Q27530,Mercedes-Benz Group,Германия,1995-01-01T00:00:00Z,,,4839,1799,,,http://commons.wikimedia.org/wiki/Special:FilePath/Mercedes-Benz%20W210%20front%2020080809.jpg
http://www.wikidata.org/entity/Q1368464,Mercedes-Benz W211,http://www.wikidata.org/entity/Q3231690,модель автомобиля,http://www.wikidata.org/entity/Q27530,Mercedes-Benz Group,Германия,2002-01-01T00:00:00Z,,,4852,1822,,,http://commons.wikimedia.org/wiki/Special:FilePath/Mercedes-Benz%20W211%20in%20Kashmar2024-10-26%20%28cropped%29.jpg
http://www.wikidata.org/entity/Q1368464,Mercedes-Benz W211,http://www.wikidata.org/entity/Q3231690,модель автомобиля,http://www.wikidata.org/entity/Q27530,Mercedes-Benz Group,Германия,2002-01-01T00:00:00Z,,,4884,1822,,,http://commons.wikimedia.org/wiki/Special:FilePath/Mercedes-Benz%20W211%20in%20Kashmar2024-10-26%20%28cropped%29.jpg
http://www.wikidata.org/entity/Q1478248,Mercedes-Benz W212,http://www.wikidata.org/entity/Q3231690,модель автомобиля,http://www.wikidata.org/entity/Q27530,Mercedes-Benz Group,Германия,2009-01-01T00:00:00Z,,,4874,1854,,,http://commons.wikimedia.org/wiki/Special:FilePath/2009%20Mercedes-Benz%20E%20250%20CGI%20%28W%20212%29%20Avantgarde%20sedan%20%282010-07-05%29.jpg
http://www.wikidata.org/entity/Q1478248,Mercedes-Benz W212,http://www.wikidata.org/entity/Q3231690,модель автомобиля,http://www.wikidata.org/entity/Q27530,Mercedes-Benz Group,Германия,2009-01-01T00:00:00Z,,,4874,1854,,,http://commons.wikimedia.org/wiki/Special:FilePath/Mercedes-Benz%20E%20200%20Avantgarde%20%28W%20212%2C%20Facelift%29%20%E2%80%93%20Frontansicht%2C%2024.%20Oktober%202015%2C%20M%C3%BCnster.jpg
http://www.wikidata.org/entity/Q20731986,Mercedes-Benz W213,http://www.wikidata.org/entity/Q3231690,модель автомобиля,http://www.wikidata.org/entity/Q27530,Mercedes-Benz Group,Германия,2016-01-01T00:00:00Z,,,4920,,,,http://commons.wikimedia.org/wiki/Special:FilePath/2019%20Mercedes-Benz%20E220d%20SE%20Automatic%202.0%20Front.jpg
http://www.wikidata.org/entity/Q47543124,Mercedes-Benz A-Class (W177),http://www.wikidata.org/entity/Q3231690,модель автомобиля,http://www.wikidata.org/entity/Q27530,Mercedes-Benz Group,Германия,2018-01-01T00:00:00Z,,,,1796,,,http://commons.wikimedia.org/wiki/Special:FilePath/Mercedes-Benz%20W177%20%282022%29%20DSC%208808.jpg
http://www.wikidata.org/entity/Q116869238,Mercedes-Benz W214,http://www.wikidata.org/entity/Q3231690,модель автомобиля,http://www.wikidata.org/entity/Q27530,Mercedes-Benz Group,Германия,2023-01-01T00:00:00Z,,,,,,,http://commons.wikimedia.org/wiki/Special:FilePath/Mercedes-Benz%20W214%201X7A1841.jpg
http://www.wikidata.org/entity/Q4036981,Daimler model 1915,http://www.wikidata.org/entity/Q100710213,модель боевой машины,http://www.wikidata.org/entity/Q27530,Mercedes-Benz Group,Германия,,,,,,,,http://commons.wikimedia.org/wiki/Special:FilePath/Daimler%20modell%201915.JPG
http://www.wikidata.org/entity/Q560351,LAPV Enok,http://www.wikidata.org/entity/Q100710213,модель боевой машины,http://www.wikidata.org/entity/Q27530,Mercedes-Benz Group,Германия,,,,4.82,,,,http://commons.wikimedia.org/wiki/Special:FilePath/Bundeswehr%20LAPV%20Enok.png
http://www.wikidata.org/entity/Q4281387,Мариенваген II (бронеавтомобиль),http://www.wikidata.org/entity/Q100710213,модель боевой машины,http://www.wikidata.org/entity/Q27530,Mercedes-Benz Group,Германия,,,,,,,,http://commons.wikimedia.org/wiki/Special:FilePath/Armored%20Marienwagen%20II%2001.jpg
http://www.wikidata.org/entity/Q1155907,DTM AMG Mercedes C-Coupé,http://www.wikidata.org/entity/Q90834785,модель гоночного автомобиля,http://www.wikidata.org/entity/Q27530,Mercedes-Benz Group,Германия,,Mercedes-Benz AMG C-Class DTM,,5010,1950,1210,,http://commons.wikimedia.org/wiki/Special:FilePath/Mercedes-Benz%20C204%20%28DTM%29%201-2012-13-01.jpg
http://www.wikidata.org/entity/Q1487415,Sauber Mercedes C9,http://www.wikidata.org/entity/Q90834785,модель гоночного автомобиля,http://www.wikidata.org/entity/Q27530,Mercedes-Benz Group,Германия,,,Mercedes-Benz C11,4800,,,,http://commons.wikimedia.org/wiki/Special:FilePath/Sauber%20C9%201989.jpg
http://www.wikidata.org/entity/Q11777421,Mercedes-Benz L3000,http://www.wikidata.org/entity/Q21546143,модель грузовика,http://www.wikidata.org/entity/Q27530,Mercedes-Benz Group,Германия,,,,6255,2350,2600,,http://commons.wikimedia.org/wiki/Special:FilePath/Bundesarchiv%20Bild%20101I-177-1451-19A%2C%20Griechenland%2C%20LKW%20mit%20Kastenaufbau.jpg
http://www.wikidata.org/entity/Q137735601,Unimog 427,http://www.wikidata.org/entity/Q21546143,модель грузовика,http://www.wikidata.org/entity/Q27530,Mercedes-Benz Group,Германия,,Mercedes-Benz U 424,,,,,,http://commons.wikimedia.org/wiki/Special:FilePath/Balje%202019%20-3.%20Treckertreffen-%20by-RaBoe%20282.jpg
http://www.wikidata.org/entity/Q137735601,Unimog 427,http://www.wikidata.org/entity/Q21546143,модель грузовика,http://www.wikidata.org/entity/Q27530,Mercedes-Benz Group,Германия,,Unimog 425,,,,,,http://commons.wikimedia.org/wiki/Special:FilePath/Balje%202019%20-3.%20Treckertreffen-%20by-RaBoe%20282.jpg
http://www.wikidata.org/entity/Q136914969,Unimog U218,http://www.wikidata.org/entity/Q21546143,модель грузовика,http://www.wikidata.org/entity/Q27530,Mercedes-Benz Group,Германия,,,,,,,,http://commons.wikimedia.org/wiki/Special:FilePath/Unimog%20218%20Vigili%20del%20Fuoco.jpg
http://www.wikidata.org/entity/Q773224,Foton Auman,http://www.wikidata.org/entity/Q21546143,модель грузовика,http://www.wikidata.org/entity/Q27530,Mercedes-Benz Group,Германия,,,,,,,,http://commons.wikimedia.org/wiki/Special:FilePath/Auman%20EST%20-%20Energy%20Super%20Truck.jpg
http://www.wikidata.org/entity/Q4474760,Mercedes-Benz Arocs,http://www.wikidata.org/entity/Q21546143,модель грузовика,http://www.wikidata.org/entity/Q27530,Mercedes-Benz Group,Германия,,Mercedes-Benz Actros,,,,,,http://commons.wikimedia.org/wiki/Special:FilePath/Eppelheim%20-%20Mercedes-Benz%20Arocs%203242%20-%202018-12-09%2015-59-11.jpg
http://www.wikidata.org/entity/Q962694,Mercedes-Benz Atego,http://www.wikidata.org/entity/Q21546143,модель грузовика,http://www.wikidata.org/entity/Q27530,Mercedes-Benz Group,Германия,,Mercedes-Benz LN,Mercedes-Benz Axor,,,,,http://commons.wikimedia.org/wiki/Special:FilePath/Mercedes-Benz%20Atego%20Facelift%20front.JPG
http://www.wikidata.org/entity/Q1805834,Mercedes-Benz Econic,http://www.wikidata.org/entity/Q21546143,модель грузовика,http://www.wikidata.org/entity/Q27530,Mercedes-Benz Group,Германия,,,,,,,,http://commons.wikimedia.org/wiki/Special:FilePath/Mercedes-Benz%20Econic%20CU-Strasbourg%20151.jpg
http://www.wikidata.org/entity/Q497505,Mercedes-Benz SK,http://www.wikidata.org/entity/Q21546143,модель грузовика,http://www.wikidata.org/entity/Q27530,Mercedes-Benz Group,Германия,,Mercedes-Benz NG,Mercedes-Benz Actros,,,,,http://commons.wikimedia.org/wiki/Special:FilePath/Mercedes%20sk%201%20sst.jpg
http://www.wikidata.org/entity/Q1921351,Mercedes-Benz Vario,http://www.wikidata.org/entity/Q21546143,модель грузовика,http://www.wikidata.org/entity/Q27530,Mercedes-Benz Group,Германия,,Mercedes-Benz T2,Mercedes-Benz Sprinter,,,,,http://commons.wikimedia.org/wiki/Special:FilePath/Mercedes-Vario-815D-Koffer-Lkw.jpg
http://www.wikidata.org/entity/Q1921351,Mercedes-Benz Vario,http://www.wikidata.org/entity/Q21546143,модель грузовика,http://www.wikidata.org/entity/Q27530,Mercedes-Benz Group,Германия,,Mercedes-Benz T2,Mercedes-Benz Sprinter,,,,,http://commons.wikimedia.org/wiki/Special:FilePath/UPS%20Truck.jpg
http://www.wikidata.org/entity/Q666995,Mercedes-Benz Zetros,http://www.wikidata.org/entity/Q21546143,модель грузовика,http://www.wikidata.org/entity/Q27530,Mercedes-Benz Group,Германия,,,,,,,,http://commons.wikimedia.org/wiki/Special:FilePath/Mercedes-Benz%20Zetros%20as%20a%20relief%20vehicle%20for%20the%202011%20Tohoku%20Earthquake.jpg
http://www.wikidata.org/entity/Q56167410,Daimler 2½ litre V8,http://www.wikidata.org/entity/Q15057021,модель двигателя,http://www.wikidata.org/entity/Q27530,Mercedes-Benz Group,Германия,,,,,,,,http://commons.wikimedia.org/wiki/Special:FilePath/1965%20Daimler%202.5%20V8.jpg
http://www.wikidata.org/entity/Q6818129,Mercedes-Benz M 950,http://www.wikidata.org/entity/Q15057021,модель двигателя,http://www.wikidata.org/entity/Q27530,Mercedes-Benz Group,Германия,,,,,,,,
http://www.wikidata.org/entity/Q4992670,Mercedes-Benz OM612 (двигатель),http://www.wikidata.org/entity/Q15057021,модель двигателя,http://www.wikidata.org/entity/Q27530,Mercedes-Benz Group,Германия,,,,,,,,
http://www.wikidata.org/entity/Q1921277,Mercedes-Benz OM646 (двигатель),http://www.wikidata.org/entity/Q15057021,модель двигателя,http://www.wikidata.org/entity/Q27530,Mercedes-Benz Group,Германия,,,,,,,,http://commons.wikimedia.org/wiki/Special:FilePath/OM646.JPG
http://www.wikidata.org/entity/Q20827287,Mercedes-Benz OM654,http://www.wikidata.org/entity/Q15057021,модель двигателя,http://www.wikidata.org/entity/Q27530,Mercedes-Benz Group,Германия,,Mercedes-Benz OM651,,,,,168.4,http://commons.wikimedia.org/wiki/Special:FilePath/Mercedes-Benz%20OM%20654%20BR%20213.jpg
http://www.wikidata.org/entity/Q137735601,Unimog 427,http://www.wikidata.org/entity/Q55725952,модель трактора,http://www.wikidata.org/entity/Q27530,Mercedes-Benz Group,Германия,,Mercedes-Benz U 424,,,,,,http://commons.wikimedia.org/wiki/Special:FilePath/Balje%202019%20-3.%20Treckertreffen-%20by-RaBoe%20282.jpg
http://www.wikidata.org/entity/Q137735601,Unimog 427,http://www.wikidata.org/entity/Q55725952,модель трактора,http://www.wikidata.org/entity/Q27530,Mercedes-Benz Group,Германия,,Unimog 425,,,,,,http://commons.wikimedia.org/wiki/Special:FilePath/Balje%202019%20-3.%20Treckertreffen-%20by-RaBoe%20282.jpg
http://www.wikidata.org/entity/Q25387814,Unimog 401,http://www.wikidata.org/entity/Q55725952,модель трактора,http://www.wikidata.org/entity/Q27530,Mercedes-Benz Group,Германия,,Unimog 2010,Unimog 411,3520,1630,2050,,http://commons.wikimedia.org/wiki/Special:FilePath/Fire%20Engine%20of%20Gm%C3%BCnd%2C%20Lower%20Austria%201.jpg
http://www.wikidata.org/entity/Q25098941,Mercedes-Benz Metris,http://www.wikidata.org/entity/Q29048322,модель транспортного средства,http://www.wikidata.org/entity/Q27530,Mercedes-Benz Group,Германия,,,,,,,,
http://www.wikidata.org/entity/Q143134,Mercedes-Benz 300,http://www.wikidata.org/entity/Q59773381,модельный ряд автомобилей,http://www.wikidata.org/entity/Q27530,Mercedes-Benz Group,Германия,,Mercedes-Benz W07,Mercedes-Benz W112,,1840,,,http://commons.wikimedia.org/wiki/Special:FilePath/Mercedes%20Benz%20300%20Limousine%20front%2020110611.jpg
http://www.wikidata.org/entity/Q49384,Mercedes-Benz A-класс,http://www.wikidata.org/entity/Q59773381,модельный ряд автомобилей,http://www.wikidata.org/entity/Q27530,Mercedes-Benz Group,Германия,,,Mercedes-Benz B-класс,,,,,http://commons.wikimedia.org/wiki/Special:FilePath/2018%20Mercedes-Benz%20A180d%20SE%20Automatic%201.5.jpg
http://www.wikidata.org/entity/Q49384,Mercedes-Benz A-класс,http://www.wikidata.org/entity/Q59773381,модельный ряд автомобилей,http://www.wikidata.org/entity/Q27530,Mercedes-Benz Group,Германия,,,Mercedes-Benz B-класс,,,,,http://commons.wikimedia.org/wiki/Special:FilePath/Mercedes-Benz%20A-Class%20Z177%202%20China%202019-03-20.jpg
http://www.wikidata.org/entity/Q49386,Mercedes-Benz B-класс,http://www.wikidata.org/entity/Q59773381,модельный ряд автомобилей,http://www.wikidata.org/entity/Q27530,Mercedes-Benz Group,Германия,,Mercedes-Benz A-класс,Mercedes-Benz C-класс,,,,,http://commons.wikimedia.org/wiki/Special:FilePath/MERCEDES-BENZ%20B-CLASS%20%28W246%29%20China%20%285%29.jpg
http://www.wikidata.org/entity/Q331694,Mercedes-Benz C-класс,http://www.wikidata.org/entity/Q59773381,модельный ряд автомобилей,http://www.wikidata.org/entity/Q27530,Mercedes-Benz Group,Германия,,Mercedes-Benz W202,Mercedes-Benz W203,,,,,http://commons.wikimedia.org/wiki/Special:FilePath/Mercedes-AMG%20C%2043%20%28W206%29%20IMG%207393.jpg
http://www.wikidata.org/entity/Q911137,Mercedes-Benz CL-класс,http://www.wikidata.org/entity/Q59773381,модельный ряд автомобилей,http://www.wikidata.org/entity/Q27530,Mercedes-Benz Group,Германия,,Mercedes-Benz W126,Mercedes-Benz C217,5113,,,,http://commons.wikimedia.org/wiki/Special:FilePath/2010%20Mercedes%20CL63%20AMG%20EU-spec.jpg
http://www.wikidata.org/entity/Q2571085,Mercedes-Benz CLA-класс,http://www.wikidata.org/entity/Q59773381,модельный ряд автомобилей,http://www.wikidata.org/entity/Q27530,Mercedes-Benz Group,Германия,,,,,,,,http://commons.wikimedia.org/wiki/Special:FilePath/Mercedes-Benz%20X174%20IAA%202025%20DSC%202087.jpg
http://www.wikidata.org/entity/Q595857,Mercedes-Benz CLK-класс,http://www.wikidata.org/entity/Q59773381,модельный ряд автомобилей,http://www.wikidata.org/entity/Q27530,Mercedes-Benz Group,Германия,,Mercedes-Benz W124,,,,,,http://commons.wikimedia.org/wiki/Special:FilePath/CLK%20209%20%28Cabriolet%29.jpg
http://www.wikidata.org/entity/Q81663,Mercedes-Benz CLS-класс,http://www.wikidata.org/entity/Q59773381,модельный ряд автомобилей,http://www.wikidata.org/entity/Q27530,Mercedes-Benz Group,Германия,,,,4910,1882,1407,1865,http://commons.wikimedia.org/wiki/Special:FilePath/Mercedes-Benz%20CLS%20350d%20IMG%200901.jpg
http://www.wikidata.org/entity/Q659251,Mercedes-Benz G-класс,http://www.wikidata.org/entity/Q59773381,модельный ряд автомобилей,http://www.wikidata.org/entity/Q27530,Mercedes-Benz Group,Германия,,,,,,,,http://commons.wikimedia.org/wiki/Special:FilePath/Mercedes-Benz%20W465%20DSC%208927.jpg
http://www.wikidata.org/entity/Q202740,Mercedes-Benz R-класс,http://www.wikidata.org/entity/Q59773381,модельный ряд автомобилей,http://www.wikidata.org/entity/Q27530,Mercedes-Benz Group,Германия,,Mercedes-Benz M-класс,Mercedes-Benz V-класс,,1922,,,http://commons.wikimedia.org/wiki/Special:FilePath/2010%20Mercedes-Benz%20R350L%20Grand%20Edition%20CDi%20Automatic%203.0%20Front.jpg
http://www.wikidata.org/entity/Q202740,Mercedes-Benz R-класс,http://www.wikidata.org/entity/Q59773381,модельный ряд автомобилей,http://www.wikidata.org/entity/Q27530,Mercedes-Benz Group,Германия,,Mercedes-Benz M-класс,Mercedes-Benz VLE,,1922,,,http://commons.wikimedia.org/wiki/Special:FilePath/2010%20Mercedes-Benz%20R350L%20Grand%20Edition%20CDi%20Automatic%203.0%20Front.jpg
http://www.wikidata.org/entity/Q461469,Mercedes-Benz S-класс,http://www.wikidata.org/entity/Q59773381,модельный ряд автомобилей,http://www.wikidata.org/entity/Q27530,Mercedes-Benz Group,Германия,,Mercedes-Benz V-класс,Mercedes-Benz X-класс,,,,,http://commons.wikimedia.org/wiki/Special:FilePath/%28Mercedes-Benz%2C%20front%20logo%29%20%28Mercedes-Benz%20Photography%20by%20David%20Adam%20Kess%29.jpg
http://www.wikidata.org/entity/Q461469,Mercedes-Benz S-класс,http://www.wikidata.org/entity/Q59773381,модельный ряд автомобилей,http://www.wikidata.org/entity/Q27530,Mercedes-Benz Group,Германия,,Mercedes-Benz V-класс,Mercedes-Benz X-класс,,,,,http://commons.wikimedia.org/wiki/Special:FilePath/Mercedes-Maybach%20Z223%20680%201X7A5831.jpg
http://www.wikidata.org/entity/Q975213,Mercedes-Benz SL-класс,http://www.wikidata.org/entity/Q59773381,модельный ряд автомобилей,http://www.wikidata.org/entity/Q27530,Mercedes-Benz Group,Германия,,,,,,,,http://commons.wikimedia.org/wiki/Special:FilePath/Mercedes-Maybach%20SL%20680%20Monogram%20IAA%202025%20DSC%202095.jpg
http://www.wikidata.org/entity/Q851905,Mercedes-Benz SLK-класс,http://www.wikidata.org/entity/Q59773381,модельный ряд автомобилей,http://www.wikidata.org/entity/Q27530,Mercedes-Benz Group,Германия,,Mercedes-Benz 190SL,,4001,,,,http://commons.wikimedia.org/wiki/Special:FilePath/Mercedes-Benz%20SLK%20250%20BlueEFFICIENCY%20%28R%20172%29%20%E2%80%93%20Frontansicht%20%282%29%2C%2011.%20M%C3%A4rz%202011%2C%20Teneriffa.jpg
http://www.wikidata.org/entity/Q476636,Mercedes-Benz SLS AMG,http://www.wikidata.org/entity/Q59773381,модельный ряд автомобилей,http://www.wikidata.org/entity/Q27530,Mercedes-Benz Group,Германия,,Mercedes-Benz W198,Mercedes-AMG GT,4638,1939,,1620,http://commons.wikimedia.org/wiki/Special:FilePath/SLS%20AMG%20Roadster.jpg
http://www.wikidata.org/entity/Q930495,Mercedes-Benz Sprinter,http://www.wikidata.org/entity/Q59773381,модельный ряд автомобилей,http://www.wikidata.org/entity/Q27530,Mercedes-Benz Group,Германия,,Mercedes-Benz TN,,,,,,http://commons.wikimedia.org/wiki/Special:FilePath/2nd%20Dodge%20Sprinter%202500.jpg
http://www.wikidata.org/entity/Q930495,Mercedes-Benz Sprinter,http://www.wikidata.org/entity/Q59773381,модельный ряд автомобилей,http://www.wikidata.org/entity/Q27530,Mercedes-Benz Group,Германия,,Mercedes-Benz TN,,,,,,http://commons.wikimedia.org/wiki/Special:FilePath/Mercedes-Benz%20Sprinter%20City%2077%20purple%20fr%20IAA%202010.JPG
http://www.wikidata.org/entity/Q930495,Mercedes-Benz Sprinter,http://www.wikidata.org/entity/Q59773381,модельный ряд автомобилей,http://www.wikidata.org/entity/Q27530,Mercedes-Benz Group,Германия,,Mercedes-Benz TN,,,,,,http://commons.wikimedia.org/wiki/Special:FilePath/Mercedes-Benz%20Sprinter%20timeline.jpg
http://www.wikidata.org/entity/Q930495,Mercedes-Benz Sprinter,http://www.wikidata.org/entity/Q59773381,модельный ряд автомобилей,http://www.wikidata.org/entity/Q27530,Mercedes-Benz Group,Германия,,Mercedes-Benz TN,,,,,,http://commons.wikimedia.org/wiki/Special:FilePath/Mercedes-Benz%20Sprinter%20%282018%29%20IMG%203503.jpg
http://www.wikidata.org/entity/Q15972281,Mercedes-Benz W128,http://www.wikidata.org/entity/Q632300,платформа,http://www.wikidata.org/entity/Q27530,Mercedes-Benz Group,Германия,,Mercedes-Benz W180,,,,,,http://commons.wikimedia.org/wiki/Special:FilePath/W128%20220SE.JPG
http://www.wikidata.org/entity/Q28195076,Mercedes-Benz W186,http://www.wikidata.org/entity/Q632300,платформа,http://www.wikidata.org/entity/Q27530,Mercedes-Benz Group,Германия,,,,,,,,http://commons.wikimedia.org/wiki/Special:FilePath/Mercedes%20Benz%20300%20Limousine%20front%2020110611.jpg
http://www.wikidata.org/entity/Q47539788,Unimog 425,http://www.wikidata.org/entity/Q811701,серия моделей,http://www.wikidata.org/entity/Q27530,Mercedes-Benz Group,Германия,,,Unimog 427,,,,,http://commons.wikimedia.org/wiki/Special:FilePath/Unimog%20U1300.jpg
http://www.wikidata.org/entity/Q23011447,Unimog 435,http://www.wikidata.org/entity/Q811701,серия моделей,http://www.wikidata.org/entity/Q27530,Mercedes-Benz Group,Германия,,Unimog 404,Unimog 437,,2300,2875,,http://commons.wikimedia.org/wiki/Special:FilePath/Unimog%201300L%2C%20unit%2C%20FL%20Trarbach%2051%2C%20Traben-Trarbag%2C%20Germany.JPG
http://www.wikidata.org/entity/Q23011447,Unimog 435,http://www.wikidata.org/entity/Q811701,серия моделей,http://www.wikidata.org/entity/Q27530,Mercedes-Benz Group,Германия,,Unimog 404,Unimog 437.1,,2300,2875,,http://commons.wikimedia.org/wiki/Special:FilePath/Unimog%201300L%2C%20unit%2C%20FL%20Trarbach%2051%2C%20Traben-Trarbag%2C%20Germany.JPG
http://www.wikidata.org/entity/Q116869238,Mercedes-Benz W214,http://www.wikidata.org/entity/Q811701,серия моделей,http://www.wikidata.org/entity/Q27530,Mercedes-Benz Group,Германия,2023-01-01T00:00:00Z,,,,,,,http://commons.wikimedia.org/wiki/Special:FilePath/Mercedes-Benz%20W214%201X7A1841.jpg
http://www.wikidata.org/entity/Q121600529,Mercedes-AMG C190,http://www.wikidata.org/entity/Q274586,спортивный автомобиль,http://www.wikidata.org/entity/Q27530,Mercedes-Benz Group,Германия,,,,,,,,http://commons.wikimedia.org/wiki/Special:FilePath/Pebble%20Beach%20Concours%202016-17.jpg
http://www.wikidata.org/entity/Q25387814,Unimog 401,http://www.wikidata.org/entity/Q39495,трактор,http://www.wikidata.org/entity/Q27530,Mercedes-Benz Group,Германия,,Unimog 2010,Unimog 411,3520,1630,2050,,http://commons.wikimedia.org/wiki/Special:FilePath/Fire%20Engine%20of%20Gm%C3%BCnd%2C%20Lower%20Austria%201.jpg
http://www.wikidata.org/entity/Q108464318,Mercedes-Benz V295,http://www.wikidata.org/entity/Q42889,транспортное средство,http://www.wikidata.org/entity/Q27530,Mercedes-Benz Group,Германия,,,,,,,,http://commons.wikimedia.org/wiki/Special:FilePath/Mercedes-Benz%20V295%20500%201X7A6809.jpg
http://www.wikidata.org/entity/Q787879,Automobilwerke Ludwigsfelde,http://www.wikidata.org/entity/Q83405,фабрика,http://www.wikidata.org/entity/Q27530,Mercedes-Benz Group,Германия,,,,,,,,
http://www.wikidata.org/entity/Q4044007,Mercedes-Benz Renntransporter,http://www.wikidata.org/entity/Q193468,фургон,http://www.wikidata.org/entity/Q27530,Mercedes-Benz Group,Германия,,,,,,,,http://commons.wikimedia.org/wiki/Special:FilePath/Mercedes-Benz%20300SLR%201955%20Rennsportwagen%20with%20Rennwagen%20Schnelltransprter%201955%20Blue%20Wonder%20LSideFront%20MBMuse%209June2013%20%2814797015948%29.jpg
http://www.wikidata.org/entity/Q4044007,Mercedes-Benz Renntransporter,http://www.wikidata.org/entity/Q193468,фургон,http://www.wikidata.org/entity/Q27530,Mercedes-Benz Group,Германия,,,,,,,,http://commons.wikimedia.org/wiki/Special:FilePath/Mercedes-Benz%20Rennwagen-Schnelltransporter%20IMG%200871.jpg
http://www.wikidata.org/entity/Q122216758,Mercedes-Benz Concept CLA Class,http://www.wikidata.org/entity/Q193692,электромобиль,http://www.wikidata.org/entity/Q27530,Mercedes-Benz Group,Германия,,,,,,,,http://commons.wikimedia.org/wiki/Special:FilePath/Mercedes-Benz%20CLA-Class%20Concept%20IAA%202023%201X7A0475.jpg
http://www.wikidata.org/entity/Q120396554,ВАЗ-21011,http://www.wikidata.org/entity/Q1420,автомобиль,http://www.wikidata.org/entity/Q2309,АВТОВАЗ,Россия,,,,,,,,http://commons.wikimedia.org/wiki/Special:FilePath/Budapest%20Lada%202101%20%281%29.jpg
http://www.wikidata.org/entity/Q2994813,ВАЗ-2104,http://www.wikidata.org/entity/Q1420,автомобиль,http://www.wikidata.org/entity/Q2309,АВТОВАЗ,Россия,,ВАЗ-2102,LADA 110,4115,1620,1443,,http://commons.wikimedia.org/wiki/Special:FilePath/Moscow%20-%20Lada%201500.jpg
http://www.wikidata.org/entity/Q35676,Lada,http://www.wikidata.org/entity/Q10429667,автомобильная марка,http://www.wikidata.org/entity/Q2309,АВТОВАЗ,Россия,,,,,,,,http://commons.wikimedia.org/wiki/Special:FilePath/AvtoVAZ%20administration%20building-5389.JPG
http://www.wikidata.org/entity/Q650591,Lada Niva Legend,http://www.wikidata.org/entity/Q946596,внедорожник,http://www.wikidata.org/entity/Q2309,АВТОВАЗ,Россия,,,LADA Niva Travel,3740,1680,1640,,http://commons.wikimedia.org/wiki/Special:FilePath/VAZ-2121%20Niva.jpg
http://www.wikidata.org/entity/Q18819617,Q18819617,http://www.wikidata.org/entity/Q3231690,модель автомобиля,http://www.wikidata.org/entity/Q2309,АВТОВАЗ,Россия,,,,,,,,
http://www.wikidata.org/entity/Q4037792,EL Lada,http://www.wikidata.org/entity/Q3231690,модель автомобиля,http://www.wikidata.org/entity/Q2309,АВТОВАЗ,Россия,,,,4170,1680,1420,1250,http://commons.wikimedia.org/wiki/Special:FilePath/El%20Lada%20charger%20on%20MIAS%202012.JPG
http://www.wikidata.org/entity/Q1434520,LADA 110,http://www.wikidata.org/entity/Q3231690,модель автомобиля,http://www.wikidata.org/entity/Q2309,АВТОВАЗ,Россия,,LADA Samara,LADA Priora,,,,,http://commons.wikimedia.org/wiki/Special:FilePath/LADA-110.jpg
http://www.wikidata.org/entity/Q4101847,LADA Gnome,http://www.wikidata.org/entity/Q3231690,модель автомобиля,http://www.wikidata.org/entity/Q2309,АВТОВАЗ,Россия,,Ока (автомобиль),LADA Elf,2550,1440,1400,,http://commons.wikimedia.org/wiki/Special:FilePath/VAZ%201151%20-%200369.JPG
http://www.wikidata.org/entity/Q1574740,LADA Granta,http://www.wikidata.org/entity/Q3231690,модель автомобиля,http://www.wikidata.org/entity/Q2309,АВТОВАЗ,Россия,,LADA Kalina,LADA Iskra,4260,1700,1500,,http://commons.wikimedia.org/wiki/Special:FilePath/Lada%20Granta%20%282018%20facelift%29%20in%20Tomsk%2001.jpg
http://www.wikidata.org/entity/Q1146667,LADA Kalina,http://www.wikidata.org/entity/Q3231690,модель автомобиля,http://www.wikidata.org/entity/Q2309,АВТОВАЗ,Россия,,ВАЗ-2103,LADA Granta,,1700,,,http://commons.wikimedia.org/wiki/Special:FilePath/Lada%20Kalina%201118%20Cranberry.JPG
http://www.wikidata.org/entity/Q4042548,LADA Kalina Sport,http://www.wikidata.org/entity/Q3231690,модель автомобиля,http://www.wikidata.org/entity/Q2309,АВТОВАЗ,Россия,,,,3905,1700,1500,,http://commons.wikimedia.org/wiki/Special:FilePath/Lada%20Kalina%20Sport%20yellow%20putin%202.jpg
http://www.wikidata.org/entity/Q2568,LADA Largus,http://www.wikidata.org/entity/Q3231690,модель автомобиля,http://www.wikidata.org/entity/Q2309,АВТОВАЗ,Россия,,ВАЗ-2120,,4470,1750,1670,,http://commons.wikimedia.org/wiki/Special:FilePath/%D0%9F%D0%BE%D0%BB%D0%B8%D1%86%D0%B8%D1%8F%2C%20%D0%9C%D0%BE%D1%81%D0%BA%D0%B2%D0%B0%20-%20Police%2C%20Moscow%2015.jpg
http://www.wikidata.org/entity/Q2564,LADA Priora,http://www.wikidata.org/entity/Q3231690,модель автомобиля,http://www.wikidata.org/entity/Q2309,АВТОВАЗ,Россия,,LADA Samara,LADA Vesta,4350,1680,1420,1088,http://commons.wikimedia.org/wiki/Special:FilePath/VAZ-2171%20LADA%20Priora%20estate%201.JPG
http://www.wikidata.org/entity/Q2564,LADA Priora,http://www.wikidata.org/entity/Q3231690,модель автомобиля,http://www.wikidata.org/entity/Q2309,АВТОВАЗ,Россия,,LADA 110,LADA Vesta,4350,1680,1420,1088,http://commons.wikimedia.org/wiki/Special:FilePath/VAZ-2171%20LADA%20Priora%20estate%201.JPG
http://www.wikidata.org/entity/Q2564,LADA Priora,http://www.wikidata.org/entity/Q3231690,модель автомобиля,http://www.wikidata.org/entity/Q2309,АВТОВАЗ,Россия,,ВАЗ-2112,LADA Vesta,4350,1680,1420,1088,http://commons.wikimedia.org/wiki/Special:FilePath/VAZ-2171%20LADA%20Priora%20estate%201.JPG
http://www.wikidata.org/entity/Q2564,LADA Priora,http://www.wikidata.org/entity/Q3231690,модель автомобиля,http://www.wikidata.org/entity/Q2309,АВТОВАЗ,Россия,,ВАЗ-2111,LADA Vesta,4350,1680,1420,1088,http://commons.wikimedia.org/wiki/Special:FilePath/VAZ-2171%20LADA%20Priora%20estate%201.JPG
http://www.wikidata.org/entity/Q4042409,LADA Priora Coupe,http://www.wikidata.org/entity/Q3231690,модель автомобиля,http://www.wikidata.org/entity/Q2309,АВТОВАЗ,Россия,,,,4210,1680,1435,,http://commons.wikimedia.org/wiki/Special:FilePath/LADA%20Priora%20Coupe.jpg
http://www.wikidata.org/entity/Q1133879,LADA Samara,http://www.wikidata.org/entity/Q3231690,модель автомобиля,http://www.wikidata.org/entity/Q2309,АВТОВАЗ,Россия,,ВАЗ-2101,LADA 110,,,,,http://commons.wikimedia.org/wiki/Special:FilePath/VAZ-21093-20.jpg
http://www.wikidata.org/entity/Q17376334,LADA Vesta,http://www.wikidata.org/entity/Q3231690,модель автомобиля,http://www.wikidata.org/entity/Q2309,АВТОВАЗ,Россия,,LADA Priora,,4410,1764,1497,,http://commons.wikimedia.org/wiki/Special:FilePath/Vladimir%20Putin%20driving%20Lada%20Vesta%2004.jpg
http://www.wikidata.org/entity/Q646586,Lada C Concept,http://www.wikidata.org/entity/Q3231690,модель автомобиля,http://www.wikidata.org/entity/Q2309,АВТОВАЗ,Россия,,,,4208,1835,1548,,http://commons.wikimedia.org/wiki/Special:FilePath/Lada%20C%20Concept%20%28foto2%29.JPG
http://www.wikidata.org/entity/Q1375274,Lada C-Cross,http://www.wikidata.org/entity/Q3231690,модель автомобиля,http://www.wikidata.org/entity/Q2309,АВТОВАЗ,Россия,,,,4410,1812,1557,,http://commons.wikimedia.org/wiki/Special:FilePath/C-cross.JPG
http://www.wikidata.org/entity/Q4252499,Lada Carat,http://www.wikidata.org/entity/Q3231690,модель автомобиля,http://www.wikidata.org/entity/Q2309,АВТОВАЗ,Россия,,,,3500,1610,1520,,http://commons.wikimedia.org/wiki/Special:FilePath/LADA-2161%20%D0%9A%D0%B0%D1%80%D0%B0%D1%82%2C%20%D0%B2%D0%B8%D0%B4%20%D1%81%D0%BF%D0%B5%D1%80%D0%B5%D0%B4%D0%B8.jpg
http://www.wikidata.org/entity/Q4252499,Lada Carat,http://www.wikidata.org/entity/Q3231690,модель автомобиля,http://www.wikidata.org/entity/Q2309,АВТОВАЗ,Россия,,,,3500,1610,1520,,http://commons.wikimedia.org/wiki/Special:FilePath/LADA-2161%20%D0%9A%D0%B0%D1%80%D0%B0%D1%82%2C%20%D0%B2%D0%B8%D0%B4%20%D1%81%D0%B7%D0%B0%D0%B4%D0%B8.jpg
http://www.wikidata.org/entity/Q4252499,Lada Carat,http://www.wikidata.org/entity/Q3231690,модель автомобиля,http://www.wikidata.org/entity/Q2309,АВТОВАЗ,Россия,,,,3500,1610,1520,,http://commons.wikimedia.org/wiki/Special:FilePath/LADA-2161%20%D0%9A%D0%B0%D1%80%D0%B0%D1%82%2C%20%D0%B2%D0%B8%D0%B4%20%D1%81%D0%B1%D0%BE%D0%BA%D1%83.jpg
http://www.wikidata.org/entity/Q650591,Lada Niva Legend,http://www.wikidata.org/entity/Q3231690,модель автомобиля,http://www.wikidata.org/entity/Q2309,АВТОВАЗ,Россия,,,LADA Niva Travel,3740,1680,1640,,http://commons.wikimedia.org/wiki/Special:FilePath/VAZ-2121%20Niva.jpg
http://www.wikidata.org/entity/Q4042545,Lada Priora WTCC,http://www.wikidata.org/entity/Q3231690,модель автомобиля,http://www.wikidata.org/entity/Q2309,АВТОВАЗ,Россия,,,,,,,,
http://www.wikidata.org/entity/Q1651487,Lada XRAY,http://www.wikidata.org/entity/Q3231690,модель автомобиля,http://www.wikidata.org/entity/Q2309,АВТОВАЗ,Россия,,Проект Lada C,,4165,1764,1570,,http://commons.wikimedia.org/wiki/Special:FilePath/Lada%20XRay%20Cross%20concept%20on%20MIAS%202016%20-%20rear%20view.jpg
http://www.wikidata.org/entity/Q4101850,ВАЗ-1119,http://www.wikidata.org/entity/Q3231690,модель автомобиля,http://www.wikidata.org/entity/Q2309,АВТОВАЗ,Россия,,,,,,,,http://commons.wikimedia.org/wiki/Special:FilePath/Lada%20Kalina%201119%20front.JPG
http://www.wikidata.org/entity/Q837297,ВАЗ-2101,http://www.wikidata.org/entity/Q3231690,модель автомобиля,http://www.wikidata.org/entity/Q2309,АВТОВАЗ,Россия,,,ВАЗ-2107,4073,1611,1382,970,http://commons.wikimedia.org/wiki/Special:FilePath/VAZ%202101%20BW%202016-09-03%2013-51-58.jpg
http://www.wikidata.org/entity/Q2997152,ВАЗ-2102,http://www.wikidata.org/entity/Q3231690,модель автомобиля,http://www.wikidata.org/entity/Q2309,АВТОВАЗ,Россия,,,ВАЗ-2107,4059,1611,1400,1010,http://commons.wikimedia.org/wiki/Special:FilePath/Lada%202102%20en%20Tjumeno%2003.jpg
http://www.wikidata.org/entity/Q175938,ВАЗ-2103,http://www.wikidata.org/entity/Q3231690,модель автомобиля,http://www.wikidata.org/entity/Q2309,АВТОВАЗ,Россия,,ВАЗ-2101,ВАЗ-2107,4116,1611,1440,1030,http://commons.wikimedia.org/wiki/Special:FilePath/Lada%20%287909451964%29.jpg
http://www.wikidata.org/entity/Q4101854,ВАЗ-2105,http://www.wikidata.org/entity/Q3231690,модель автомобиля,http://www.wikidata.org/entity/Q2309,АВТОВАЗ,Россия,,ВАЗ-2101,LADA 110,4128,1620,1446,,http://commons.wikimedia.org/wiki/Special:FilePath/Wikiniva13a.jpg
http://www.wikidata.org/entity/Q2382858,ВАЗ-2106,http://www.wikidata.org/entity/Q3231690,модель автомобиля,http://www.wikidata.org/entity/Q2309,АВТОВАЗ,Россия,,ВАЗ-2103,ВАЗ-2107,4166,1611,1440,1045,http://commons.wikimedia.org/wiki/Special:FilePath/Lada%20%287906678894%29%20%282%29.jpg
http://www.wikidata.org/entity/Q1425160,ВАЗ-2107,http://www.wikidata.org/entity/Q3231690,модель автомобиля,http://www.wikidata.org/entity/Q2309,АВТОВАЗ,Россия,,ВАЗ-2106,LADA Granta,4145,1611,1440,1030,http://commons.wikimedia.org/wiki/Special:FilePath/Lada%20%287906720346%29.jpg
http://www.wikidata.org/entity/Q1973563,ВАЗ-2109,http://www.wikidata.org/entity/Q3231690,модель автомобиля,http://www.wikidata.org/entity/Q2309,АВТОВАЗ,Россия,,ВАЗ-2108,ВАЗ-2114,4006,1650,1402,,http://commons.wikimedia.org/wiki/Special:FilePath/Lada%2021093%20Samara%201500%20S%201995%20in%20Chile%201.jpg
http://www.wikidata.org/entity/Q4101852,ВАЗ-21106,http://www.wikidata.org/entity/Q3231690,модель автомобиля,http://www.wikidata.org/entity/Q2309,АВТОВАЗ,Россия,,,,4260,1696,1450,,http://commons.wikimedia.org/wiki/Special:FilePath/Lada%2021106.jpg
http://www.wikidata.org/entity/Q1799854,ВАЗ-2112,http://www.wikidata.org/entity/Q3231690,модель автомобиля,http://www.wikidata.org/entity/Q2309,АВТОВАЗ,Россия,,LADA Samara,LADA Priora,4170,1680,1435,1050,http://commons.wikimedia.org/wiki/Special:FilePath/Lada%20112%20wiki.jpg
http://www.wikidata.org/entity/Q4101853,ВАЗ-21123,http://www.wikidata.org/entity/Q3231690,модель автомобиля,http://www.wikidata.org/entity/Q2309,АВТОВАЗ,Россия,,,,,,,,http://commons.wikimedia.org/wiki/Special:FilePath/VAZ-21123.jpg
http://www.wikidata.org/entity/Q4101856,ВАЗ-2113,http://www.wikidata.org/entity/Q3231690,модель автомобиля,http://www.wikidata.org/entity/Q2309,АВТОВАЗ,Россия,,ВАЗ-2108,LADA Kalina,4122,1650,1402,,http://commons.wikimedia.org/wiki/Special:FilePath/LADA%20SAMARA%20%28VAZ%202113%29.jpg
http://www.wikidata.org/entity/Q4101855,ВАЗ-2114,http://www.wikidata.org/entity/Q3231690,модель автомобиля,http://www.wikidata.org/entity/Q2309,АВТОВАЗ,Россия,,ВАЗ-2109,LADA Granta,4122,1650,1402,,http://commons.wikimedia.org/wiki/Special:FilePath/Lada%20Samara%202114%2C%20PIA%28II%29.jpg
http://www.wikidata.org/entity/Q4101860,ВАЗ-2115,http://www.wikidata.org/entity/Q3231690,модель автомобиля,http://www.wikidata.org/entity/Q2309,АВТОВАЗ,Россия,,ВАЗ-21099,,4330,1650,1402,,http://commons.wikimedia.org/wiki/Special:FilePath/Lada-2115%201.jpg
http://www.wikidata.org/entity/Q1119433,ВАЗ-2116,http://www.wikidata.org/entity/Q3231690,модель автомобиля,http://www.wikidata.org/entity/Q2309,АВТОВАЗ,Россия,,,,4569,1777,1525,,http://commons.wikimedia.org/wiki/Special:FilePath/Lada%20Siluet.jpg
http://www.wikidata.org/entity/Q1799858,ВАЗ-2120,http://www.wikidata.org/entity/Q3231690,модель автомобиля,http://www.wikidata.org/entity/Q2309,АВТОВАЗ,Россия,,,LADA Largus,4290,1770,1690,1400,http://commons.wikimedia.org/wiki/Special:FilePath/VAZ-2120%20blue%20colored%20%28front%20view%29.jpg
http://www.wikidata.org/entity/Q1799862,ВАЗ-2122,http://www.wikidata.org/entity/Q3231690,модель автомобиля,http://www.wikidata.org/entity/Q2309,АВТОВАЗ,Россия,,,,3735,1690,1775,,http://commons.wikimedia.org/wiki/Special:FilePath/VAZ%202122%20Reka.jpg
http://www.wikidata.org/entity/Q4101859,ВАЗ-2123,http://www.wikidata.org/entity/Q3231690,модель автомобиля,http://www.wikidata.org/entity/Q2309,АВТОВАЗ,Россия,,Lada Niva Legend,LADA Niva Travel,3900,1700,1640,,http://commons.wikimedia.org/wiki/Special:FilePath/VAZ-2123%20-%20001.jpg
http://www.wikidata.org/entity/Q1427788,ВАЗ-2151 «Неоклассика»,http://www.wikidata.org/entity/Q3231690,модель автомобиля,http://www.wikidata.org/entity/Q2309,АВТОВАЗ,Россия,,,,,,1535,,http://commons.wikimedia.org/wiki/Special:FilePath/Lada%202151.jpg
http://www.wikidata.org/entity/Q4101862,ВАЗ-2171,http://www.wikidata.org/entity/Q3231690,модель автомобиля,http://www.wikidata.org/entity/Q2309,АВТОВАЗ,Россия,,,,4330,1680,1480,,http://commons.wikimedia.org/wiki/Special:FilePath/VAZ-2171%20LADA%20Priora%20estate%201.JPG
http://www.wikidata.org/entity/Q4101861,ВАЗ-2172,http://www.wikidata.org/entity/Q3231690,модель автомобиля,http://www.wikidata.org/entity/Q2309,АВТОВАЗ,Россия,,,,,,,,http://commons.wikimedia.org/wiki/Special:FilePath/VAZ-2172%20LADA%20Priora%20Hatch%201.JPG
http://www.wikidata.org/entity/Q19614122,ВАЗ-2801,http://www.wikidata.org/entity/Q3231690,модель автомобиля,http://www.wikidata.org/entity/Q2309,АВТОВАЗ,Россия,,,EL Lada,4000,1611,1400,,http://commons.wikimedia.org/wiki/Special:FilePath/%D0%92%D0%B5%D0%BB%D0%BE%D1%82%D0%B5%D1%85%D0%BD%D1%96%D1%87%D0%BA%D0%B0%20%D0%92%D0%90%D0%97%202801.jpg
http://www.wikidata.org/entity/Q90922799,Лада Нива 2016,http://www.wikidata.org/entity/Q3231690,модель автомобиля,http://www.wikidata.org/entity/Q2309,АВТОВАЗ,Россия,,,,,,,,http://commons.wikimedia.org/wiki/Special:FilePath/2016%20Lada%20Niva%20Urban%20%28Sweden%29%2C%20front%20right.jpg
http://www.wikidata.org/entity/Q1517152,Ока (автомобиль),http://www.wikidata.org/entity/Q3231690,модель автомобиля,http://www.wikidata.org/entity/Q2309,АВТОВАЗ,Россия,,СМЗ С-3Д,,3200,1420,1400,645,http://commons.wikimedia.org/wiki/Special:FilePath/Oka-Auto.jpg
http://www.wikidata.org/entity/Q4332427,Ока-2,http://www.wikidata.org/entity/Q3231690,модель автомобиля,http://www.wikidata.org/entity/Q2309,АВТОВАЗ,Россия,,,,3450,1540,1450,,http://commons.wikimedia.org/wiki/Special:FilePath/VAZ%201121.jpg
http://www.wikidata.org/entity/Q4451983,Тарзан (автомобиль),http://www.wikidata.org/entity/Q3231690,модель автомобиля,http://www.wikidata.org/entity/Q2309,АВТОВАЗ,Россия,,,LADA 110,4030,1710,1590,,http://commons.wikimedia.org/wiki/Special:FilePath/VAZ-210934%20-%20front.jpg
http://www.wikidata.org/entity/Q4451982,Тарзан-2 (автомобиль),http://www.wikidata.org/entity/Q3231690,модель автомобиля,http://www.wikidata.org/entity/Q2309,АВТОВАЗ,Россия,,,,4255,1710,1610,,http://commons.wikimedia.org/wiki/Special:FilePath/Tarzan-2%205794.JPG
http://www.wikidata.org/entity/Q24933995,ГАЗ-3301,http://www.wikidata.org/entity/Q137188255,military vehicle family,http://www.wikidata.org/entity/Q28616,Горьковский автомобильный завод,Россия,,,,,,,,
http://www.wikidata.org/entity/Q298693,АТ-Т,http://www.wikidata.org/entity/Q137188246,military vehicle model,http://www.wikidata.org/entity/Q28616,Горьковский автомобильный завод,Россия,,,,,,,,http://commons.wikimedia.org/wiki/Special:FilePath/%D0%90%D1%80%D1%82%D0%B8%D0%BB%D0%BB%D0%B5%D1%80%D0%B8%D0%B9%D1%81%D0%BA%D0%B8%D0%B9%20%D1%82%D1%8F%D0%B3%D0%B0%D1%87%20%D0%90%D0%A2-%D0%A2%20%D0%B2%20%D0%BC%D1%83%D0%B7%D0%B5%D0%B5%20%D1%82%D0%B5%D1%85%D0%BD%D0%B8%D0%BA%D0%B8%20%D0%92%D0%B0%D0%B4%D0%B8%D0%BC%D0%B0%20%D0%97%D0%B0%D0%B4%D0%BE%D1%80%D0%BE%D0%B6%D0%BD%D0%BE%D0%B3%D0%BE.jpg
http://www.wikidata.org/entity/Q3756296,ГТ-С,http://www.wikidata.org/entity/Q137188246,military vehicle model,http://www.wikidata.org/entity/Q28616,Горьковский автомобильный завод,Россия,,,,,,,,http://commons.wikimedia.org/wiki/Special:FilePath/GT-S%20transpoter%2C%20Technical%20museum%20Togliatti.JPG
http://www.wikidata.org/entity/Q4370928,Полугусеничный автомобиль на базе ГАЗ-63,http://www.wikidata.org/entity/Q137188246,military vehicle model,http://www.wikidata.org/entity/Q28616,Горьковский автомобильный завод,Россия,,,,,,,,
http://www.wikidata.org/entity/Q119058,Волга,http://www.wikidata.org/entity/Q10429667,автомобильная марка,http://www.wikidata.org/entity/Q28616,Горьковский автомобильный завод,Россия,,,,,,,,
http://www.wikidata.org/entity/Q113409326,ГАЗ-3934 «Сиам»,http://www.wikidata.org/entity/Q3030378,бронированный автомобиль,http://www.wikidata.org/entity/Q28616,Горьковский автомобильный завод,Россия,,,,,,,,http://commons.wikimedia.org/wiki/Special:FilePath/Gaz%20siam.jpg
http://www.wikidata.org/entity/Q4130622,ГАЗ-3409,http://www.wikidata.org/entity/Q474698,машина-амфибия,http://www.wikidata.org/entity/Q28616,Горьковский автомобильный завод,Россия,,,,,,,,http://commons.wikimedia.org/wiki/Special:FilePath/ZZ3%20at%20tundra.png
http://www.wikidata.org/entity/Q113411460,ГАЗель City,http://www.wikidata.org/entity/Q23039057,модель автобуса,http://www.wikidata.org/entity/Q28616,Горьковский автомобильный завод,Россия,,,,6600,2510,2720,,http://commons.wikimedia.org/wiki/Special:FilePath/GAZ%20city%20bus.jpg
http://www.wikidata.org/entity/Q131386720,микроавтобус Газель Некст,http://www.wikidata.org/entity/Q23039057,модель автобуса,http://www.wikidata.org/entity/Q28616,Горьковский автомобильный завод,Россия,,,,,,,,
http://www.wikidata.org/entity/Q578528,Volga Siber,http://www.wikidata.org/entity/Q3231690,модель автомобиля,http://www.wikidata.org/entity/Q28616,Горьковский автомобильный завод,Россия,,Chrysler Sebring,,4844,1792,1394,1555,http://commons.wikimedia.org/wiki/Special:FilePath/Volga%20Siber%20front%20Moscow%20autoshow%202008%2026%2008.jpg
http://www.wikidata.org/entity/Q135640351,ГАЗ SDV 3.5,http://www.wikidata.org/entity/Q3231690,модель автомобиля,http://www.wikidata.org/entity/Q28616,Горьковский автомобильный завод,Россия,,,,,,,,http://commons.wikimedia.org/wiki/Special:FilePath/%D0%93%D0%90%D0%97%20SDV%203.5%20%D0%BD%D0%B0%20%D0%B2%D1%8B%D1%81%D1%82%D0%B0%D0%B2%D0%BA%D0%B5%20%D0%9A%D0%BE%D0%BC%D0%A2%D1%80%D0%B0%D0%BD%D1%81%202023%20%D0%B2%20%D0%9C%D0%BE%D1%81%D0%BA%D0%B2%D0%B5.jpg
http://www.wikidata.org/entity/Q4130646,ГАЗ Ермак,http://www.wikidata.org/entity/Q3231690,модель автомобиля,http://www.wikidata.org/entity/Q28616,Горьковский автомобильный завод,Россия,,ГАЗ-3307,,,,,,
http://www.wikidata.org/entity/Q7133282,ГАЗ-13,http://www.wikidata.org/entity/Q3231690,модель автомобиля,http://www.wikidata.org/entity/Q28616,Горьковский автомобильный завод,Россия,,ГАЗ-М-12 «ЗиМ»,ГАЗ-14,5600,2000,1620,2100,http://commons.wikimedia.org/wiki/Special:FilePath/Russian%20car%20GAZ-13%20Chaika.jpg
http://www.wikidata.org/entity/Q4130600,ГАЗ-14,http://www.wikidata.org/entity/Q3231690,модель автомобиля,http://www.wikidata.org/entity/Q28616,Горьковский автомобильный завод,Россия,,ГАЗ-13,ГАЗ-3105,6114,2020,1525,2605,http://commons.wikimedia.org/wiki/Special:FilePath/Tschaika%20GAZ-14%20%2810377305725%29.jpg
http://www.wikidata.org/entity/Q17613242,ГАЗ-16,http://www.wikidata.org/entity/Q3231690,модель автомобиля,http://www.wikidata.org/entity/Q28616,Горьковский автомобильный завод,Россия,,,,,,,,
http://www.wikidata.org/entity/Q1922450,ГАЗ-21,http://www.wikidata.org/entity/Q3231690,модель автомобиля,http://www.wikidata.org/entity/Q28616,Горьковский автомобильный завод,Россия,,ГАЗ-М-20 «Победа»,ГАЗ-24,4830,1800,1620,1400,http://commons.wikimedia.org/wiki/Special:FilePath/Hammond%20Slides%20Russia%2020.jpg
http://www.wikidata.org/entity/Q16635175,ГАЗ-21,http://www.wikidata.org/entity/Q3231690,модель автомобиля,http://www.wikidata.org/entity/Q28616,Горьковский автомобильный завод,Россия,,,ГАЗ-61,4830,1772,1840,,http://commons.wikimedia.org/wiki/Special:FilePath/%D0%A1%D0%BE%D0%B2%D0%B5%D1%82%D1%81%D0%BA%D0%B8%D0%B9%20%D0%B0%D0%B2%D1%82%D0%BE%D0%BC%D0%BE%D0%B1%D0%B8%D0%BB%D1%8C%20%D0%93%D0%90%D0%97-21%201936%20%D0%B3.%20%28%D0%BC%D0%BE%D0%B4%D0%B5%D0%BB%D1%8C%29.JPG
http://www.wikidata.org/entity/Q1652411,ГАЗ-22,http://www.wikidata.org/entity/Q3231690,модель автомобиля,http://www.wikidata.org/entity/Q28616,Горьковский автомобильный завод,Россия,,,ГАЗ-24-02,,,,,http://commons.wikimedia.org/wiki/Special:FilePath/%D0%93%D0%90%D0%97-22%20GAZ-22%20OLD%20CAR%20LAND.jpg
http://www.wikidata.org/entity/Q17462831,ГАЗ-2308 Атаман,http://www.wikidata.org/entity/Q3231690,модель автомобиля,http://www.wikidata.org/entity/Q28616,Горьковский автомобильный завод,Россия,,,,,,,,http://commons.wikimedia.org/wiki/Special:FilePath/%D0%93%D0%90%D0%97-2308%20%D0%90%D1%82%D0%B0%D0%BC%D0%B0%D0%BD.jpg
http://www.wikidata.org/entity/Q4130599,ГАЗ-2332 CityVan,http://www.wikidata.org/entity/Q3231690,модель автомобиля,http://www.wikidata.org/entity/Q28616,Горьковский автомобильный завод,Россия,,,,4500,1814,2000,,http://commons.wikimedia.org/wiki/Special:FilePath/GAZ-2332%20CityVan.jpg
http://www.wikidata.org/entity/Q694866,ГАЗ-24,http://www.wikidata.org/entity/Q3231690,модель автомобиля,http://www.wikidata.org/entity/Q28616,Горьковский автомобильный завод,Россия,,ГАЗ-21,ГАЗ-3102,4735,1800,1490,1420,http://commons.wikimedia.org/wiki/Special:FilePath/GAZ-24%20Volga%20IMG%202815.jpg
http://www.wikidata.org/entity/Q3623117,ГАЗ-24-02,http://www.wikidata.org/entity/Q3231690,модель автомобиля,http://www.wikidata.org/entity/Q28616,Горьковский автомобильный завод,Россия,,ГАЗ-22,ГАЗ-24-10,,,,,http://commons.wikimedia.org/wiki/Special:FilePath/Wolga%20%287907049306%29.jpg
http://www.wikidata.org/entity/Q4130605,ГАЗ-24-10,http://www.wikidata.org/entity/Q3231690,модель автомобиля,http://www.wikidata.org/entity/Q28616,Горьковский автомобильный завод,Россия,,ГАЗ-24,ГАЗ-31029,,,,,http://commons.wikimedia.org/wiki/Special:FilePath/%D0%AD%D1%82%D0%BE%20%D0%92%D0%BE%D0%BB%D0%B3%D0%B0%203110%202013-11-24%2017-44.jpg
http://www.wikidata.org/entity/Q4130602,ГАЗ-24-24,http://www.wikidata.org/entity/Q3231690,модель автомобиля,http://www.wikidata.org/entity/Q28616,Горьковский автомобильный завод,Россия,,ГАЗ-23,ГАЗ-24-34,,,,,http://commons.wikimedia.org/wiki/Special:FilePath/UMMC%20Museum%20Complex%20289.jpg
http://www.wikidata.org/entity/Q116452850,ГАЗ-24-95,http://www.wikidata.org/entity/Q3231690,модель автомобиля,http://www.wikidata.org/entity/Q28616,Горьковский автомобильный завод,Россия,,,,4735,1800,1600,,http://commons.wikimedia.org/wiki/Special:FilePath/%D0%93%D0%90%D0%97-24-95%20%D0%B2%20%D0%BC%D1%83%D0%B7%D0%B5%D0%B5%20%D0%93%D0%B0%D1%80%D0%B0%D0%B6%D0%B0%20%D0%BE%D1%81%D0%BE%D0%B1%D0%BE%D0%B3%D0%BE%20%D0%BD%D0%B0%D0%B7%D0%BD%D0%B0%D1%87%D0%B5%D0%BD%D0%B8%D1%8F%20%2852307485242%29.jpg
http://www.wikidata.org/entity/Q131056410,ГАЗ-2705,http://www.wikidata.org/entity/Q3231690,модель автомобиля,http://www.wikidata.org/entity/Q28616,Горьковский автомобильный завод,Россия,,,,,,,,http://commons.wikimedia.org/wiki/Special:FilePath/GAZ%202705.jpg
http://www.wikidata.org/entity/Q4130609,ГАЗ-3102,http://www.wikidata.org/entity/Q3231690,модель автомобиля,http://www.wikidata.org/entity/Q28616,Горьковский автомобильный завод,Россия,,ГАЗ-24,,4960,1820,1476,,http://commons.wikimedia.org/wiki/Special:FilePath/GAZ-3102-mid-1990s.jpg
http://www.wikidata.org/entity/Q16635163,ГАЗ-31022,http://www.wikidata.org/entity/Q3231690,модель автомобиля,http://www.wikidata.org/entity/Q28616,Горьковский автомобильный завод,Россия,,ГАЗ-24-10,,,,,,http://commons.wikimedia.org/wiki/Special:FilePath/GAZ-310223.JPG
http://www.wikidata.org/entity/Q4130610,ГАЗ-31029,http://www.wikidata.org/entity/Q3231690,модель автомобиля,http://www.wikidata.org/entity/Q28616,Горьковский автомобильный завод,Россия,,ГАЗ-24-10,ГАЗ-3110,,,,,http://commons.wikimedia.org/wiki/Special:FilePath/Gaz-31029-front-part.jpg
http://www.wikidata.org/entity/Q2423503,ГАЗ-3105,http://www.wikidata.org/entity/Q3231690,модель автомобиля,http://www.wikidata.org/entity/Q28616,Горьковский автомобильный завод,Россия,,ГАЗ-3102,,5050,,,,http://commons.wikimedia.org/wiki/Special:FilePath/Moscow%20car%20show%202025-08-03%20GAZ-3105%201992%2001.jpg
http://www.wikidata.org/entity/Q4130607,ГАЗ-3106,http://www.wikidata.org/entity/Q3231690,модель автомобиля,http://www.wikidata.org/entity/Q28616,Горьковский автомобильный завод,Россия,,,,,,,,http://commons.wikimedia.org/wiki/Special:FilePath/GAZ%203106.jpg
http://www.wikidata.org/entity/Q7290047,ГАЗ-3110,http://www.wikidata.org/entity/Q3231690,модель автомобиля,http://www.wikidata.org/entity/Q28616,Горьковский автомобильный завод,Россия,,ГАЗ-31029,ГАЗ-31105,4870,1810,1422,,http://commons.wikimedia.org/wiki/Special:FilePath/GAZ-3110%20%281997-2004%29.jpg
http://www.wikidata.org/entity/Q4130617,ГАЗ-31105,http://www.wikidata.org/entity/Q3231690,модель автомобиля,http://www.wikidata.org/entity/Q28616,Горьковский автомобильный завод,Россия,,ГАЗ-3110,Volga Siber,,,,,http://commons.wikimedia.org/wiki/Special:FilePath/Volga%2031105.jpg
http://www.wikidata.org/entity/Q4130616,ГАЗ-3111,http://www.wikidata.org/entity/Q3231690,модель автомобиля,http://www.wikidata.org/entity/Q28616,Горьковский автомобильный завод,Россия,,ГАЗ-3110,,,,,,http://commons.wikimedia.org/wiki/Special:FilePath/Etmr%2015%20%E2%80%93%20GAZ.jpg
http://www.wikidata.org/entity/Q17495035,ГАЗ-3115,http://www.wikidata.org/entity/Q3231690,модель автомобиля,http://www.wikidata.org/entity/Q28616,Горьковский автомобильный завод,Россия,,,,,,,,http://commons.wikimedia.org/wiki/Special:FilePath/GAZ-3115%20Volga%20-%20GAZ%20museum.jpg
http://www.wikidata.org/entity/Q678596,ГАЗ-46,http://www.wikidata.org/entity/Q3231690,модель автомобиля,http://www.wikidata.org/entity/Q28616,Горьковский автомобильный завод,Россия,,,,,,,,http://commons.wikimedia.org/wiki/Special:FilePath/GAZ%2046%20at%20Sinsheim%20pic2.JPG
http://www.wikidata.org/entity/Q4130633,ГАЗ-55,http://www.wikidata.org/entity/Q3231690,модель автомобиля,http://www.wikidata.org/entity/Q28616,Горьковский автомобильный завод,Россия,,,,,,,,http://commons.wikimedia.org/wiki/Special:FilePath/GAZ-55%20-%20UGMK%20Museum%20Complex%20in%20Ekaterinburg%202021.jpg
http://www.wikidata.org/entity/Q4130629,ГАЗ-56,http://www.wikidata.org/entity/Q3231690,модель автомобиля,http://www.wikidata.org/entity/Q28616,Горьковский автомобильный завод,Россия,,,,,,,,
http://www.wikidata.org/entity/Q2291198,ГАЗ-61,http://www.wikidata.org/entity/Q3231690,модель автомобиля,http://www.wikidata.org/entity/Q28616,Горьковский автомобильный завод,Россия,,ГАЗ-21,ГАЗ-М-20 «Победа»,4670,1750,1905,1650,http://commons.wikimedia.org/wiki/Special:FilePath/%D0%93%D0%B0%D0%B7-61.JPG
http://www.wikidata.org/entity/Q4130635,ГАЗ-62,http://www.wikidata.org/entity/Q3231690,модель автомобиля,http://www.wikidata.org/entity/Q28616,Горьковский автомобильный завод,Россия,,ГАЗ-63,ГАЗ-66,,,,,http://commons.wikimedia.org/wiki/Special:FilePath/GAZ-62%201953%200.jpg
http://www.wikidata.org/entity/Q1484709,ГАЗ-64,http://www.wikidata.org/entity/Q3231690,модель автомобиля,http://www.wikidata.org/entity/Q28616,Горьковский автомобильный завод,Россия,,ГАЗ-61,ГАЗ-67Б,3350,1430,1700,1200,http://commons.wikimedia.org/wiki/Special:FilePath/GAZ%2064.jpg
http://www.wikidata.org/entity/Q2344243,ГАЗ-67Б,http://www.wikidata.org/entity/Q3231690,модель автомобиля,http://www.wikidata.org/entity/Q28616,Горьковский автомобильный завод,Россия,,ГАЗ-64,ГАЗ-69,3345,1685,1700,1320,http://commons.wikimedia.org/wiki/Special:FilePath/Gaz-67.jpg
http://www.wikidata.org/entity/Q327201,ГАЗ-69,http://www.wikidata.org/entity/Q3231690,модель автомобиля,http://www.wikidata.org/entity/Q28616,Горьковский автомобильный завод,Россия,,ГАЗ-67Б,УАЗ-469,3850,1850,2030,1525,http://commons.wikimedia.org/wiki/Special:FilePath/Gaz69-2.jpg
http://www.wikidata.org/entity/Q327201,ГАЗ-69,http://www.wikidata.org/entity/Q3231690,модель автомобиля,http://www.wikidata.org/entity/Q28616,Горьковский автомобильный завод,Россия,,ГАЗ-67Б,ГАЗ-69А,3850,1850,2030,1525,http://commons.wikimedia.org/wiki/Special:FilePath/Gaz69-2.jpg
http://www.wikidata.org/entity/Q61355191,ГАЗ-69А,http://www.wikidata.org/entity/Q3231690,модель автомобиля,http://www.wikidata.org/entity/Q28616,Горьковский автомобильный завод,Россия,,,,,,,,
http://www.wikidata.org/entity/Q4130638,ГАЗ-А-Аэро,http://www.wikidata.org/entity/Q3231690,модель автомобиля,http://www.wikidata.org/entity/Q28616,Горьковский автомобильный завод,Россия,,ГАЗ-А,,,,,,http://commons.wikimedia.org/wiki/Special:FilePath/Za%20Rulem%201928-01%20cover.png
http://www.wikidata.org/entity/Q4130640,ГАЗ-АААА,http://www.wikidata.org/entity/Q3231690,модель автомобиля,http://www.wikidata.org/entity/Q28616,Горьковский автомобильный завод,Россия,,,,,,,,
http://www.wikidata.org/entity/Q1985493,ГАЗ-М-1,http://www.wikidata.org/entity/Q3231690,модель автомобиля,http://www.wikidata.org/entity/Q28616,Горьковский автомобильный завод,Россия,,,,4625,1770,1775,1370,http://commons.wikimedia.org/wiki/Special:FilePath/GAZ-M1%20in%20the%20UMMC%20museum%20%282026-02-28%29%20-%200.jpg
http://www.wikidata.org/entity/Q734612,ГАЗ-М-12 «ЗиМ»,http://www.wikidata.org/entity/Q3231690,модель автомобиля,http://www.wikidata.org/entity/Q28616,Горьковский автомобильный завод,Россия,,ГАЗ-М-1,Чайка,5530,1900,1660,1800,http://commons.wikimedia.org/wiki/Special:FilePath/GAZ-12%20ZIM%20%C5%B9mitrok%20Biadula%20Rd%20Minsk%2024%20August%202014.JPG
http://www.wikidata.org/entity/Q694025,ГАЗ-М-20 «Победа»,http://www.wikidata.org/entity/Q3231690,модель автомобиля,http://www.wikidata.org/entity/Q28616,Горьковский автомобильный завод,Россия,,ГАЗ-М-1,ГАЗ-21,4665,1695,1590,1350,http://commons.wikimedia.org/wiki/Special:FilePath/GAZ%20M%2020%20Pobjeda%20t%C3%ADpus%C3%BA%20szem%C3%A9lyg%C3%A9pkocsi.%20Fortepan%205290.jpg
http://www.wikidata.org/entity/Q4130647,ГАЗ-М-415,http://www.wikidata.org/entity/Q3231690,модель автомобиля,http://www.wikidata.org/entity/Q28616,Горьковский автомобильный завод,Россия,,ГАЗ-4,ГАЗ-М-20 «Победа»,4655,1770,1775,1455,http://commons.wikimedia.org/wiki/Special:FilePath/%D0%93%D0%B0%D0%B7-%D0%BC-415.JPG
http://www.wikidata.org/entity/Q4130645,ГАЗ-М-72,http://www.wikidata.org/entity/Q3231690,модель автомобиля,http://www.wikidata.org/entity/Q28616,Горьковский автомобильный завод,Россия,,ГАЗ-61,,4665,1695,1790,1615,http://commons.wikimedia.org/wiki/Special:FilePath/%D0%93%D0%90%D0%97%20%D0%9C-72%20%D0%A5%D0%B0%D0%B1%D0%B0%D1%80%D0%BE%D0%B2%D1%81%D0%BA%20%D0%94%D0%B5%D0%BD%D1%8C%20%D0%B3%D0%BE%D1%80%D0%BE%D0%B4%D0%B0.JPG
http://www.wikidata.org/entity/Q4131652,ГАЗель Бизнес,http://www.wikidata.org/entity/Q3231690,модель автомобиля,http://www.wikidata.org/entity/Q28616,Горьковский автомобильный завод,Россия,,Газель,ГАЗель Next,,2095,2120,,http://commons.wikimedia.org/wiki/Special:FilePath/GAZelleBusiness.JPG
http://www.wikidata.org/entity/Q17613250,ГАЗон-Next,http://www.wikidata.org/entity/Q3231690,модель автомобиля,http://www.wikidata.org/entity/Q28616,Горьковский автомобильный завод,Россия,,ГАЗ-3307,,,,,,http://commons.wikimedia.org/wiki/Special:FilePath/GAZ%20GAZon%20Next%20flatbed%20truck%20%28cropped%29.jpg
http://www.wikidata.org/entity/Q650464,Газель,http://www.wikidata.org/entity/Q3231690,модель автомобиля,http://www.wikidata.org/entity/Q28616,Горьковский автомобильный завод,Россия,,,ГАЗель Next,5500,1966,2200,,http://commons.wikimedia.org/wiki/Special:FilePath/GAZ-3302%20GAZ%20museum.jpg
http://www.wikidata.org/entity/Q4425899,Соболь,http://www.wikidata.org/entity/Q3231690,модель автомобиля,http://www.wikidata.org/entity/Q28616,Горьковский автомобильный завод,Россия,,,,,,,,http://commons.wikimedia.org/wiki/Special:FilePath/%D0%93%D0%90%D0%97-2217%20%D0%B2%20%D0%9C%D0%BE%D1%81%D0%BA%D0%B2%D0%B5%2C%20%D0%BD%D0%B0%20%D1%83%D0%BB%D0%B8%D1%86%D0%B5%20%D0%90%D0%B2%D1%82%D0%BE%D0%BC%D0%BE%D1%82%D0%BE%D1%80%D0%BD%D0%BE%D0%B9%20%282016%29.jpg
http://www.wikidata.org/entity/Q908182,Чайка,http://www.wikidata.org/entity/Q3231690,модель автомобиля,http://www.wikidata.org/entity/Q28616,Горьковский автомобильный завод,Россия,,ГАЗ-М-12 «ЗиМ»,,5600,,,,http://commons.wikimedia.org/wiki/Special:FilePath/GAZ-13%20Chaika%20at%20the%20Oldtimer%20Expo%202007.jpg
http://www.wikidata.org/entity/Q2391487,ГАЗ-А,http://www.wikidata.org/entity/Q3231690,модель автомобиля,http://www.wikidata.org/entity/Q28616,Горьковский автомобильный завод,Россия,1932-01-01T00:00:00Z,,ГАЗ-М-1,3875,1710,1780,1080,http://commons.wikimedia.org/wiki/Special:FilePath/GAZ-A-1974.jpg
http://www.wikidata.org/entity/Q2552048,БА-20,http://www.wikidata.org/entity/Q100710213,модель боевой машины,http://www.wikidata.org/entity/Q28616,Горьковский автомобильный завод,Россия,,,,4.31,1.75,2.13,2.5,http://commons.wikimedia.org/wiki/Special:FilePath/%D0%91%D1%80%D0%BE%D0%BD%D0%B5%D0%B0%D0%B2%D1%82%D0%BE%D0%BC%D0%BE%D0%B1%D0%B8%D0%BB%D1%8C%20%D0%91%D0%90-20%D0%9C%20%D0%B2%20%D0%9C%D1%83%D0%B7%D0%B5%D0%B5%20%D0%BE%D1%82%D0%B5%D1%87%D0%B5%D1%81%D1%82%D0%B2%D0%B5%D0%BD%D0%BD%D0%BE%D0%B9%20%D0%B2%D0%BE%D0%B5%D0%BD%D0%BD%D0%BE%D0%B9%20%D0%B8%D1%81%D1%82%D0%BE%D1%80%D0%B8%D0%B8%20%28cropped%29.jpg
http://www.wikidata.org/entity/Q4073860,БА-64-З,http://www.wikidata.org/entity/Q100710213,модель боевой машины,http://www.wikidata.org/entity/Q28616,Горьковский автомобильный завод,Россия,,,,,,,,
http://www.wikidata.org/entity/Q7290038,ГАЗ-ТК (бронеавтомобиль),http://www.wikidata.org/entity/Q100710213,модель боевой машины,http://www.wikidata.org/entity/Q28616,Горьковский автомобильный завод,Россия,,,,,,,,
http://www.wikidata.org/entity/Q4403286,СУ-85Б,http://www.wikidata.org/entity/Q100710213,модель боевой машины,http://www.wikidata.org/entity/Q28616,Горьковский автомобильный завод,Россия,,,,,,,,
http://www.wikidata.org/entity/Q462442,Т-60,http://www.wikidata.org/entity/Q100710213,модель боевой машины,http://www.wikidata.org/entity/Q28616,Горьковский автомобильный завод,Россия,,Т-40,Т-70,4100,2392,1750,5.8,http://commons.wikimedia.org/wiki/Special:FilePath/%D0%A2%D0%B0%D0%BD%D0%BA%20%D0%A2-60%20%D0%B2%20%D0%9C%D1%83%D0%B7%D0%B5%D0%B5%20%D0%BE%D1%82%D0%B5%D1%87%D0%B5%D1%81%D1%82%D0%B2%D0%B5%D0%BD%D0%BD%D0%BE%D0%B9%20%D0%B2%D0%BE%D0%B5%D0%BD%D0%BD%D0%BE%D0%B9%20%D0%B8%D1%81%D1%82%D0%BE%D1%80%D0%B8%D0%B8.jpg
http://www.wikidata.org/entity/Q2424775,Тигр,http://www.wikidata.org/entity/Q100710213,модель боевой машины,http://www.wikidata.org/entity/Q28616,Горьковский автомобильный завод,Россия,,,,4610,2200,2000,,http://commons.wikimedia.org/wiki/Special:FilePath/AMN%20233114%20TVM2012ch2p3photo015.jpg
http://www.wikidata.org/entity/Q4073956,БМ-21В,http://www.wikidata.org/entity/Q21546143,модель грузовика,http://www.wikidata.org/entity/Q28616,Горьковский автомобильный завод,Россия,,,,,,,,http://commons.wikimedia.org/wiki/Special:FilePath/Verkhnyaya%20Pyshma%20Tank%20Museum%202012%200153.jpg
http://www.wikidata.org/entity/Q4130618,ГАЗ-3307,http://www.wikidata.org/entity/Q21546143,модель грузовика,http://www.wikidata.org/entity/Q28616,Горьковский автомобильный завод,Россия,,ГАЗ-53,ГАЗон-Next,,,,,http://commons.wikimedia.org/wiki/Special:FilePath/GAZ%203307%20in%20Moskovsky.jpg
http://www.wikidata.org/entity/Q4130613,ГАЗ-3308,http://www.wikidata.org/entity/Q21546143,модель грузовика,http://www.wikidata.org/entity/Q28616,Горьковский автомобильный завод,Россия,,ГАЗ-66,ГАЗон-Next,,,,,http://commons.wikimedia.org/wiki/Special:FilePath/Interpolitex2016part2-11.jpg
http://www.wikidata.org/entity/Q4130619,ГАЗ-33086 «Земляк»,http://www.wikidata.org/entity/Q21546143,модель грузовика,http://www.wikidata.org/entity/Q28616,Горьковский автомобильный завод,Россия,,,ГАЗон-Next,,,,,http://commons.wikimedia.org/wiki/Special:FilePath/Gorky%20Automobile%20Plant%20in%20Nizhniy%20Novgorod%20%2828%29.jpg
http://www.wikidata.org/entity/Q4130624,ГАЗ-3310 Валдай,http://www.wikidata.org/entity/Q21546143,модель грузовика,http://www.wikidata.org/entity/Q28616,Горьковский автомобильный завод,Россия,,Ford A-Series,ГАЗон-Next,,,,,http://commons.wikimedia.org/wiki/Special:FilePath/GAZ-3310.png
http://www.wikidata.org/entity/Q4130625,ГАЗ-4,http://www.wikidata.org/entity/Q21546143,модель грузовика,http://www.wikidata.org/entity/Q28616,Горьковский автомобильный завод,Россия,,,ГАЗ-М-415,,,,,http://commons.wikimedia.org/wiki/Special:FilePath/Gaz-4%20%D0%9C%D1%83%D0%B7%D0%B5%D0%B9%D0%BD%D1%8B%D0%B9%20%D0%BA%D0%BE%D0%BC%D0%BF%D0%BB%D0%B5%D0%BA%D1%81%20%D0%A3%D0%93%D0%9C%D0%9A%20%28%D0%95%D0%BA%D0%B0%D1%82%D0%B5%D1%80%D0%B8%D0%BD%D0%B1%D1%83%D1%80%D0%B3%29%202021.jpg
http://www.wikidata.org/entity/Q4130626,ГАЗ-42,http://www.wikidata.org/entity/Q21546143,модель грузовика,http://www.wikidata.org/entity/Q28616,Горьковский автомобильный завод,Россия,,ГАЗ-АА,,,,,,http://commons.wikimedia.org/wiki/Special:FilePath/%D0%93%D0%B0%D0%B7%D0%BE%D0%B3%D0%B5%D0%BD%D0%B5%D1%80%D0%B0%D1%82%D0%BE%D1%80%D0%BD%D1%8B%D0%B9%20%D0%B0%D0%B2%D1%82%D0%BE%D0%BC%D0%BE%D0%B1%D0%B8%D0%BB%D1%8C%20%D0%BD%D0%B0%20%D0%B1%D0%B0%D0%B7%D0%B5%20%D0%93%D0%90%D0%97.%201943%20%D0%B3..jpg
http://www.wikidata.org/entity/Q707743,ГАЗ-51,http://www.wikidata.org/entity/Q21546143,модель грузовика,http://www.wikidata.org/entity/Q28616,Горьковский автомобильный завод,Россия,,ГАЗ-ММ,ГАЗ-52,,,,,http://commons.wikimedia.org/wiki/Special:FilePath/GAZ-51%20during%20the%20VII%20Aircraft%20Picnic%20in%20Krak%C3%B3w.jpg
http://www.wikidata.org/entity/Q4130628,ГАЗ-52,http://www.wikidata.org/entity/Q21546143,модель грузовика,http://www.wikidata.org/entity/Q28616,Горьковский автомобильный завод,Россия,,ГАЗ-51,ГАЗ-3307,,,,,http://commons.wikimedia.org/wiki/Special:FilePath/GAZ%20Soviet%20Truck.png
http://www.wikidata.org/entity/Q1006988,ГАЗ-53,http://www.wikidata.org/entity/Q21546143,модель грузовика,http://www.wikidata.org/entity/Q28616,Горьковский автомобильный завод,Россия,,ГАЗ-51,ГАЗ-3307,,,,,http://commons.wikimedia.org/wiki/Special:FilePath/GAZ-53%20Dushanbe.jpg
http://www.wikidata.org/entity/Q671755,ГАЗ-63,http://www.wikidata.org/entity/Q21546143,модель грузовика,http://www.wikidata.org/entity/Q28616,Горьковский автомобильный завод,Россия,,ГАЗ-51,ГАЗ-66,,,,,http://commons.wikimedia.org/wiki/Special:FilePath/2007-05-technik-04.jpg
http://www.wikidata.org/entity/Q20968298,ГАЗ-93,http://www.wikidata.org/entity/Q21546143,модель грузовика,http://www.wikidata.org/entity/Q28616,Горьковский автомобильный завод,Россия,,ГАЗ-ММ,,,,,,http://commons.wikimedia.org/wiki/Special:FilePath/GAS-51%20mit%20Ladeflaeche.jpg
http://www.wikidata.org/entity/Q20968298,ГАЗ-93,http://www.wikidata.org/entity/Q21546143,модель грузовика,http://www.wikidata.org/entity/Q28616,Горьковский автомобильный завод,Россия,,ГАЗ-ММ,,,,,,http://commons.wikimedia.org/wiki/Special:FilePath/GAZ-93.jpg
http://www.wikidata.org/entity/Q1484719,ГАЗ-АА,http://www.wikidata.org/entity/Q21546143,модель грузовика,http://www.wikidata.org/entity/Q28616,Горьковский автомобильный завод,Россия,,Ford Model AA,ГАЗ-51,,,,1.5,http://commons.wikimedia.org/wiki/Special:FilePath/GAZ-AA%20in%20Technical%20museum%20Togliatti.JPG
http://www.wikidata.org/entity/Q1484726,ГАЗ-ААА,http://www.wikidata.org/entity/Q21546143,модель грузовика,http://www.wikidata.org/entity/Q28616,Горьковский автомобильный завод,Россия,,ГАЗ-АА,,,,,,http://commons.wikimedia.org/wiki/Special:FilePath/%D0%93%D0%90%D0%97-%D0%90%D0%90%D0%90%20%D0%B2%D0%BE%20%D0%92%D0%BB%D0%B0%D0%B4%D0%B8%D0%B2%D0%BE%D1%81%D1%82%D0%BE%D0%BA%D0%B5%20%D1%841.JPG
http://www.wikidata.org/entity/Q1165658,ГАЗ-ММ,http://www.wikidata.org/entity/Q21546143,модель грузовика,http://www.wikidata.org/entity/Q28616,Горьковский автомобильный завод,Россия,,Ford Model AA,ГАЗ-51,,,,,http://commons.wikimedia.org/wiki/Special:FilePath/%D0%93%D0%90%D0%97-%D0%9C%D0%9C.JPG
http://www.wikidata.org/entity/Q4130650,ГАЗель Next,http://www.wikidata.org/entity/Q21546143,модель грузовика,http://www.wikidata.org/entity/Q28616,Горьковский автомобильный завод,Россия,,Газель,,5630,2068,2140,,http://commons.wikimedia.org/wiki/Special:FilePath/GAZel-NEXT-gruz.jpg
http://www.wikidata.org/entity/Q787396,BMW 003,http://www.wikidata.org/entity/Q15057021,модель двигателя,http://www.wikidata.org/entity/Q28616,Горьковский автомобильный завод,Россия,,,,,,,,http://commons.wikimedia.org/wiki/Special:FilePath/BMW%20003%20jet%20engine.JPG
http://www.wikidata.org/entity/Q26789521,ЗМЗ-41,http://www.wikidata.org/entity/Q15057021,модель двигателя,http://www.wikidata.org/entity/Q28616,Горьковский автомобильный завод,Россия,,,,,,,,
http://www.wikidata.org/entity/Q298693,АТ-Т,http://www.wikidata.org/entity/Q55725952,модель трактора,http://www.wikidata.org/entity/Q28616,Горьковский автомобильный завод,Россия,,,,,,,,http://commons.wikimedia.org/wiki/Special:FilePath/%D0%90%D1%80%D1%82%D0%B8%D0%BB%D0%BB%D0%B5%D1%80%D0%B8%D0%B9%D1%81%D0%BA%D0%B8%D0%B9%20%D1%82%D1%8F%D0%B3%D0%B0%D1%87%20%D0%90%D0%A2-%D0%A2%20%D0%B2%20%D0%BC%D1%83%D0%B7%D0%B5%D0%B5%20%D1%82%D0%B5%D1%85%D0%BD%D0%B8%D0%BA%D0%B8%20%D0%92%D0%B0%D0%B4%D0%B8%D0%BC%D0%B0%20%D0%97%D0%B0%D0%B4%D0%BE%D1%80%D0%BE%D0%B6%D0%BD%D0%BE%D0%B3%D0%BE.jpg
http://www.wikidata.org/entity/Q689391,ГАЗ-66,http://www.wikidata.org/entity/Q22999537,модель транспорта,http://www.wikidata.org/entity/Q28616,Горьковский автомобильный завод,Россия,,ГАЗ-63,ГАЗ-3301,5660,2342,2440,3470,http://commons.wikimedia.org/wiki/Special:FilePath/GAZ%2066.jpg
http://www.wikidata.org/entity/Q2291198,ГАЗ-61,http://www.wikidata.org/entity/Q59773381,модельный ряд автомобилей,http://www.wikidata.org/entity/Q28616,Горьковский автомобильный завод,Россия,,ГАЗ-21,ГАЗ-М-20 «Победа»,4670,1750,1905,1650,http://commons.wikimedia.org/wiki/Special:FilePath/%D0%93%D0%B0%D0%B7-61.JPG
http://www.wikidata.org/entity/Q618603,БА-64,http://www.wikidata.org/entity/Q100709275,семейство боевых машин,http://www.wikidata.org/entity/Q28616,Горьковский автомобильный завод,Россия,,БА-20,,3.66,,1.9,2.36,http://commons.wikimedia.org/wiki/Special:FilePath/BA64%2026.jpg
http://www.wikidata.org/entity/Q265123,БРДМ-1,http://www.wikidata.org/entity/Q100709275,семейство боевых машин,http://www.wikidata.org/entity/Q28616,Горьковский автомобильный завод,Россия,,,,,,,,http://commons.wikimedia.org/wiki/Special:FilePath/BRDM-1%20in%20Museum%20of%20technique%202016-08-16.JPG
http://www.wikidata.org/entity/Q167968,БРДМ-2,http://www.wikidata.org/entity/Q100709275,семейство боевых машин,http://www.wikidata.org/entity/Q28616,Горьковский автомобильный завод,Россия,,БРДМ-1,,5.75,2.35,2.31,7,http://commons.wikimedia.org/wiki/Special:FilePath/BRDM-2%20on%20a%20military%20parade.JPEG
http://www.wikidata.org/entity/Q3632274,БТР-40,http://www.wikidata.org/entity/Q100709275,семейство боевых машин,http://www.wikidata.org/entity/Q28616,Горьковский автомобильный завод,Россия,,,БТР-152,5,1.9,1.75,5.3,http://commons.wikimedia.org/wiki/Special:FilePath/BTR-40-latrun-2.jpg
http://www.wikidata.org/entity/Q159911,БТР-60,http://www.wikidata.org/entity/Q100709275,семейство боевых машин,http://www.wikidata.org/entity/Q28616,Горьковский автомобильный завод,Россия,,БТР-152,БТР-70,7.56,2.82,2.31,10.3,http://commons.wikimedia.org/wiki/Special:FilePath/%D0%91%D1%80%D0%BE%D0%BD%D0%B5%D1%82%D1%80%D0%B0%D1%81%D0%BF%D0%BE%D1%80%D1%82%D0%B5%D1%80%20%D0%91%D0%A2%D0%A0-60.jpg
http://www.wikidata.org/entity/Q477818,БТР-80,http://www.wikidata.org/entity/Q100709275,семейство боевых машин,http://www.wikidata.org/entity/Q28616,Горьковский автомобильный завод,Россия,,БТР-70,,7.65,2.9,2.35,13.6,http://commons.wikimedia.org/wiki/Special:FilePath/BTR-80A%20%283%29.jpg
http://www.wikidata.org/entity/Q662591,Ли-2,http://www.wikidata.org/entity/Q15056993,семейство летательных аппаратов,http://www.wikidata.org/entity/Q28616,Горьковский автомобильный завод,Россия,,,,,,,,http://commons.wikimedia.org/wiki/Special:FilePath/Lisunov%20Li-2T%20HA-LIX%20Hahnweide%202011%2002.jpg
http://www.wikidata.org/entity/Q119058,Волга,http://www.wikidata.org/entity/Q811701,серия моделей,http://www.wikidata.org/entity/Q28616,Горьковский автомобильный завод,Россия,,,,,,,,
http://www.wikidata.org/entity/Q16635166,ГАЗ-3344,http://www.wikidata.org/entity/Q17240,снегоход,http://www.wikidata.org/entity/Q28616,Горьковский автомобильный завод,Россия,,,,,,,,http://commons.wikimedia.org/wiki/Special:FilePath/%D0%93%D0%90%D0%97-3344.jpg
http://www.wikidata.org/entity/Q109038077,Q109038077,http://www.wikidata.org/entity/Q193468,фургон,http://www.wikidata.org/entity/Q28616,Горьковский автомобильный завод,Россия,,,,,,,,
http://www.wikidata.org/entity/Q109038078,Q109038078,http://www.wikidata.org/entity/Q193468,фургон,http://www.wikidata.org/entity/Q28616,Горьковский автомобильный завод,Россия,,,,,,,,
http://www.wikidata.org/entity/Q4128842,Выдра (БРМ),http://www.wikidata.org/entity/Q137188246,military vehicle model,http://www.wikidata.org/entity/Q30378,КАМАЗ,Россия,,,,,,,,
http://www.wikidata.org/entity/Q4206219,КАМАЗ 4310,http://www.wikidata.org/entity/Q137188246,military vehicle model,http://www.wikidata.org/entity/Q30378,КАМАЗ,Россия,,,КАМАЗ 49250,7.435,2.506,2.83,7080,http://commons.wikimedia.org/wiki/Special:FilePath/Kamchatka%20Lost%20World%20Tours%202.jpg
http://www.wikidata.org/entity/Q19871700,СБА-60-К2 «Булат»,http://www.wikidata.org/entity/Q137188246,military vehicle model,http://www.wikidata.org/entity/Q30378,КАМАЗ,Россия,,,,,,,,http://commons.wikimedia.org/wiki/Special:FilePath/Russia%20Arms%20Expo%202013%20%28531-45%29.jpg
http://www.wikidata.org/entity/Q111202882,КАМАЗ-54901,http://www.wikidata.org/entity/Q55080236,Беспилотный грузовой автомобиль,http://www.wikidata.org/entity/Q30378,КАМАЗ,Россия,,,,,,,,http://commons.wikimedia.org/wiki/Special:FilePath/%D0%9A%D0%90%D0%9C%D0%90%D0%97-54901.jpg
http://www.wikidata.org/entity/Q133443730,КАМАЗ-6250,http://www.wikidata.org/entity/Q5638,автобус,http://www.wikidata.org/entity/Q30378,КАМАЗ,Россия,,,,,,,,http://commons.wikimedia.org/wiki/Special:FilePath/%D0%9A%D0%90%D0%9C%D0%90%D0%97-6250.jpg
http://www.wikidata.org/entity/Q122739975,КамАЗ-4290,http://www.wikidata.org/entity/Q5638,автобус,http://www.wikidata.org/entity/Q30378,КАМАЗ,Россия,,,,,,,,http://commons.wikimedia.org/wiki/Special:FilePath/%D0%9A%D0%B0%D0%BC%D0%90%D0%97-4290%20ComTrans%202023.jpg
http://www.wikidata.org/entity/Q122746518,KAMAZ VEGA,http://www.wikidata.org/entity/Q23039057,модель автобуса,http://www.wikidata.org/entity/Q30378,КАМАЗ,Россия,,,,,,,,http://commons.wikimedia.org/wiki/Special:FilePath/KAMAZ%20VEGA.jpg
http://www.wikidata.org/entity/Q137708516,KAMAZ-52222,http://www.wikidata.org/entity/Q23039057,модель автобуса,http://www.wikidata.org/entity/Q30378,КАМАЗ,Россия,,,,,,,,http://commons.wikimedia.org/wiki/Special:FilePath/%D0%9A%D0%90%D0%9C%D0%90%D0%97-52222%20%D0%9C%D0%93%D0%A2%20%D0%BD%D0%B0%20%D0%BE%D1%81%D1%82%D0%B0%D0%BD%D0%BE%D0%B2%D0%BA%D0%B5%20%D0%91%D0%B5%D0%BB%D0%BE%D1%80%D1%83%D1%81%D1%81%D0%BA%D0%B8%D0%B9%20%D0%B2%D0%BE%D0%BA%D0%B7%D0%B0%D0%BB%20%D0%B2%20%D0%9C%D0%BE%D1%81%D0%BA%D0%B2%D0%B5.jpg
http://www.wikidata.org/entity/Q134883760,КАМАЗ-5222,http://www.wikidata.org/entity/Q23039057,модель автобуса,http://www.wikidata.org/entity/Q30378,КАМАЗ,Россия,,,,,,,,http://commons.wikimedia.org/wiki/Special:FilePath/%D0%9A%D0%B0%D0%BC%D0%B0%D0%B7-5222.jpg
http://www.wikidata.org/entity/Q16656615,КАМАЗ-5262,http://www.wikidata.org/entity/Q23039057,модель автобуса,http://www.wikidata.org/entity/Q30378,КАМАЗ,Россия,,,,,,,,
http://www.wikidata.org/entity/Q26763716,КамАЗ «Shuttle»,http://www.wikidata.org/entity/Q23039057,модель автобуса,http://www.wikidata.org/entity/Q30378,КАМАЗ,Россия,,,,,,,,http://commons.wikimedia.org/wiki/Special:FilePath/KamAZ%20%22Shuttle%22%20-%20front%20view.jpg
http://www.wikidata.org/entity/Q60851127,КамАЗ-6282,http://www.wikidata.org/entity/Q23039057,модель автобуса,http://www.wikidata.org/entity/Q30378,КАМАЗ,Россия,,,,,,,,http://commons.wikimedia.org/wiki/Special:FilePath/KamAZ-6282%20electric%20bus%20on%20line%20T25%20in%20Moscow.jpg
http://www.wikidata.org/entity/Q113409391,КамАЗ-6292,http://www.wikidata.org/entity/Q23039057,модель автобуса,http://www.wikidata.org/entity/Q30378,КАМАЗ,Россия,,,,,,,,http://commons.wikimedia.org/wiki/Special:FilePath/KAMAZ-6292%20mos.ru.jpg
http://www.wikidata.org/entity/Q131531875,КамАЗ-6299,http://www.wikidata.org/entity/Q23039057,модель автобуса,http://www.wikidata.org/entity/Q30378,КАМАЗ,Россия,,,,,,,,http://commons.wikimedia.org/wiki/Special:FilePath/%D0%9A%D0%B0%D0%BC%D0%90%D0%97-6299-40-5F%20%D0%9C%D0%93%D0%A2%20%D0%BD%D0%B0%20%D0%A1%D0%BB%D0%B0%D0%B2%D1%8F%D0%BD%D1%81%D0%BA%D0%BE%D0%B9%20%D0%BF%D0%BB%D0%BE%D1%89%D0%B0%D0%B4%D0%B8%20%D0%BC%D0%B5%D1%82%D1%80%D0%BE%20%D0%9A%D0%B8%D1%82%D0%B0%D0%B9-%D0%B3%D0%BE%D1%80%D0%BE%D0%B4%20%D0%BC%D0%B0%D1%80%D1%88%D1%80%D1%83%D1%82%20%D0%B510.jpg
http://www.wikidata.org/entity/Q4073871,БАЗ-8029,http://www.wikidata.org/entity/Q3231690,модель автомобиля,http://www.wikidata.org/entity/Q30378,КАМАЗ,Россия,,,,,,,,
http://www.wikidata.org/entity/Q2015439,КАМАЗ 43253,http://www.wikidata.org/entity/Q3231690,модель автомобиля,http://www.wikidata.org/entity/Q30378,КАМАЗ,Россия,,КАМАЗ 5325,,,,,,http://commons.wikimedia.org/wiki/Special:FilePath/KAMAZ%2043253%20waste%20collection%20trucks.jpg
http://www.wikidata.org/entity/Q4206228,КАМАЗ 4355,http://www.wikidata.org/entity/Q3231690,модель автомобиля,http://www.wikidata.org/entity/Q30378,КАМАЗ,Россия,,,,,,,,
http://www.wikidata.org/entity/Q13522621,КАМАЗ 49250,http://www.wikidata.org/entity/Q3231690,модель автомобиля,http://www.wikidata.org/entity/Q30378,КАМАЗ,Россия,,,КАМАЗ 49252,,,,,
http://www.wikidata.org/entity/Q16656619,КАМАЗ 49252,http://www.wikidata.org/entity/Q3231690,модель автомобиля,http://www.wikidata.org/entity/Q30378,КАМАЗ,Россия,,,КАМАЗ 49255,,,,,
http://www.wikidata.org/entity/Q16656621,КАМАЗ 49255,http://www.wikidata.org/entity/Q3231690,модель автомобиля,http://www.wikidata.org/entity/Q30378,КАМАЗ,Россия,,КАМАЗ 49252,КАМАЗ 49256,,,,,
http://www.wikidata.org/entity/Q16656623,КАМАЗ 49256,http://www.wikidata.org/entity/Q3231690,модель автомобиля,http://www.wikidata.org/entity/Q30378,КАМАЗ,Россия,,КАМАЗ 49255,КАМАЗ 4911,,,,,
http://www.wikidata.org/entity/Q572168,КАМАЗ 5320,http://www.wikidata.org/entity/Q3231690,модель автомобиля,http://www.wikidata.org/entity/Q30378,КАМАЗ,Россия,,ЗИЛ-170,КАМАЗ 53212,,,,,http://commons.wikimedia.org/wiki/Special:FilePath/KamAZ-5320%20truck%20in%20Krak%C3%B3w%202.jpg
http://www.wikidata.org/entity/Q4206232,КАМАЗ 53205,http://www.wikidata.org/entity/Q3231690,модель автомобиля,http://www.wikidata.org/entity/Q30378,КАМАЗ,Россия,,,,,,,,http://commons.wikimedia.org/wiki/Special:FilePath/Kamaz.JPG
http://www.wikidata.org/entity/Q4206230,КАМАЗ 53208,http://www.wikidata.org/entity/Q3231690,модель автомобиля,http://www.wikidata.org/entity/Q30378,КАМАЗ,Россия,,,,,,,,
http://www.wikidata.org/entity/Q559096,КАМАЗ 53212,http://www.wikidata.org/entity/Q3231690,модель автомобиля,http://www.wikidata.org/entity/Q30378,КАМАЗ,Россия,,КАМАЗ 5320,КАМАЗ 53215,,,,,http://commons.wikimedia.org/wiki/Special:FilePath/10%20%D1%82%D0%BE%D0%BD%D0%B8%D0%BA%2053212.jpg
http://www.wikidata.org/entity/Q559084,КАМАЗ 53215,http://www.wikidata.org/entity/Q3231690,модель автомобиля,http://www.wikidata.org/entity/Q30378,КАМАЗ,Россия,,КАМАЗ 53212,,,,,,http://commons.wikimedia.org/wiki/Special:FilePath/KAMAZ%2053215%20Cargo%20truck.jpg
http://www.wikidata.org/entity/Q4210672,КамАЗ-5460-066-33,http://www.wikidata.org/entity/Q3231690,модель автомобиля,http://www.wikidata.org/entity/Q30378,КАМАЗ,Россия,,,КАМАЗ 6460,,,,,http://commons.wikimedia.org/wiki/Special:FilePath/2014.05.14%20kamaz-5460.JPG
http://www.wikidata.org/entity/Q1517152,Ока (автомобиль),http://www.wikidata.org/entity/Q3231690,модель автомобиля,http://www.wikidata.org/entity/Q30378,КАМАЗ,Россия,,СМЗ С-3Д,,3200,1420,1400,645,http://commons.wikimedia.org/wiki/Special:FilePath/Oka-Auto.jpg
http://www.wikidata.org/entity/Q10476091,KAMAZ-63968 Typhoon,http://www.wikidata.org/entity/Q100710213,модель боевой машины,http://www.wikidata.org/entity/Q30378,КАМАЗ,Россия,,,,,,,,http://commons.wikimedia.org/wiki/Special:FilePath/KamAZ-63968%20Typhoon%20-%20Engineering%20technologies%202012%20%281%29.jpg
http://www.wikidata.org/entity/Q787620,КАМАЗ-43269 «Выстрел»,http://www.wikidata.org/entity/Q100710213,модель боевой машины,http://www.wikidata.org/entity/Q30378,КАМАЗ,Россия,,,,5300,2500,2300,,http://commons.wikimedia.org/wiki/Special:FilePath/KAMAZ-43269%20Vystrel%20%28BMP-97%29%20REA-2009.jpg
http://www.wikidata.org/entity/Q30969745,KAMAZ-6580,http://www.wikidata.org/entity/Q21546143,модель грузовика,http://www.wikidata.org/entity/Q30378,КАМАЗ,Россия,,КАМАЗ 6520,,,,,,http://commons.wikimedia.org/wiki/Special:FilePath/KamAZ-65802.jpg
http://www.wikidata.org/entity/Q4206221,КАМАЗ 4308,http://www.wikidata.org/entity/Q21546143,модель грузовика,http://www.wikidata.org/entity/Q30378,КАМАЗ,Россия,,,,,,,,http://commons.wikimedia.org/wiki/Special:FilePath/%D0%9A%D0%90%D0%9C%D0%90%D0%97-4308.jpg
http://www.wikidata.org/entity/Q4206219,КАМАЗ 4310,http://www.wikidata.org/entity/Q21546143,модель грузовика,http://www.wikidata.org/entity/Q30378,КАМАЗ,Россия,,,КАМАЗ 49250,7.435,2.506,2.83,7080,http://commons.wikimedia.org/wiki/Special:FilePath/Kamchatka%20Lost%20World%20Tours%202.jpg
http://www.wikidata.org/entity/Q4206222,КАМАЗ 43114,http://www.wikidata.org/entity/Q21546143,модель грузовика,http://www.wikidata.org/entity/Q30378,КАМАЗ,Россия,,КАМАЗ 4310,КАМАЗ 43118,,,,,http://commons.wikimedia.org/wiki/Special:FilePath/Interpolitex%202013%20%28535-41%29.jpg
http://www.wikidata.org/entity/Q4206224,КАМАЗ 43118,http://www.wikidata.org/entity/Q21546143,модель грузовика,http://www.wikidata.org/entity/Q30378,КАМАЗ,Россия,,КАМАЗ 43114,,8580,2500,3455,,http://commons.wikimedia.org/wiki/Special:FilePath/%D0%9A%D0%90%D0%9C%D0%90%D0%97%2043118%20%D1%84%D0%BE%D1%82%D0%BE1.JPG
http://www.wikidata.org/entity/Q4206223,КАМАЗ 43255,http://www.wikidata.org/entity/Q21546143,модель грузовика,http://www.wikidata.org/entity/Q30378,КАМАЗ,Россия,,,,,,,,http://commons.wikimedia.org/wiki/Special:FilePath/2013.06.24%20kamaz-43255.jpg
http://www.wikidata.org/entity/Q4206226,КАМАЗ 4326,http://www.wikidata.org/entity/Q21546143,модель грузовика,http://www.wikidata.org/entity/Q30378,КАМАЗ,Россия,,,,,,,,http://commons.wikimedia.org/wiki/Special:FilePath/Interpolitex%202012%20%28481-21%29.jpg
http://www.wikidata.org/entity/Q4206225,КАМАЗ 4326-9,http://www.wikidata.org/entity/Q21546143,модель грузовика,http://www.wikidata.org/entity/Q30378,КАМАЗ,Россия,,КАМАЗ 4911,,,,,,http://commons.wikimedia.org/wiki/Special:FilePath/KAMAZ%20racing%20truck%20March%202011.JPG
http://www.wikidata.org/entity/Q20077328,КАМАЗ 4350,http://www.wikidata.org/entity/Q21546143,модель грузовика,http://www.wikidata.org/entity/Q30378,КАМАЗ,Россия,,,КамАЗ-43501,,,,,http://commons.wikimedia.org/wiki/Special:FilePath/%D0%9A%D0%90%D0%9C%D0%90%D0%97-4350.JPG
http://www.wikidata.org/entity/Q4206229,КАМАЗ 44108,http://www.wikidata.org/entity/Q21546143,модель грузовика,http://www.wikidata.org/entity/Q30378,КАМАЗ,Россия,,,,,,,,http://commons.wikimedia.org/wiki/Special:FilePath/20140416%20kamaz-44108.jpg
http://www.wikidata.org/entity/Q4206227,КАМАЗ 45141,http://www.wikidata.org/entity/Q21546143,модель грузовика,http://www.wikidata.org/entity/Q30378,КАМАЗ,Россия,,,,,,,,http://commons.wikimedia.org/wiki/Special:FilePath/2015.04.23%20kamaz-.jpg
http://www.wikidata.org/entity/Q4206231,КАМАЗ 4911,http://www.wikidata.org/entity/Q21546143,модель грузовика,http://www.wikidata.org/entity/Q30378,КАМАЗ,Россия,,КАМАЗ 49256,КАМАЗ 4326-9,,,,,http://commons.wikimedia.org/wiki/Special:FilePath/KAMAZ-4911%20at%20MAKS%202009%20%282%29.jpg
http://www.wikidata.org/entity/Q4206235,КАМАЗ 53228,http://www.wikidata.org/entity/Q21546143,модель грузовика,http://www.wikidata.org/entity/Q30378,КАМАЗ,Россия,,,,,,,,http://commons.wikimedia.org/wiki/Special:FilePath/Exhibition%20Fair%20Russian%20forest%205.jpg
http://www.wikidata.org/entity/Q4206234,КАМАЗ 53229,http://www.wikidata.org/entity/Q21546143,модель грузовика,http://www.wikidata.org/entity/Q30378,КАМАЗ,Россия,,КАМАЗ 53212,КАМАЗ 65117,,,,,http://commons.wikimedia.org/wiki/Special:FilePath/Kamaz%20truck%20in%20Nha%20Trang.JPG
http://www.wikidata.org/entity/Q4206233,КАМАЗ 5325,http://www.wikidata.org/entity/Q21546143,модель грузовика,http://www.wikidata.org/entity/Q30378,КАМАЗ,Россия,,,КАМАЗ 43253,,,,,http://commons.wikimedia.org/wiki/Special:FilePath/KamAZ-5325.jpg
http://www.wikidata.org/entity/Q16656625,КАМАЗ 5350,http://www.wikidata.org/entity/Q21546143,модель грузовика,http://www.wikidata.org/entity/Q30378,КАМАЗ,Россия,,,КамАЗ-53501,,,,,http://commons.wikimedia.org/wiki/Special:FilePath/Military%20truck%20of%20Ukraine%20-%20Kamaz.jpg
http://www.wikidata.org/entity/Q4206237,КАМАЗ 53605,http://www.wikidata.org/entity/Q21546143,модель грузовика,http://www.wikidata.org/entity/Q30378,КАМАЗ,Россия,,,,,,,,http://commons.wikimedia.org/wiki/Special:FilePath/KamAZ-53605%20Kehrmaschine.JPG
http://www.wikidata.org/entity/Q4206241,КАМАЗ 5410,http://www.wikidata.org/entity/Q21546143,модель грузовика,http://www.wikidata.org/entity/Q30378,КАМАЗ,Россия,,,КАМАЗ 54115,,,,,http://commons.wikimedia.org/wiki/Special:FilePath/KamAZ-5410%20in%20Tomsk%20Oblast.JPG
http://www.wikidata.org/entity/Q4206238,КАМАЗ 54115,http://www.wikidata.org/entity/Q21546143,модель грузовика,http://www.wikidata.org/entity/Q30378,КАМАЗ,Россия,,КАМАЗ 5410,КамАЗ-5460-066-33,6155,2500,3110,,http://commons.wikimedia.org/wiki/Special:FilePath/2013.07.08%20kamaz-54115.jpg
http://www.wikidata.org/entity/Q4206243,КАМАЗ 5460-046-22,http://www.wikidata.org/entity/Q21546143,модель грузовика,http://www.wikidata.org/entity/Q30378,КАМАЗ,Россия,,,КамАЗ-5490,,,,,http://commons.wikimedia.org/wiki/Special:FilePath/2014.05.14%20kamaz-5460.JPG
http://www.wikidata.org/entity/Q4206240,КАМАЗ 5511,http://www.wikidata.org/entity/Q21546143,модель грузовика,http://www.wikidata.org/entity/Q30378,КАМАЗ,Россия,,,КАМАЗ 55111,,,,,http://commons.wikimedia.org/wiki/Special:FilePath/Kamaz%20truck%20on%20Armii%20Krajowej%20street%20in%20Krak%C3%B3w.jpg
http://www.wikidata.org/entity/Q4206244,КАМАЗ 55111,http://www.wikidata.org/entity/Q21546143,модель грузовика,http://www.wikidata.org/entity/Q30378,КАМАЗ,Россия,,КАМАЗ 5511,КамАЗ-65115,,,,,http://commons.wikimedia.org/wiki/Special:FilePath/Kamaz%2055111.JPG
http://www.wikidata.org/entity/Q4206239,КАМАЗ 6350,http://www.wikidata.org/entity/Q21546143,модель грузовика,http://www.wikidata.org/entity/Q30378,КАМАЗ,Россия,,,КАМАЗ 63501,,,,,http://commons.wikimedia.org/wiki/Special:FilePath/KamAZ-6350%20truck%2C%202011.jpg
http://www.wikidata.org/entity/Q4206242,КАМАЗ 63501,http://www.wikidata.org/entity/Q21546143,модель грузовика,http://www.wikidata.org/entity/Q30378,КАМАЗ,Россия,,КАМАЗ 6350,КамАЗ-6560,,,,,http://commons.wikimedia.org/wiki/Special:FilePath/Interpolitex%202011%20%28401-25%29.jpg
http://www.wikidata.org/entity/Q13419280,КАМАЗ 635050,http://www.wikidata.org/entity/Q21546143,модель грузовика,http://www.wikidata.org/entity/Q30378,КАМАЗ,Россия,,,,,,,,http://commons.wikimedia.org/wiki/Special:FilePath/KamAZ-635050.jpg
http://www.wikidata.org/entity/Q4206248,КАМАЗ 6460,http://www.wikidata.org/entity/Q21546143,модель грузовика,http://www.wikidata.org/entity/Q30378,КАМАЗ,Россия,,КамАЗ-5460-066-33,КАМАЗ 5460-046-22,,,,,http://commons.wikimedia.org/wiki/Special:FilePath/Integrated%20Safety%20and%20Security%20Exhibition%202013%20%28500-39%29.jpg
http://www.wikidata.org/entity/Q4206245,КАМАЗ 65111,http://www.wikidata.org/entity/Q21546143,модель грузовика,http://www.wikidata.org/entity/Q30378,КАМАЗ,Россия,,,КАМАЗ 6522,,,,,http://commons.wikimedia.org/wiki/Special:FilePath/2014.05.28%20kamaz-65111.jpg
http://www.wikidata.org/entity/Q4206246,КАМАЗ 65116,http://www.wikidata.org/entity/Q21546143,модель грузовика,http://www.wikidata.org/entity/Q30378,КАМАЗ,Россия,,КАМАЗ 54115,,,,,,http://commons.wikimedia.org/wiki/Special:FilePath/2013.11.09%20kamaz-65116.jpg
http://www.wikidata.org/entity/Q4206247,КАМАЗ 65117,http://www.wikidata.org/entity/Q21546143,модель грузовика,http://www.wikidata.org/entity/Q30378,КАМАЗ,Россия,,,КАМАЗ 6460,,,,,http://commons.wikimedia.org/wiki/Special:FilePath/%D0%9A%D0%90%D0%9C%D0%90%D0%97-65117.JPG
http://www.wikidata.org/entity/Q1615111,КАМАЗ 6520,http://www.wikidata.org/entity/Q21546143,модель грузовика,http://www.wikidata.org/entity/Q30378,КАМАЗ,Россия,,КамАЗ-65115,,,,,,http://commons.wikimedia.org/wiki/Special:FilePath/Kamaz-6520.jpg
http://www.wikidata.org/entity/Q4206249,КАМАЗ 6522,http://www.wikidata.org/entity/Q21546143,модель грузовика,http://www.wikidata.org/entity/Q30378,КАМАЗ,Россия,,,КамАЗ-65802,,,,,http://commons.wikimedia.org/wiki/Special:FilePath/%D0%9A%D0%90%D0%9C%D0%90%D0%97-6522%20%D0%A5%D0%B0%D0%B1%D0%B0%D1%80%D0%BE%D0%B2%D1%81%D0%BA.JPG
http://www.wikidata.org/entity/Q4206250,КАМАЗ 65225,http://www.wikidata.org/entity/Q21546143,модель грузовика,http://www.wikidata.org/entity/Q30378,КАМАЗ,Россия,,,,,,,,http://commons.wikimedia.org/wiki/Special:FilePath/KamAZ%20military%20tank%20transporter.jpg
http://www.wikidata.org/entity/Q4206258,КАМАЗ 6540,http://www.wikidata.org/entity/Q21546143,модель грузовика,http://www.wikidata.org/entity/Q30378,КАМАЗ,Россия,,,,,,,,http://commons.wikimedia.org/wiki/Special:FilePath/KamAZ-6540%20truck%20on%20Mickiewicza%20and%20Pi%C5%82sudskiego%20intersection%20in%20Krak%C3%B3w.jpg
http://www.wikidata.org/entity/Q111202882,КАМАЗ-54901,http://www.wikidata.org/entity/Q21546143,модель грузовика,http://www.wikidata.org/entity/Q30378,КАМАЗ,Россия,,,,,,,,http://commons.wikimedia.org/wiki/Special:FilePath/%D0%9A%D0%90%D0%9C%D0%90%D0%97-54901.jpg
http://www.wikidata.org/entity/Q26840252,КамАЗ-43501,http://www.wikidata.org/entity/Q21546143,модель грузовика,http://www.wikidata.org/entity/Q30378,КАМАЗ,Россия,,КАМАЗ 4350,КамАЗ-43502,,,,,http://commons.wikimedia.org/wiki/Special:FilePath/Interpolitex%202011%20%28402-28%29.jpg
http://www.wikidata.org/entity/Q26849136,КамАЗ-43502,http://www.wikidata.org/entity/Q21546143,модель грузовика,http://www.wikidata.org/entity/Q30378,КАМАЗ,Россия,,КАМАЗ 4350,,,,,,http://commons.wikimedia.org/wiki/Special:FilePath/Integrated%20Safety%20and%20Security%20Exhibition%202013%20%28502-12%29.jpg
http://www.wikidata.org/entity/Q26884751,КамАЗ-45143,http://www.wikidata.org/entity/Q21546143,модель грузовика,http://www.wikidata.org/entity/Q30378,КАМАЗ,Россия,,КамАЗ-55102,,,,,,http://commons.wikimedia.org/wiki/Special:FilePath/KamAZ-Dreiachser%20II%2002%20%28cropped%29.jpg
http://www.wikidata.org/entity/Q25253479,КамАЗ-53501,http://www.wikidata.org/entity/Q21546143,модель грузовика,http://www.wikidata.org/entity/Q30378,КАМАЗ,Россия,,КАМАЗ 5350,,,,,,http://commons.wikimedia.org/wiki/Special:FilePath/Army2016-480.jpg
http://www.wikidata.org/entity/Q25387856,КамАЗ-54112,http://www.wikidata.org/entity/Q21546143,модель грузовика,http://www.wikidata.org/entity/Q30378,КАМАЗ,Россия,,КАМАЗ 5410,КАМАЗ 54115,,,,,http://commons.wikimedia.org/wiki/Special:FilePath/KamAZ%20truck%20in%20Cambodia%2002.jpg
http://www.wikidata.org/entity/Q26879527,КамАЗ-55102,http://www.wikidata.org/entity/Q21546143,модель грузовика,http://www.wikidata.org/entity/Q30378,КАМАЗ,Россия,,,КамАЗ-45143,,,,,http://commons.wikimedia.org/wiki/Special:FilePath/KamAZ-55102%20on%20road%20in%20Soloneshenskiy%20raion%20%28cropped%29.jpg
http://www.wikidata.org/entity/Q12107450,КамАЗ-65115,http://www.wikidata.org/entity/Q21546143,модель грузовика,http://www.wikidata.org/entity/Q30378,КАМАЗ,Россия,,КАМАЗ 55111,КАМАЗ 6520,,,,,http://commons.wikimedia.org/wiki/Special:FilePath/Kamaz-65115.jpg
http://www.wikidata.org/entity/Q26938462,КамАЗ-65201,http://www.wikidata.org/entity/Q21546143,модель грузовика,http://www.wikidata.org/entity/Q30378,КАМАЗ,Россия,,,,,,,,http://commons.wikimedia.org/wiki/Special:FilePath/KAMAZ-65201%20in%20St.%20Petersburg.jpeg
http://www.wikidata.org/entity/Q20077329,КамАЗ-65224,http://www.wikidata.org/entity/Q21546143,модель грузовика,http://www.wikidata.org/entity/Q30378,КАМАЗ,Россия,,,,,,,,http://commons.wikimedia.org/wiki/Special:FilePath/Engineering%20Technologies%20-%202012%20%282-13%29.jpg
http://www.wikidata.org/entity/Q24879304,КамАЗ-6560,http://www.wikidata.org/entity/Q21546143,модель грузовика,http://www.wikidata.org/entity/Q30378,КАМАЗ,Россия,,КАМАЗ 63501,,,,,,http://commons.wikimedia.org/wiki/Special:FilePath/Interpolitex2015part2-31.jpg
http://www.wikidata.org/entity/Q24879304,КамАЗ-6560,http://www.wikidata.org/entity/Q21546143,модель грузовика,http://www.wikidata.org/entity/Q30378,КАМАЗ,Россия,,КАМАЗ 63501,,,,,,http://commons.wikimedia.org/wiki/Special:FilePath/Kamaz-6560%20truck%2C%20IDELF-2008.jpg
http://www.wikidata.org/entity/Q30126448,КамАЗ-65802,http://www.wikidata.org/entity/Q21546143,модель грузовика,http://www.wikidata.org/entity/Q30378,КАМАЗ,Россия,,КАМАЗ 6522,,,,,,http://commons.wikimedia.org/wiki/Special:FilePath/KamAZ-65802.jpg
http://www.wikidata.org/entity/Q43449883,КамАЗ-7850,http://www.wikidata.org/entity/Q21546143,модель грузовика,http://www.wikidata.org/entity/Q30378,КАМАЗ,Россия,,,,,,,,http://commons.wikimedia.org/wiki/Special:FilePath/15T528%20transporter-loader%20for%20ICBMs%20on%20KAMAZ-78501%20Platforma-O%20chassis.jpg
http://www.wikidata.org/entity/Q127432889,Камаз-Юпитер-30,http://www.wikidata.org/entity/Q29048322,модель транспортного средства,http://www.wikidata.org/entity/Q30378,КАМАЗ,Россия,,,,8769,2709,3499,23,http://commons.wikimedia.org/wiki/Special:FilePath/Rustam%20Minnikhanov%20in%20Kazakhstan%20%282023-09-25%29%2023.jpg
http://www.wikidata.org/entity/Q118496329,Магнолия-83,http://www.wikidata.org/entity/Q2778643,передвижная телевизионная станция,http://www.wikidata.org/entity/Q30378,КАМАЗ,Россия,,,,11300,2500,3800,,http://commons.wikimedia.org/wiki/Special:FilePath/KamAZ-Ajokki%20grey%20colored%20%28front%20view%29%20%28cropped%29.jpg
http://www.wikidata.org/entity/Q127432889,Камаз-Юпитер-30,http://www.wikidata.org/entity/Q207977,прототип,http://www.wikidata.org/entity/Q30378,КАМАЗ,Россия,,,,8769,2709,3499,23,http://commons.wikimedia.org/wiki/Special:FilePath/Rustam%20Minnikhanov%20in%20Kazakhstan%20%282023-09-25%29%2023.jpg
http://www.wikidata.org/entity/Q111193158,Камаз Компас,http://www.wikidata.org/entity/Q811701,серия моделей,http://www.wikidata.org/entity/Q30378,КАМАЗ,Россия,,,,,,,,http://commons.wikimedia.org/wiki/Special:FilePath/%D0%9A%D0%90%D0%9C%D0%90%D0%97%20%D0%9A%D0%BE%D0%BC%D0%BF%D0%B0%D1%81-5.jpg
http://www.wikidata.org/entity/Q111193158,Камаз Компас,http://www.wikidata.org/entity/Q167270,товарный знак,http://www.wikidata.org/entity/Q30378,КАМАЗ,Россия,,,,,,,,http://commons.wikimedia.org/wiki/Special:FilePath/%D0%9A%D0%90%D0%9C%D0%90%D0%97%20%D0%9A%D0%BE%D0%BC%D0%BF%D0%B0%D1%81-5.jpg
http://www.wikidata.org/entity/Q46276395,Ford Trimotor c/n 4-AT-54,http://www.wikidata.org/entity/Q19206741,4-AT-E Trimotor,http://www.wikidata.org/entity/Q44294,Ford,США,,,,,,,,
http://www.wikidata.org/entity/Q90924138,Ford Fiesta ST MK6,http://www.wikidata.org/entity/Q12063185,Ford Fiesta MK6,http://www.wikidata.org/entity/Q44294,Ford,США,,,,,,,,http://commons.wikimedia.org/wiki/Special:FilePath/Ford%20Fiesta%20ST%20-%20Mondial%20de%20l%27Automobile%20de%20Paris%202014%20-%20003.jpg
http://www.wikidata.org/entity/Q90924026,Ford Torino GT,http://www.wikidata.org/entity/Q1361017,Ford Torino,http://www.wikidata.org/entity/Q44294,Ford,США,,,,,,,,http://commons.wikimedia.org/wiki/Special:FilePath/1971%20Ford%20Torino%20GT%20Convertible.jpg
http://www.wikidata.org/entity/Q30729395,ZZ Top Eliminator,http://www.wikidata.org/entity/Q5352998,antique car,http://www.wikidata.org/entity/Q44294,Ford,США,,,,,,,,http://commons.wikimedia.org/wiki/Special:FilePath/ZZTopEliminator-crop.jpg
http://www.wikidata.org/entity/Q59749207,Marquis,http://www.wikidata.org/entity/Q1146195,custom car,http://www.wikidata.org/entity/Q44294,Ford,США,,,,,,,,
http://www.wikidata.org/entity/Q2748650,Ford Duratorq,http://www.wikidata.org/entity/Q118017625,engine series,http://www.wikidata.org/entity/Q44294,Ford,США,,,,,,,,http://commons.wikimedia.org/wiki/Special:FilePath/Ford%20Duratorq%20TDCi%202.0.JPG
http://www.wikidata.org/entity/Q5467730,Ford Endura-D,http://www.wikidata.org/entity/Q118017625,engine series,http://www.wikidata.org/entity/Q44294,Ford,США,,,,,,,,
http://www.wikidata.org/entity/Q1437043,Ford Zetec,http://www.wikidata.org/entity/Q118017625,engine series,http://www.wikidata.org/entity/Q44294,Ford,США,,,,,,,,http://commons.wikimedia.org/wiki/Special:FilePath/Ford%20Zetec-S%201.7%20engine.JPG
http://www.wikidata.org/entity/Q1436835,Ford G398,http://www.wikidata.org/entity/Q137188246,military vehicle model,http://www.wikidata.org/entity/Q44294,Ford,США,,,,,,,,
http://www.wikidata.org/entity/Q19481232,Ford Pygmy,http://www.wikidata.org/entity/Q137188246,military vehicle model,http://www.wikidata.org/entity/Q44294,Ford,США,,,,,,,,http://commons.wikimedia.org/wiki/Special:FilePath/Ford%20Pygmy%20jeep%20pilot%20vehicle.JPG
http://www.wikidata.org/entity/Q11764447,Lynx Scout Car,http://www.wikidata.org/entity/Q137188246,military vehicle model,http://www.wikidata.org/entity/Q44294,Ford,США,,,,,,,,http://commons.wikimedia.org/wiki/Special:FilePath/Tanks%20and%20Afvs%20of%20the%20British%20Army%201939-45%20MH14030.jpg
http://www.wikidata.org/entity/Q681844,M20,http://www.wikidata.org/entity/Q137188246,military vehicle model,http://www.wikidata.org/entity/Q44294,Ford,США,,,,,,,,http://commons.wikimedia.org/wiki/Special:FilePath/M-20.jpg
http://www.wikidata.org/entity/Q511677,Ford Nucleon,http://www.wikidata.org/entity/Q48780471,nuclear-powered car,http://www.wikidata.org/entity/Q44294,Ford,США,,,,,,,,http://commons.wikimedia.org/wiki/Special:FilePath/Deutsches%20Technikmuseum%20Berlin%20February%202008%200022.JPG
http://www.wikidata.org/entity/Q134077853,Ford TQ 406,http://www.wikidata.org/entity/Q12046132,service truck,http://www.wikidata.org/entity/Q44294,Ford,США,,,,,,,4420,http://commons.wikimedia.org/wiki/Special:FilePath/Ford%20bucket%20truck%20%28Luxembourg%20City%20Tram%20and%20Bus%20Museum%29.02.jpg
http://www.wikidata.org/entity/Q11859793,Ford tractors,http://www.wikidata.org/entity/Q98579904,tractor brand,http://www.wikidata.org/entity/Q44294,Ford,США,,,,,,,,http://commons.wikimedia.org/wiki/Special:FilePath/Ford%208340%20Powerstar%20SLE%2C%20Strautmann%20verti-mix%201250.jpg
http://www.wikidata.org/entity/Q90923621,Ford Consul MkII,http://www.wikidata.org/entity/Q1273342,Ford Consul,http://www.wikidata.org/entity/Q44294,Ford,США,,,,,,,,http://commons.wikimedia.org/wiki/Special:FilePath/Ford.consul.mk2.arp.750pix.jpg
http://www.wikidata.org/entity/Q90020450,Ford Cortina MkI,http://www.wikidata.org/entity/Q205423,Ford Cortina,http://www.wikidata.org/entity/Q44294,Ford,США,,,,,,,,http://commons.wikimedia.org/wiki/Special:FilePath/Ford%20Cortina%201500%20estate%20MkI%20first%20registered%20in%20UK%20July%201963%201489cc%20photographed%20ay%20Knebworth%202012.jpg
http://www.wikidata.org/entity/Q90702584,Ford EcoSport (2nd generation),http://www.wikidata.org/entity/Q338888,Ford EcoSport,http://www.wikidata.org/entity/Q44294,Ford,США,,,,,,,,http://commons.wikimedia.org/wiki/Special:FilePath/2012%20Ford%20EcoSport%20%28BK%29%20Titanium%20wagon%20%282012-10-26%29%2001.jpg
http://www.wikidata.org/entity/Q90702580,Ford Edge (second generation),http://www.wikidata.org/entity/Q962328,Ford Edge,http://www.wikidata.org/entity/Q44294,Ford,США,,,,,,,,http://commons.wikimedia.org/wiki/Special:FilePath/2017%20Ford%20Edge%20%281%29.jpg
http://www.wikidata.org/entity/Q90023707,Ford F-100 (1953),http://www.wikidata.org/entity/Q1146685,Ford F-Series,http://www.wikidata.org/entity/Q44294,Ford,США,,,,,,,,http://commons.wikimedia.org/wiki/Special:FilePath/1955%20Ford%20F-100%20front.jpg
http://www.wikidata.org/entity/Q16568510,Ford F-150,http://www.wikidata.org/entity/Q1146685,Ford F-Series,http://www.wikidata.org/entity/Q44294,Ford,США,,,,,,,,http://commons.wikimedia.org/wiki/Special:FilePath/Ford%20F-150%20%28fourteenth%20generation%29%20Rutesheimer%20Autoschau%202025%20DSC%209217.jpg
http://www.wikidata.org/entity/Q31837515,Ford Fiesta (1995),http://www.wikidata.org/entity/Q3077171,Ford Fiesta,http://www.wikidata.org/entity/Q44294,Ford,США,,Ford Fiesta third generation,Ford Fiesta (2002),,,,,http://commons.wikimedia.org/wiki/Special:FilePath/1996%20Ford%20Fiesta%201.3%20LX%20%2828212307366%29.jpg
http://www.wikidata.org/entity/Q31837515,Ford Fiesta (1995),http://www.wikidata.org/entity/Q3077171,Ford Fiesta,http://www.wikidata.org/entity/Q44294,Ford,США,,Ford Fiesta third generation,Ford Fiesta (2002),,,,,http://commons.wikimedia.org/wiki/Special:FilePath/Ford%20Fiesta%20Zetec%20S%20Limited%20Edition%20%2845454424964%29.jpg
http://www.wikidata.org/entity/Q31837516,Ford Fiesta (2002),http://www.wikidata.org/entity/Q3077171,Ford Fiesta,http://www.wikidata.org/entity/Q44294,Ford,США,,Ford Fiesta (1995),Ford Fiesta MK6,,1685,,,http://commons.wikimedia.org/wiki/Special:FilePath/2003%20Ford%20Fiesta%20Zetec%201.4%20Front.jpg
http://www.wikidata.org/entity/Q31837516,Ford Fiesta (2002),http://www.wikidata.org/entity/Q3077171,Ford Fiesta,http://www.wikidata.org/entity/Q44294,Ford,США,,Ford Fiesta (1995),Ford Fiesta MK6,,1685,,,http://commons.wikimedia.org/wiki/Special:FilePath/Ford%20Fiesta%20VI%2020090822%20front.JPG
http://www.wikidata.org/entity/Q90702639,Ford Fiesta Active MK7,http://www.wikidata.org/entity/Q3077171,Ford Fiesta,http://www.wikidata.org/entity/Q44294,Ford,США,,,,,,,,http://commons.wikimedia.org/wiki/Special:FilePath/2018%20Ford%20Fiesta%20Active%20B%26O%20PLAY%201.0%20Front.jpg
http://www.wikidata.org/entity/Q90702622,Ford Fiesta MK7 Hybrid,http://www.wikidata.org/entity/Q3077171,Ford Fiesta,http://www.wikidata.org/entity/Q44294,Ford,США,,,,,,,,http://commons.wikimedia.org/wiki/Special:FilePath/Ford%20Fiesta%20MK7%20Hybrid%20at%20IAA%202019%20IMG%200418.jpg
http://www.wikidata.org/entity/Q90702637,Ford Fiesta ST MK7,http://www.wikidata.org/entity/Q3077171,Ford Fiesta,http://www.wikidata.org/entity/Q44294,Ford,США,,,,,,,,http://commons.wikimedia.org/wiki/Special:FilePath/2018%20Ford%20Fiesta%20ST%201.5%20Front.jpg
http://www.wikidata.org/entity/Q90919712,Ford Focus RS Mk I,http://www.wikidata.org/entity/Q5467780,Ford Focus (первое поколение),http://www.wikidata.org/entity/Q44294,Ford,США,,,,,,,,http://commons.wikimedia.org/wiki/Special:FilePath/2003%20Ford%20Focus%20RS%20%2815111297539%29.jpg
http://www.wikidata.org/entity/Q90020578,Ford Focus Active Mk IV,http://www.wikidata.org/entity/Q90020491,Ford Focus (четвёртое поколение),http://www.wikidata.org/entity/Q44294,Ford,США,,,,,,,,http://commons.wikimedia.org/wiki/Special:FilePath/Ford%20Focus%20Turnier%20Active%20Mk%20IV%20Facelift%20DSC%200741.jpg
http://www.wikidata.org/entity/Q90919706,Ford Focus RS Mk III,http://www.wikidata.org/entity/Q4038895,Ford Focus III,http://www.wikidata.org/entity/Q44294,Ford,США,,,,,,,,http://commons.wikimedia.org/wiki/Special:FilePath/2016%20Ford%20Focus%20RS%207.jpg
http://www.wikidata.org/entity/Q90924033,Ford Focus ST Mk III,http://www.wikidata.org/entity/Q4038895,Ford Focus III,http://www.wikidata.org/entity/Q44294,Ford,США,,,,,,,,http://commons.wikimedia.org/wiki/Special:FilePath/Ford%20Focus%20ST%20Mk%20III%20DSC%207261.jpg
http://www.wikidata.org/entity/Q90702597,Ford Kuga (second generation),http://www.wikidata.org/entity/Q668293,Ford Kuga,http://www.wikidata.org/entity/Q44294,Ford,США,,,,,,,,http://commons.wikimedia.org/wiki/Special:FilePath/2012-03-07%20Motorshow%20Geneva%204340.JPG
http://www.wikidata.org/entity/Q90023513,Ford Mustang IV SVT Cobra,http://www.wikidata.org/entity/Q5467867,Ford Mustang,http://www.wikidata.org/entity/Q44294,Ford,США,,,,,,,,http://commons.wikimedia.org/wiki/Special:FilePath/1998MustangCobra.JPG
http://www.wikidata.org/entity/Q90020485,Ford Sierra Mk1,http://www.wikidata.org/entity/Q366912,Ford Sierra,http://www.wikidata.org/entity/Q44294,Ford,США,,,,,,,,http://commons.wikimedia.org/wiki/Special:FilePath/1985%20Ford%20Sierra%202.0L.JPG
http://www.wikidata.org/entity/Q90924029,Ford Sierra Mk2,http://www.wikidata.org/entity/Q366912,Ford Sierra,http://www.wikidata.org/entity/Q44294,Ford,США,,,,,,,,http://commons.wikimedia.org/wiki/Special:FilePath/1985%20%28%3F%29%20Ford%20Sierra%202.0%20Laser%20%2814470686514%29.jpg
http://www.wikidata.org/entity/Q90919719,Ford Tourneo Connect (2nd generation),http://www.wikidata.org/entity/Q2662186,Ford Tourneo Connect,http://www.wikidata.org/entity/Q44294,Ford,США,,,,,,,,http://commons.wikimedia.org/wiki/Special:FilePath/2014-03-04%20Geneva%20Motor%20Show%200863.JPG
http://www.wikidata.org/entity/Q6550314,LincVolt,http://www.wikidata.org/entity/Q1358633,Lincoln Continental,http://www.wikidata.org/entity/Q44294,Ford,США,,,,,,,,http://commons.wikimedia.org/wiki/Special:FilePath/El-v-01%20ubt.jpeg
http://www.wikidata.org/entity/Q6550314,LincVolt,http://www.wikidata.org/entity/Q1483388,Plug-in hybrid,http://www.wikidata.org/entity/Q44294,Ford,США,,,,,,,,http://commons.wikimedia.org/wiki/Special:FilePath/El-v-01%20ubt.jpeg
http://www.wikidata.org/entity/Q90022278,Shelby GT350,http://www.wikidata.org/entity/Q282617,Shelby Mustang,http://www.wikidata.org/entity/Q44294,Ford,США,,,,,,,,http://commons.wikimedia.org/wiki/Special:FilePath/%2767%20Shelby%20Mustang%20%28Cruisin%27%20At%20The%20Boardwalk%20%2710%29.jpg
http://www.wikidata.org/entity/Q90996298,Shelby Mustang GT500,http://www.wikidata.org/entity/Q282617,Shelby Mustang,http://www.wikidata.org/entity/Q44294,Ford,США,,,,,,,,http://commons.wikimedia.org/wiki/Special:FilePath/01supersnake2011.jpg
http://www.wikidata.org/entity/Q7869014,USS Eagle Boat 56,http://www.wikidata.org/entity/Q331795,cторожевой корабль,http://www.wikidata.org/entity/Q44294,Ford,США,,,,,,,,http://commons.wikimedia.org/wiki/Special:FilePath/Eagle%20boat.jpg
http://www.wikidata.org/entity/Q137754897,BlueCruise,http://www.wikidata.org/entity/Q1060280,Современные системы помощи водителю,http://www.wikidata.org/entity/Q44294,Ford,США,,,,,,,,
http://www.wikidata.org/entity/Q5467631,Ford 6R transmission,http://www.wikidata.org/entity/Q843592,автоматическая трансмиссия,http://www.wikidata.org/entity/Q44294,Ford,США,,Ford AOD transmission,,,,,,
http://www.wikidata.org/entity/Q21130025,Bootmobile,http://www.wikidata.org/entity/Q1420,автомобиль,http://www.wikidata.org/entity/Q44294,Ford,США,,,,,,,,http://commons.wikimedia.org/wiki/Special:FilePath/Freeport%20shoecar%2007.07.2012%2013-42-46.jpg
http://www.wikidata.org/entity/Q5467725,Ford EX,http://www.wikidata.org/entity/Q1420,автомобиль,http://www.wikidata.org/entity/Q44294,Ford,США,,,,,,,,
http://www.wikidata.org/entity/Q598084,Ford Explorer,http://www.wikidata.org/entity/Q1420,автомобиль,http://www.wikidata.org/entity/Q44294,Ford,США,,Ford Bronco II,,,,,,http://commons.wikimedia.org/wiki/Special:FilePath/2025%20Ford%20Explorer%20Active%20%28facelift%29%2C%20front%2012.20.24.jpg
http://www.wikidata.org/entity/Q5467908,Ford Ranch Wagon,http://www.wikidata.org/entity/Q1420,автомобиль,http://www.wikidata.org/entity/Q44294,Ford,США,,,,,,,,http://commons.wikimedia.org/wiki/Special:FilePath/1952%20Ford%20Ranch%20Wagon.jpg
http://www.wikidata.org/entity/Q85761610,Ford Raptor,http://www.wikidata.org/entity/Q10429667,автомобильная марка,http://www.wikidata.org/entity/Q44294,Ford,США,,,,,,,,http://commons.wikimedia.org/wiki/Special:FilePath/Austrian%20500%20US-CAR%20DAYS%202019%2024.jpg
http://www.wikidata.org/entity/Q179622,Merkur,http://www.wikidata.org/entity/Q10429667,автомобильная марка,http://www.wikidata.org/entity/Q44294,Ford,США,,,,,,,,http://commons.wikimedia.org/wiki/Special:FilePath/MerkurXr4ti.JPG
http://www.wikidata.org/entity/Q5467621,Ford 385,http://www.wikidata.org/entity/Q502048,бензиновый двигатель внутреннего сгорания,http://www.wikidata.org/entity/Q44294,Ford,США,,,,,,,,http://commons.wikimedia.org/wiki/Special:FilePath/Ford%20Mustang%20Cobra%20460.JPG
http://www.wikidata.org/entity/Q1836478,Ford D3,http://www.wikidata.org/entity/Q4830453,бизнес,http://www.wikidata.org/entity/Q44294,Ford,США,,,,,,,,http://commons.wikimedia.org/wiki/Special:FilePath/2010%20Ford%20Taurus%20SHO%20--%2009-07-2009.jpg
http://www.wikidata.org/entity/Q65117372,Mercon,http://www.wikidata.org/entity/Q431289,бренд,http://www.wikidata.org/entity/Q44294,Ford,США,,,,,,,,http://commons.wikimedia.org/wiki/Special:FilePath/Mercon%20LV%20ATF.jpg
http://www.wikidata.org/entity/Q23637350,Ford-Van Auken 1909 Monoplane,http://www.wikidata.org/entity/Q11436,воздушное судно,http://www.wikidata.org/entity/Q44294,Ford,США,,,,,,,,
http://www.wikidata.org/entity/Q132586639,Ronny's and Ragge's first Fårrd,http://www.wikidata.org/entity/Q15707563,вымышленный автомобиль,http://www.wikidata.org/entity/Q44294,Ford,США,,,,,,,,
http://www.wikidata.org/entity/Q133265541,Ronny's and Ragge's second Fårrd,http://www.wikidata.org/entity/Q15707563,вымышленный автомобиль,http://www.wikidata.org/entity/Q44294,Ford,США,,,,,,,,
http://www.wikidata.org/entity/Q133265543,Ronny's and Ragge's third Fårrd,http://www.wikidata.org/entity/Q15707563,вымышленный автомобиль,http://www.wikidata.org/entity/Q44294,Ford,США,,,,,,,,
http://www.wikidata.org/entity/Q108091975,Ford Sweepstakes,http://www.wikidata.org/entity/Q673687,гоночный автомобиль,http://www.wikidata.org/entity/Q44294,Ford,США,,,,,,,,http://commons.wikimedia.org/wiki/Special:FilePath/1901%20Ford%20Sweepstakes%20race%20car%20-%20The%20Henry%20Ford%20-%20Engines%20Exposed%20Exhibit%202-22-2016%20%281%29%20%2831310513184%29.jpg
http://www.wikidata.org/entity/Q65117372,Mercon,http://www.wikidata.org/entity/Q4826615,жидкость для трансмиссии,http://www.wikidata.org/entity/Q44294,Ford,США,,,,,,,,http://commons.wikimedia.org/wiki/Special:FilePath/Mercon%20LV%20ATF.jpg
http://www.wikidata.org/entity/Q5467820,Ford Individual,http://www.wikidata.org/entity/Q1000371,кастомизация,http://www.wikidata.org/entity/Q44294,Ford,США,,,,,,,,
http://www.wikidata.org/entity/Q112967359,Ford Allegro II,http://www.wikidata.org/entity/Q850270,концепт-кар,http://www.wikidata.org/entity/Q44294,Ford,США,,,,,,,,
http://www.wikidata.org/entity/Q1436811,Ford Evos,http://www.wikidata.org/entity/Q850270,концепт-кар,http://www.wikidata.org/entity/Q44294,Ford,США,,,,,,,,http://commons.wikimedia.org/wiki/Special:FilePath/Ford%20Evos%20plug-in%20hybrid%20WAS%202012%200589.JPG
http://www.wikidata.org/entity/Q48814084,Ford FX-Atmos,http://www.wikidata.org/entity/Q850270,концепт-кар,http://www.wikidata.org/entity/Q44294,Ford,США,,,,,,,,http://commons.wikimedia.org/wiki/Special:FilePath/Concept%20Car%20Collection%20%284703951724%29.jpg
http://www.wikidata.org/entity/Q112967382,Ford Freestyle FX Concept,http://www.wikidata.org/entity/Q850270,концепт-кар,http://www.wikidata.org/entity/Q44294,Ford,США,,,,,,,,
http://www.wikidata.org/entity/Q5467819,Ford Indigo,http://www.wikidata.org/entity/Q850270,концепт-кар,http://www.wikidata.org/entity/Q44294,Ford,США,,,,,,,,
http://www.wikidata.org/entity/Q5467822,Ford Interceptor,http://www.wikidata.org/entity/Q850270,концепт-кар,http://www.wikidata.org/entity/Q44294,Ford,США,,,,5121,1941,1392,,http://commons.wikimedia.org/wiki/Special:FilePath/Ford-Interceptor-DC.jpg
http://www.wikidata.org/entity/Q112967349,Ford Mach 2,http://www.wikidata.org/entity/Q850270,концепт-кар,http://www.wikidata.org/entity/Q44294,Ford,США,,,,,,,,
http://www.wikidata.org/entity/Q59492105,Ford Mystere,http://www.wikidata.org/entity/Q850270,концепт-кар,http://www.wikidata.org/entity/Q44294,Ford,США,,,,,,,,http://commons.wikimedia.org/wiki/Special:FilePath/Concept%20Car%20Collection%20%284703949174%29.jpg
http://www.wikidata.org/entity/Q112967356,Ford Prima,http://www.wikidata.org/entity/Q850270,концепт-кар,http://www.wikidata.org/entity/Q44294,Ford,США,,,,,,,,
http://www.wikidata.org/entity/Q5467911,Ford Reflex,http://www.wikidata.org/entity/Q850270,концепт-кар,http://www.wikidata.org/entity/Q44294,Ford,США,,,,,,,,http://commons.wikimedia.org/wiki/Special:FilePath/Ford%20Refl3x%20Concept%20passenger.jpg
http://www.wikidata.org/entity/Q5467930,Ford SYNus,http://www.wikidata.org/entity/Q850270,концепт-кар,http://www.wikidata.org/entity/Q44294,Ford,США,,,,,,,,http://commons.wikimedia.org/wiki/Special:FilePath/Ford%20SYNUS%20concept.jpg
http://www.wikidata.org/entity/Q3076969,Ford Shelby Cobra Concept,http://www.wikidata.org/entity/Q850270,концепт-кар,http://www.wikidata.org/entity/Q44294,Ford,США,,,,3947,1905,,1395,http://commons.wikimedia.org/wiki/Special:FilePath/2010%20Shelby%20DRB540%20Cobra%20%2822605298204%29.jpg
http://www.wikidata.org/entity/Q5467991,Ford Visos,http://www.wikidata.org/entity/Q850270,концепт-кар,http://www.wikidata.org/entity/Q44294,Ford,США,,,,,,,,http://commons.wikimedia.org/wiki/Special:FilePath/IAA%202003%20125%20-%20Flickr%20-%20Axel%20Schwenke.jpg
http://www.wikidata.org/entity/Q89344777,Ford Volante,http://www.wikidata.org/entity/Q850270,концепт-кар,http://www.wikidata.org/entity/Q44294,Ford,США,,,,,,,,http://commons.wikimedia.org/wiki/Special:FilePath/Concept%20Car%20Collection%20%284703942652%29.jpg
http://www.wikidata.org/entity/Q5565192,Giugiaro Ford Mustang,http://www.wikidata.org/entity/Q850270,концепт-кар,http://www.wikidata.org/entity/Q44294,Ford,США,,,,,,,,http://commons.wikimedia.org/wiki/Special:FilePath/Giugiaro%20quarter.jpg
http://www.wikidata.org/entity/Q6535602,Levicar,http://www.wikidata.org/entity/Q850270,концепт-кар,http://www.wikidata.org/entity/Q44294,Ford,США,,,,,,,,http://commons.wikimedia.org/wiki/Special:FilePath/Concept%20Car%20Collection%20%284703943400%29.jpg
http://www.wikidata.org/entity/Q545618,Soybean Car,http://www.wikidata.org/entity/Q850270,концепт-кар,http://www.wikidata.org/entity/Q44294,Ford,США,,,,,,,,http://commons.wikimedia.org/wiki/Special:FilePath/Ford%20HempBodyCar.jpg
http://www.wikidata.org/entity/Q4038889,Ford Airstream,http://www.wikidata.org/entity/Q850270,концепт-кар,http://www.wikidata.org/entity/Q44294,Ford,США,,,,,,,,http://commons.wikimedia.org/wiki/Special:FilePath/Auto%20Show%20024.jpg
http://www.wikidata.org/entity/Q16993631,Ford Atlas,http://www.wikidata.org/entity/Q850270,концепт-кар,http://www.wikidata.org/entity/Q44294,Ford,США,,,,,,,,http://commons.wikimedia.org/wiki/Special:FilePath/Ford-Atlas.jpg
http://www.wikidata.org/entity/Q653729,Ford GT90,http://www.wikidata.org/entity/Q850270,концепт-кар,http://www.wikidata.org/entity/Q44294,Ford,США,,,,,,,,http://commons.wikimedia.org/wiki/Special:FilePath/Ford%20GT90%20Front.jpg
http://www.wikidata.org/entity/Q511677,Ford Nucleon,http://www.wikidata.org/entity/Q850270,концепт-кар,http://www.wikidata.org/entity/Q44294,Ford,США,,,,,,,,http://commons.wikimedia.org/wiki/Special:FilePath/Deutsches%20Technikmuseum%20Berlin%20February%202008%200022.JPG
http://www.wikidata.org/entity/Q260932,Ford Shelby GR-1,http://www.wikidata.org/entity/Q850270,концепт-кар,http://www.wikidata.org/entity/Q44294,Ford,США,,,,4412,1895,1168,1769,http://commons.wikimedia.org/wiki/Special:FilePath/Shelby%20GR-1%20at%20the%202005%20Chicago%20Auto%20Show.jpeg
http://www.wikidata.org/entity/Q1131665,Mercedes-Benz Bionic,http://www.wikidata.org/entity/Q850270,концепт-кар,http://www.wikidata.org/entity/Q44294,Ford,США,,,,4242,,,,http://commons.wikimedia.org/wiki/Special:FilePath/Mercedes-Benz%20bionic%20car.jpg
http://www.wikidata.org/entity/Q511677,Ford Nucleon,http://www.wikidata.org/entity/Q6498959,макет,http://www.wikidata.org/entity/Q44294,Ford,США,,,,,,,,http://commons.wikimedia.org/wiki/Special:FilePath/Deutsches%20Technikmuseum%20Berlin%20February%202008%200022.JPG
http://www.wikidata.org/entity/Q25461185,Q25461185,http://www.wikidata.org/entity/Q13222551,микробус,http://www.wikidata.org/entity/Q44294,Ford,США,,,,,,,,http://commons.wikimedia.org/wiki/Special:FilePath/Ford%20Transit%20%28Baureihe%20ab%201994%29.jpg
http://www.wikidata.org/entity/Q3467922,Ford Transit bus,http://www.wikidata.org/entity/Q23039057,модель автобуса,http://www.wikidata.org/entity/Q44294,Ford,США,,,,,2.4,,4800,http://commons.wikimedia.org/wiki/Special:FilePath/Huisstijl%20BBA%20Stadsbus%20353.jpg
http://www.wikidata.org/entity/Q1436956,Ford R-Series,http://www.wikidata.org/entity/Q23039057,модель автобуса,http://www.wikidata.org/entity/Q44294,Ford,США,,,,,2500,3000,,http://commons.wikimedia.org/wiki/Special:FilePath/George%20Wards%20Ford%20R1114%20-%20Plaxton%20PPE675R%20at%20the%20seaside%201978.jpg
http://www.wikidata.org/entity/Q5467653,Ford B-Series,http://www.wikidata.org/entity/Q23039057,модель автобуса,http://www.wikidata.org/entity/Q44294,Ford,США,1948-01-01T00:00:00Z,Ford V3000S,,,,,,http://commons.wikimedia.org/wiki/Special:FilePath/1980sThomasFordSheffield.jpg
http://www.wikidata.org/entity/Q114983085,Q114983085,http://www.wikidata.org/entity/Q3231690,модель автомобиля,http://www.wikidata.org/entity/Q44294,Ford,США,,,,,,,,http://commons.wikimedia.org/wiki/Special:FilePath/1985%20Ford%20Escort%20RS%20Turbo%201.6.jpg
http://www.wikidata.org/entity/Q1416546,Q1416546,http://www.wikidata.org/entity/Q3231690,модель автомобиля,http://www.wikidata.org/entity/Q44294,Ford,США,,Ford V8,,4938,,,,
http://www.wikidata.org/entity/Q1436783,Q1436783,http://www.wikidata.org/entity/Q3231690,модель автомобиля,http://www.wikidata.org/entity/Q44294,Ford,США,,,,,,,,
http://www.wikidata.org/entity/Q1436817,Q1436817,http://www.wikidata.org/entity/Q3231690,модель автомобиля,http://www.wikidata.org/entity/Q44294,Ford,США,,,,,,,,http://commons.wikimedia.org/wiki/Special:FilePath/1958%20Ford%20Fairlane.jpg
http://www.wikidata.org/entity/Q1436818,Q1436818,http://www.wikidata.org/entity/Q3231690,модель автомобиля,http://www.wikidata.org/entity/Q44294,Ford,США,,,,,,,,
http://www.wikidata.org/entity/Q14551874,Q14551874,http://www.wikidata.org/entity/Q3231690,модель автомобиля,http://www.wikidata.org/entity/Q44294,Ford,США,,,,,,,,http://commons.wikimedia.org/wiki/Special:FilePath/Landau197704.jpg
http://www.wikidata.org/entity/Q14906667,Q14906667,http://www.wikidata.org/entity/Q3231690,модель автомобиля,http://www.wikidata.org/entity/Q44294,Ford,США,,Ford Model B (1932),,4646,,,,http://commons.wikimedia.org/wiki/Special:FilePath/1934%20Ford%20Fordor%20Deluxe.jpg
http://www.wikidata.org/entity/Q3062588,Q3062588,http://www.wikidata.org/entity/Q3231690,модель автомобиля,http://www.wikidata.org/entity/Q44294,Ford,США,,,,,,,,
http://www.wikidata.org/entity/Q40447399,17,http://www.wikidata.org/entity/Q3231690,модель автомобиля,http://www.wikidata.org/entity/Q44294,Ford,США,,,,,,,,
http://www.wikidata.org/entity/Q4564024,1937 Ford,http://www.wikidata.org/entity/Q3231690,модель автомобиля,http://www.wikidata.org/entity/Q44294,Ford,США,,Ford V8,Ford 1941,,1765,1642,,http://commons.wikimedia.org/wiki/Special:FilePath/1937%20Ford%20V8%20Convertible.jpg
http://www.wikidata.org/entity/Q4568365,1955 Ford,http://www.wikidata.org/entity/Q3231690,модель автомобиля,http://www.wikidata.org/entity/Q44294,Ford,США,,Ford 1952,1957 Ford,,,,,http://commons.wikimedia.org/wiki/Special:FilePath/1955%20Ford%20Crown%20Victoria%202.jpg
http://www.wikidata.org/entity/Q4568999,1957 Ford,http://www.wikidata.org/entity/Q3231690,модель автомобиля,http://www.wikidata.org/entity/Q44294,Ford,США,,1955 Ford,1960 Ford,,,,,http://commons.wikimedia.org/wiki/Special:FilePath/1957%20Ford%20Fairline%20500%20Skyliner.jpg
http://www.wikidata.org/entity/Q4569949,1960 Ford,http://www.wikidata.org/entity/Q3231690,модель автомобиля,http://www.wikidata.org/entity/Q44294,Ford,США,,1957 Ford,Ford Galaxie,,,,,http://commons.wikimedia.org/wiki/Special:FilePath/1960%20Ford%20Galaxie%20Sunliner.jpg
http://www.wikidata.org/entity/Q28452871,1963 Ford Mustang II,http://www.wikidata.org/entity/Q3231690,модель автомобиля,http://www.wikidata.org/entity/Q44294,Ford,США,,,,,,,,http://commons.wikimedia.org/wiki/Special:FilePath/MUSTANG%20II%20SKETCH.jpg
http://www.wikidata.org/entity/Q40447264,24.7,http://www.wikidata.org/entity/Q3231690,модель автомобиля,http://www.wikidata.org/entity/Q44294,Ford,США,,,,,,,,
http://www.wikidata.org/entity/Q40508075,427,http://www.wikidata.org/entity/Q3231690,модель автомобиля,http://www.wikidata.org/entity/Q44294,Ford,США,,,,,,,,
http://www.wikidata.org/entity/Q40508523,Artic,http://www.wikidata.org/entity/Q3231690,модель автомобиля,http://www.wikidata.org/entity/Q44294,Ford,США,,,,,,,,
http://www.wikidata.org/entity/Q4947496,Boss 302 Mustang,http://www.wikidata.org/entity/Q3231690,модель автомобиля,http://www.wikidata.org/entity/Q44294,Ford,США,,,,,,,,http://commons.wikimedia.org/wiki/Special:FilePath/2012%20Ford%20Mustang%20Boss%20302%20coupe%20--%2011-10-2011.jpg
http://www.wikidata.org/entity/Q2320858,Boss 429,http://www.wikidata.org/entity/Q3231690,модель автомобиля,http://www.wikidata.org/entity/Q44294,Ford,США,,,,,,,,http://commons.wikimedia.org/wiki/Special:FilePath/BOSS429.JPG
http://www.wikidata.org/entity/Q40508685,C-Max Hybrid,http://www.wikidata.org/entity/Q3231690,модель автомобиля,http://www.wikidata.org/entity/Q44294,Ford,США,,,,,,,,
http://www.wikidata.org/entity/Q135616237,Category:Ford LTD 1973–1978,http://www.wikidata.org/entity/Q3231690,модель автомобиля,http://www.wikidata.org/entity/Q44294,Ford,США,,,,,,,,
http://www.wikidata.org/entity/Q40507492,Coin,http://www.wikidata.org/entity/Q3231690,модель автомобиля,http://www.wikidata.org/entity/Q44294,Ford,США,,,,,,,,
http://www.wikidata.org/entity/Q1128790,Continental Mark III (1958),http://www.wikidata.org/entity/Q3231690,модель автомобиля,http://www.wikidata.org/entity/Q44294,Ford,США,,Continental Mark II,Continental Mark IV (1959),5817,2035,,2370,http://commons.wikimedia.org/wiki/Special:FilePath/Lao%20royal%20Continental.jpg
http://www.wikidata.org/entity/Q1128794,Continental Mark IV (1959),http://www.wikidata.org/entity/Q3231690,модель автомобиля,http://www.wikidata.org/entity/Q44294,Ford,США,,Continental Mark III (1958),Continental Mark V (1960),5817,2035,1475,2370,http://commons.wikimedia.org/wiki/Special:FilePath/1959%20Lincoln%20Continental.JPG
http://www.wikidata.org/entity/Q1128799,Continental Mark V (1960),http://www.wikidata.org/entity/Q3231690,модель автомобиля,http://www.wikidata.org/entity/Q44294,Ford,США,,Continental Mark IV (1959),,5771,2040,1440,2370,http://commons.wikimedia.org/wiki/Special:FilePath/1960%20Lincoln%20Continental%20--%2010-02-2009.jpg
http://www.wikidata.org/entity/Q5189936,Cruise-O-Matic,http://www.wikidata.org/entity/Q3231690,модель автомобиля,http://www.wikidata.org/entity/Q44294,Ford,США,,,Ford AOD transmission,,,,,
http://www.wikidata.org/entity/Q40508942,Desert Excursion,http://www.wikidata.org/entity/Q3231690,модель автомобиля,http://www.wikidata.org/entity/Q44294,Ford,США,,,,,,,,
http://www.wikidata.org/entity/Q40504728,E-150,http://www.wikidata.org/entity/Q3231690,модель автомобиля,http://www.wikidata.org/entity/Q44294,Ford,США,,,,,,,,
http://www.wikidata.org/entity/Q40506426,E-Series Van,http://www.wikidata.org/entity/Q3231690,модель автомобиля,http://www.wikidata.org/entity/Q44294,Ford,США,,,,,,,,
http://www.wikidata.org/entity/Q1238173,Edsel Corsair,http://www.wikidata.org/entity/Q3231690,модель автомобиля,http://www.wikidata.org/entity/Q44294,Ford,США,,Mercury Monterey,Mercury Meteor,,2027,,,http://commons.wikimedia.org/wiki/Special:FilePath/1958%20Corsair%20Daten.jpg
http://www.wikidata.org/entity/Q40508228,Equator,http://www.wikidata.org/entity/Q3231690,модель автомобиля,http://www.wikidata.org/entity/Q44294,Ford,США,,,,,,,,
http://www.wikidata.org/entity/Q40509280,Extreme EX ford,http://www.wikidata.org/entity/Q3231690,модель автомобиля,http://www.wikidata.org/entity/Q44294,Ford,США,,,,,,,,
http://www.wikidata.org/entity/Q40444935,F-450 Super Duty,http://www.wikidata.org/entity/Q3231690,модель автомобиля,http://www.wikidata.org/entity/Q44294,Ford,США,,,,,,,,http://commons.wikimedia.org/wiki/Special:FilePath/2008%20Ford%20F-450.jpg
http://www.wikidata.org/entity/Q40447098,FPV BF GT,http://www.wikidata.org/entity/Q3231690,модель автомобиля,http://www.wikidata.org/entity/Q44294,Ford,США,,,,,,,,
http://www.wikidata.org/entity/Q5467627,Ford 2GA,http://www.wikidata.org/entity/Q3231690,модель автомобиля,http://www.wikidata.org/entity/Q44294,Ford,США,,,,,,,,
http://www.wikidata.org/entity/Q1436728,Ford 300,http://www.wikidata.org/entity/Q3231690,модель автомобиля,http://www.wikidata.org/entity/Q44294,Ford,США,,Ford Galaxie,Ford Custom,5309,,,,http://commons.wikimedia.org/wiki/Special:FilePath/Ford%20300.JPG
http://www.wikidata.org/entity/Q5467629,Ford 4F27E transmission,http://www.wikidata.org/entity/Q3231690,модель автомобиля,http://www.wikidata.org/entity/Q44294,Ford,США,,Ford F-4EAT transmission,,,,,,
http://www.wikidata.org/entity/Q5467639,Ford AOD transmission,http://www.wikidata.org/entity/Q3231690,модель автомобиля,http://www.wikidata.org/entity/Q44294,Ford,США,,Ford C4 transmission,Ford 6R transmission,,,,,
http://www.wikidata.org/entity/Q5467640,Ford ATX transmission,http://www.wikidata.org/entity/Q3231690,модель автомобиля,http://www.wikidata.org/entity/Q44294,Ford,США,,,Ford F-4EAT transmission,,,,,
http://www.wikidata.org/entity/Q5467642,Ford AXOD transmission,http://www.wikidata.org/entity/Q3231690,модель автомобиля,http://www.wikidata.org/entity/Q44294,Ford,США,,,GM-Ford 6-speed automatic transmission,,,,,
http://www.wikidata.org/entity/Q93439005,Ford Anglia 105E,http://www.wikidata.org/entity/Q3231690,модель автомобиля,http://www.wikidata.org/entity/Q44294,Ford,США,,,,,,,,http://commons.wikimedia.org/wiki/Special:FilePath/1960%20Ford%20105E%20Anglia%2C%20licence%20AL-17-79%2C%20pic6.JPG
http://www.wikidata.org/entity/Q10283405,Ford Belina,http://www.wikidata.org/entity/Q3231690,модель автомобиля,http://www.wikidata.org/entity/Q44294,Ford,США,,,,,,,,http://commons.wikimedia.org/wiki/Special:FilePath/1990%20Belina%20Ghia%20raro%20estado%20de%20conserva%C3%A7%C3%A3o.jpg
http://www.wikidata.org/entity/Q135402675,Ford Bronco New Energy,http://www.wikidata.org/entity/Q3231690,модель автомобиля,http://www.wikidata.org/entity/Q44294,Ford,США,,,,,,,,
http://www.wikidata.org/entity/Q1406619,Ford C 100,http://www.wikidata.org/entity/Q3231690,модель автомобиля,http://www.wikidata.org/entity/Q44294,Ford,США,,,,,1710,,880,http://commons.wikimedia.org/wiki/Special:FilePath/Ford%20C100%203.jpg
http://www.wikidata.org/entity/Q967959,Ford C-Max Energi,http://www.wikidata.org/entity/Q3231690,модель автомобиля,http://www.wikidata.org/entity/Q44294,Ford,США,,,,,,,,http://commons.wikimedia.org/wiki/Special:FilePath/Ford%20C%20Max%20Energi%20plug-in%20hybrid%20WAS%202011%20897.JPG
http://www.wikidata.org/entity/Q5467671,Ford C4 transmission,http://www.wikidata.org/entity/Q3231690,модель автомобиля,http://www.wikidata.org/entity/Q44294,Ford,США,,Cruise-O-Matic,Ford AOD transmission,,,,,
http://www.wikidata.org/entity/Q5467672,Ford C6 transmission,http://www.wikidata.org/entity/Q3231690,модель автомобиля,http://www.wikidata.org/entity/Q44294,Ford,США,,Cruise-O-Matic,Ford 6R transmission,,,,,
http://www.wikidata.org/entity/Q5467674,Ford CD4E transmission,http://www.wikidata.org/entity/Q3231690,модель автомобиля,http://www.wikidata.org/entity/Q44294,Ford,США,,Mazda G4A-EL transmission,GM-Ford 6-speed automatic transmission,,,,,
http://www.wikidata.org/entity/Q23637329,Ford Cirrus concept car,http://www.wikidata.org/entity/Q3231690,модель автомобиля,http://www.wikidata.org/entity/Q44294,Ford,США,,,,,,,,http://commons.wikimedia.org/wiki/Special:FilePath/Ford%20Cirrus%2016.jpg
http://www.wikidata.org/entity/Q77248596,Ford Cobra,http://www.wikidata.org/entity/Q3231690,модель автомобиля,http://www.wikidata.org/entity/Q44294,Ford,США,,,,,,,,
http://www.wikidata.org/entity/Q5467693,Ford Comuta,http://www.wikidata.org/entity/Q3231690,модель автомобиля,http://www.wikidata.org/entity/Q44294,Ford,США,,,,,,,,
http://www.wikidata.org/entity/Q1436745,Ford Conquistador,http://www.wikidata.org/entity/Q3231690,модель автомобиля,http://www.wikidata.org/entity/Q44294,Ford,США,,,,,,,,
http://www.wikidata.org/entity/Q846438,Ford Consul Capri,http://www.wikidata.org/entity/Q3231690,модель автомобиля,http://www.wikidata.org/entity/Q44294,Ford,США,,,,4337,1659,1330,,http://commons.wikimedia.org/wiki/Special:FilePath/Ford%20Consul%20Capri%20-%20Flickr%20-%20exfordy%20%281%29.jpg
http://www.wikidata.org/entity/Q90923621,Ford Consul MkII,http://www.wikidata.org/entity/Q3231690,модель автомобиля,http://www.wikidata.org/entity/Q44294,Ford,США,,,,,,,,http://commons.wikimedia.org/wiki/Special:FilePath/Ford.consul.mk2.arp.750pix.jpg
http://www.wikidata.org/entity/Q90020450,Ford Cortina MkI,http://www.wikidata.org/entity/Q3231690,модель автомобиля,http://www.wikidata.org/entity/Q44294,Ford,США,,,,,,,,http://commons.wikimedia.org/wiki/Special:FilePath/Ford%20Cortina%201500%20estate%20MkI%20first%20registered%20in%20UK%20July%201963%201489cc%20photographed%20ay%20Knebworth%202012.jpg
http://www.wikidata.org/entity/Q5467696,Ford Cougar 406,http://www.wikidata.org/entity/Q3231690,модель автомобиля,http://www.wikidata.org/entity/Q44294,Ford,США,,,,,,,,http://commons.wikimedia.org/wiki/Special:FilePath/Ford%20Cougar%20406.jpg
http://www.wikidata.org/entity/Q18913340,Ford Crestline,http://www.wikidata.org/entity/Q3231690,модель автомобиля,http://www.wikidata.org/entity/Q44294,Ford,США,,Ford Custom Deluxe,Ford Fairlane,,,,,http://commons.wikimedia.org/wiki/Special:FilePath/1954%20Ford%20Crestline%20Sunliner%20Convertible.jpg
http://www.wikidata.org/entity/Q5467700,Ford Crestline Skyliner,http://www.wikidata.org/entity/Q3231690,модель автомобиля,http://www.wikidata.org/entity/Q44294,Ford,США,,,Ford Fairlane Crown Victoria Skyliner,5037,1867,,,http://commons.wikimedia.org/wiki/Special:FilePath/1954%20Ford%20Crestline%20Skyliner.jpg
http://www.wikidata.org/entity/Q1451157,Ford Crown Victoria Police Interceptor,http://www.wikidata.org/entity/Q3231690,модель автомобиля,http://www.wikidata.org/entity/Q44294,Ford,США,,,,,,,,http://commons.wikimedia.org/wiki/Special:FilePath/Indianapolis%20Metropolitan%20police%20cruiser%201.jpg
http://www.wikidata.org/entity/Q1436778,Ford Custom,http://www.wikidata.org/entity/Q3231690,модель автомобиля,http://www.wikidata.org/entity/Q44294,Ford,США,,Ford 1941,Ford Custom Deluxe,,,,,http://commons.wikimedia.org/wiki/Special:FilePath/1949%20Ford%20custom%20300%20pic3.JPG
http://www.wikidata.org/entity/Q1436765,Ford Custom Deluxe,http://www.wikidata.org/entity/Q3231690,модель автомобиля,http://www.wikidata.org/entity/Q44294,Ford,США,,Ford 1941,Ford Crestline,,,,,http://commons.wikimedia.org/wiki/Special:FilePath/1950%20Ford%2076%20Custom%20De%20Luxe%20Convertible%20Coupe.jpg
http://www.wikidata.org/entity/Q1436772,Ford Customline,http://www.wikidata.org/entity/Q3231690,модель автомобиля,http://www.wikidata.org/entity/Q44294,Ford,США,,Ford Custom Deluxe,Ford Custom,,,,,http://commons.wikimedia.org/wiki/Special:FilePath/1954%20Ford%20De%20Luxe%20Fordor%20Sedan%20FSZ226.jpg
http://www.wikidata.org/entity/Q113460701,Ford E-Transit,http://www.wikidata.org/entity/Q3231690,модель автомобиля,http://www.wikidata.org/entity/Q44294,Ford,США,,,,,,,,
http://www.wikidata.org/entity/Q90702584,Ford EcoSport (2nd generation),http://www.wikidata.org/entity/Q3231690,модель автомобиля,http://www.wikidata.org/entity/Q44294,Ford,США,,,,,,,,http://commons.wikimedia.org/wiki/Special:FilePath/2012%20Ford%20EcoSport%20%28BK%29%20Titanium%20wagon%20%282012-10-26%29%2001.jpg
http://www.wikidata.org/entity/Q90702580,Ford Edge (second generation),http://www.wikidata.org/entity/Q3231690,модель автомобиля,http://www.wikidata.org/entity/Q44294,Ford,США,,,,,,,,http://commons.wikimedia.org/wiki/Special:FilePath/2017%20Ford%20Edge%20%281%29.jpg
http://www.wikidata.org/entity/Q96146405,Ford Escort RS,http://www.wikidata.org/entity/Q3231690,модель автомобиля,http://www.wikidata.org/entity/Q44294,Ford,США,,,,,,,,http://commons.wikimedia.org/wiki/Special:FilePath/1983%20Ford%20Escort%20RS1600i.jpg
http://www.wikidata.org/entity/Q90023707,Ford F-100 (1953),http://www.wikidata.org/entity/Q3231690,модель автомобиля,http://www.wikidata.org/entity/Q44294,Ford,США,,,,,,,,http://commons.wikimedia.org/wiki/Special:FilePath/1955%20Ford%20F-100%20front.jpg
http://www.wikidata.org/entity/Q99642802,Ford F-150 Lightning,http://www.wikidata.org/entity/Q3231690,модель автомобиля,http://www.wikidata.org/entity/Q44294,Ford,США,,,,5910,2030,2004,2948,http://commons.wikimedia.org/wiki/Special:FilePath/Ford%20F-150%20Lightning%20CRI%2005%202023%203639.jpg
http://www.wikidata.org/entity/Q5467743,Ford F-4EAT transmission,http://www.wikidata.org/entity/Q3231690,модель автомобиля,http://www.wikidata.org/entity/Q44294,Ford,США,,Ford ATX transmission,Ford 4F27E transmission,,,,,
http://www.wikidata.org/entity/Q5467745,Ford F-550,http://www.wikidata.org/entity/Q3231690,модель автомобиля,http://www.wikidata.org/entity/Q44294,Ford,США,,,,,,,,
http://www.wikidata.org/entity/Q5479926,Ford FK 1000,http://www.wikidata.org/entity/Q3231690,модель автомобиля,http://www.wikidata.org/entity/Q44294,Ford,США,,,,,,,,http://commons.wikimedia.org/wiki/Special:FilePath/Ford%20FK%201000%20Spielvogel%202014%202.jpg
http://www.wikidata.org/entity/Q5467764,Ford Fairlane Crown Victoria Skyliner,http://www.wikidata.org/entity/Q3231690,модель автомобиля,http://www.wikidata.org/entity/Q44294,Ford,США,,Ford Crestline Skyliner,Ford Skyliner,5042,1928,,,http://commons.wikimedia.org/wiki/Special:FilePath/1955%20Ford%20Crown%20Victoria%20Skyliner.JPG
http://www.wikidata.org/entity/Q31837515,Ford Fiesta (1995),http://www.wikidata.org/entity/Q3231690,модель автомобиля,http://www.wikidata.org/entity/Q44294,Ford,США,,Ford Fiesta third generation,Ford Fiesta (2002),,,,,http://commons.wikimedia.org/wiki/Special:FilePath/1996%20Ford%20Fiesta%201.3%20LX%20%2828212307366%29.jpg
http://www.wikidata.org/entity/Q31837515,Ford Fiesta (1995),http://www.wikidata.org/entity/Q3231690,модель автомобиля,http://www.wikidata.org/entity/Q44294,Ford,США,,Ford Fiesta third generation,Ford Fiesta (2002),,,,,http://commons.wikimedia.org/wiki/Special:FilePath/Ford%20Fiesta%20Zetec%20S%20Limited%20Edition%20%2845454424964%29.jpg
http://www.wikidata.org/entity/Q31837516,Ford Fiesta (2002),http://www.wikidata.org/entity/Q3231690,модель автомобиля,http://www.wikidata.org/entity/Q44294,Ford,США,,Ford Fiesta (1995),Ford Fiesta MK6,,1685,,,http://commons.wikimedia.org/wiki/Special:FilePath/2003%20Ford%20Fiesta%20Zetec%201.4%20Front.jpg
http://www.wikidata.org/entity/Q31837516,Ford Fiesta (2002),http://www.wikidata.org/entity/Q3231690,модель автомобиля,http://www.wikidata.org/entity/Q44294,Ford,США,,Ford Fiesta (1995),Ford Fiesta MK6,,1685,,,http://commons.wikimedia.org/wiki/Special:FilePath/Ford%20Fiesta%20VI%2020090822%20front.JPG
http://www.wikidata.org/entity/Q31837520,Ford Fiesta (2017),http://www.wikidata.org/entity/Q3231690,модель автомобиля,http://www.wikidata.org/entity/Q44294,Ford,США,,Ford Fiesta MK6,,4040,1734,1476,,http://commons.wikimedia.org/wiki/Special:FilePath/2017%20Ford%20Fiesta%20Zetec%20Turbo%201.0%20Front.jpg
http://www.wikidata.org/entity/Q90702639,Ford Fiesta Active MK7,http://www.wikidata.org/entity/Q3231690,модель автомобиля,http://www.wikidata.org/entity/Q44294,Ford,США,,,,,,,,http://commons.wikimedia.org/wiki/Special:FilePath/2018%20Ford%20Fiesta%20Active%20B%26O%20PLAY%201.0%20Front.jpg
http://www.wikidata.org/entity/Q12063185,Ford Fiesta MK6,http://www.wikidata.org/entity/Q3231690,модель автомобиля,http://www.wikidata.org/entity/Q44294,Ford,США,,Ford Fiesta (2002),Ford Fiesta (2017),,1722,,,http://commons.wikimedia.org/wiki/Special:FilePath/2010%20Ford%20Fiesta%20%28WT%29%20LX%205-door%20hatchback%20%282015-07-16%29%2001.jpg
http://www.wikidata.org/entity/Q12063185,Ford Fiesta MK6,http://www.wikidata.org/entity/Q3231690,модель автомобиля,http://www.wikidata.org/entity/Q44294,Ford,США,,Ford Fiesta (2002),Ford Fiesta (2017),,1722,,,http://commons.wikimedia.org/wiki/Special:FilePath/FordFiesta%202009%20%28cropped%29.jpg
http://www.wikidata.org/entity/Q90702622,Ford Fiesta MK7 Hybrid,http://www.wikidata.org/entity/Q3231690,модель автомобиля,http://www.wikidata.org/entity/Q44294,Ford,США,,,,,,,,http://commons.wikimedia.org/wiki/Special:FilePath/Ford%20Fiesta%20MK7%20Hybrid%20at%20IAA%202019%20IMG%200418.jpg
http://www.wikidata.org/entity/Q2554248,Ford Fiesta S2000,http://www.wikidata.org/entity/Q3231690,модель автомобиля,http://www.wikidata.org/entity/Q44294,Ford,США,,,,,,,,http://commons.wikimedia.org/wiki/Special:FilePath/Rally%20Finland%202010%20-%20shakedown%20-%20Nasser%20Al-Attiyah%201.jpg
http://www.wikidata.org/entity/Q90924138,Ford Fiesta ST MK6,http://www.wikidata.org/entity/Q3231690,модель автомобиля,http://www.wikidata.org/entity/Q44294,Ford,США,,,,,,,,http://commons.wikimedia.org/wiki/Special:FilePath/Ford%20Fiesta%20ST%20-%20Mondial%20de%20l%27Automobile%20de%20Paris%202014%20-%20003.jpg
http://www.wikidata.org/entity/Q90702637,Ford Fiesta ST MK7,http://www.wikidata.org/entity/Q3231690,модель автомобиля,http://www.wikidata.org/entity/Q44294,Ford,США,,,,,,,,http://commons.wikimedia.org/wiki/Special:FilePath/2018%20Ford%20Fiesta%20ST%201.5%20Front.jpg
http://www.wikidata.org/entity/Q90020578,Ford Focus Active Mk IV,http://www.wikidata.org/entity/Q3231690,модель автомобиля,http://www.wikidata.org/entity/Q44294,Ford,США,,,,,,,,http://commons.wikimedia.org/wiki/Special:FilePath/Ford%20Focus%20Turnier%20Active%20Mk%20IV%20Facelift%20DSC%200741.jpg
http://www.wikidata.org/entity/Q2545532,Ford Focus CC,http://www.wikidata.org/entity/Q3231690,модель автомобиля,http://www.wikidata.org/entity/Q44294,Ford,США,,,,,,,,http://commons.wikimedia.org/wiki/Special:FilePath/Ford%20Focus%20Cabrio%20blue%20vr%20EMS.jpg
http://www.wikidata.org/entity/Q5467783,Ford Focus Electric,http://www.wikidata.org/entity/Q3231690,модель автомобиля,http://www.wikidata.org/entity/Q44294,Ford,США,,,,,,,,http://commons.wikimedia.org/wiki/Special:FilePath/2012%20Ford%20Focus%20Electric%202011%20LA%20Auto%20Show.jpg
http://www.wikidata.org/entity/Q1436829,Ford Focus FCV Hybrid,http://www.wikidata.org/entity/Q3231690,модель автомобиля,http://www.wikidata.org/entity/Q44294,Ford,США,,,,4338,1758,1481,1500,http://commons.wikimedia.org/wiki/Special:FilePath/Ford%20Focus%202-Door%20Sedan%20%2707.JPG
http://www.wikidata.org/entity/Q4180769,Ford Focus RS,http://www.wikidata.org/entity/Q3231690,модель автомобиля,http://www.wikidata.org/entity/Q44294,Ford,США,,,,,,,,http://commons.wikimedia.org/wiki/Special:FilePath/Ford%20Focus%20RS%20Mk%20III%202015-03-27%20002.jpg
http://www.wikidata.org/entity/Q90919712,Ford Focus RS Mk I,http://www.wikidata.org/entity/Q3231690,модель автомобиля,http://www.wikidata.org/entity/Q44294,Ford,США,,,,,,,,http://commons.wikimedia.org/wiki/Special:FilePath/2003%20Ford%20Focus%20RS%20%2815111297539%29.jpg
http://www.wikidata.org/entity/Q90919706,Ford Focus RS Mk III,http://www.wikidata.org/entity/Q3231690,модель автомобиля,http://www.wikidata.org/entity/Q44294,Ford,США,,,,,,,,http://commons.wikimedia.org/wiki/Special:FilePath/2016%20Ford%20Focus%20RS%207.jpg
http://www.wikidata.org/entity/Q11698416,Ford Focus ST,http://www.wikidata.org/entity/Q3231690,модель автомобиля,http://www.wikidata.org/entity/Q44294,Ford,США,,,,,,,,http://commons.wikimedia.org/wiki/Special:FilePath/Ford%20Focus%20Mk%20IV%20Leonberg%202019%20IMG%200048.jpg
http://www.wikidata.org/entity/Q90924033,Ford Focus ST Mk III,http://www.wikidata.org/entity/Q3231690,модель автомобиля,http://www.wikidata.org/entity/Q44294,Ford,США,,,,,,,,http://commons.wikimedia.org/wiki/Special:FilePath/Ford%20Focus%20ST%20Mk%20III%20DSC%207261.jpg
http://www.wikidata.org/entity/Q5467781,Ford Fordor,http://www.wikidata.org/entity/Q3231690,модель автомобиля,http://www.wikidata.org/entity/Q44294,Ford,США,,,,,,,,
http://www.wikidata.org/entity/Q5467784,Ford Forty-Nine,http://www.wikidata.org/entity/Q3231690,модель автомобиля,http://www.wikidata.org/entity/Q44294,Ford,США,,,,,,,,http://commons.wikimedia.org/wiki/Special:FilePath/FordFortyNineConcept.jpg
http://www.wikidata.org/entity/Q1436844,Ford Freestyle,http://www.wikidata.org/entity/Q3231690,модель автомобиля,http://www.wikidata.org/entity/Q44294,Ford,США,,Ford Taurus,Ford Taurus X,,1890,,1796,http://commons.wikimedia.org/wiki/Special:FilePath/Ford%20Freestyle%20SEL.jpg
http://www.wikidata.org/entity/Q201700,Ford Futura,http://www.wikidata.org/entity/Q3231690,модель автомобиля,http://www.wikidata.org/entity/Q44294,Ford,США,,,,,,,,http://commons.wikimedia.org/wiki/Special:FilePath/Ford%20Futura%20Heck.JPG
http://www.wikidata.org/entity/Q23856323,Ford GT,http://www.wikidata.org/entity/Q3231690,модель автомобиля,http://www.wikidata.org/entity/Q44294,Ford,США,,Ford GT (2004–2006),,4762,2004,1110,1385,http://commons.wikimedia.org/wiki/Special:FilePath/Ford%20GT%20%282nd%20generation%29%20coupes%20IMG%200224.jpg
http://www.wikidata.org/entity/Q90416964,Ford GT (2004–2006),http://www.wikidata.org/entity/Q3231690,модель автомобиля,http://www.wikidata.org/entity/Q44294,Ford,США,,Ford GT40,Ford GT,4643,1953,1125,1595,http://commons.wikimedia.org/wiki/Special:FilePath/FordGT.jpg
http://www.wikidata.org/entity/Q1261627,Ford GT70,http://www.wikidata.org/entity/Q3231690,модель автомобиля,http://www.wikidata.org/entity/Q44294,Ford,США,,,,,,,,
http://www.wikidata.org/entity/Q56359579,Ford Grand C-Max,http://www.wikidata.org/entity/Q3231690,модель автомобиля,http://www.wikidata.org/entity/Q44294,Ford,США,,,,,,,,http://commons.wikimedia.org/wiki/Special:FilePath/Ford%20Grand%20C-Max%201.6%20TDCi%20Titanium%20%28II%29%20%E2%80%93%20Frontansicht%2C%202.%20April%202011%2C%20D%C3%BCsseldorf.jpg
http://www.wikidata.org/entity/Q88894022,Ford I-Max,http://www.wikidata.org/entity/Q3231690,модель автомобиля,http://www.wikidata.org/entity/Q44294,Ford,США,,,,,,,,http://commons.wikimedia.org/wiki/Special:FilePath/2007%20Ford%20i-Max%20%28front%29.jpg
http://www.wikidata.org/entity/Q5467822,Ford Interceptor,http://www.wikidata.org/entity/Q3231690,модель автомобиля,http://www.wikidata.org/entity/Q44294,Ford,США,,,,5121,1941,1392,,http://commons.wikimedia.org/wiki/Special:FilePath/Ford-Interceptor-DC.jpg
http://www.wikidata.org/entity/Q11859799,Ford Ka Mk II,http://www.wikidata.org/entity/Q3231690,модель автомобиля,http://www.wikidata.org/entity/Q44294,Ford,США,,,,,,,,
http://www.wikidata.org/entity/Q3542960,Ford Ka ST,http://www.wikidata.org/entity/Q3231690,модель автомобиля,http://www.wikidata.org/entity/Q44294,Ford,США,,,,,,,,
http://www.wikidata.org/entity/Q40033362,Ford Ka+,http://www.wikidata.org/entity/Q3231690,модель автомобиля,http://www.wikidata.org/entity/Q44294,Ford,США,,,,,,,,http://commons.wikimedia.org/wiki/Special:FilePath/Ford%20Figo%20Second%20Generation%20%282016%29.jpg
http://www.wikidata.org/entity/Q90702597,Ford Kuga (second generation),http://www.wikidata.org/entity/Q3231690,модель автомобиля,http://www.wikidata.org/entity/Q44294,Ford,США,,,,,,,,http://commons.wikimedia.org/wiki/Special:FilePath/2012-03-07%20Motorshow%20Geneva%204340.JPG
http://www.wikidata.org/entity/Q123084062,Ford Kuga Titanium WP 2013,http://www.wikidata.org/entity/Q3231690,модель автомобиля,http://www.wikidata.org/entity/Q44294,Ford,США,,,,,,,,
http://www.wikidata.org/entity/Q135552983,Ford LTD 1969–1972,http://www.wikidata.org/entity/Q3231690,модель автомобиля,http://www.wikidata.org/entity/Q44294,Ford,США,,,,,,,,
http://www.wikidata.org/entity/Q1436888,Ford Mainline,http://www.wikidata.org/entity/Q3231690,модель автомобиля,http://www.wikidata.org/entity/Q44294,Ford,США,,Ford deluxe,Ford Custom,,,,,http://commons.wikimedia.org/wiki/Special:FilePath/1952%20Ford%20Mainline%203.9.jpg
http://www.wikidata.org/entity/Q5467849,Ford Model 91,http://www.wikidata.org/entity/Q3231690,модель автомобиля,http://www.wikidata.org/entity/Q44294,Ford,США,,,Ford Pilot,4470,,,1320,http://commons.wikimedia.org/wiki/Special:FilePath/Ford-Vairogs-V8-front.jpg
http://www.wikidata.org/entity/Q1436911,Ford Model R,http://www.wikidata.org/entity/Q3231690,модель автомобиля,http://www.wikidata.org/entity/Q44294,Ford,США,,Ford Model N,Ford Model T,,,,634,http://commons.wikimedia.org/wiki/Special:FilePath/1907%20Ford%20Model%20R%20front%2034.png
http://www.wikidata.org/entity/Q5467872,Ford Mustang I,http://www.wikidata.org/entity/Q3231690,модель автомобиля,http://www.wikidata.org/entity/Q44294,Ford,США,,,,,,,,http://commons.wikimedia.org/wiki/Special:FilePath/Ford%20Mustang%20I%20Concept%20car.jpg
http://www.wikidata.org/entity/Q90023513,Ford Mustang IV SVT Cobra,http://www.wikidata.org/entity/Q3231690,модель автомобиля,http://www.wikidata.org/entity/Q44294,Ford,США,,,,,,,,http://commons.wikimedia.org/wiki/Special:FilePath/1998MustangCobra.JPG
http://www.wikidata.org/entity/Q5467873,Ford Mustang Mach 1,http://www.wikidata.org/entity/Q3231690,модель автомобиля,http://www.wikidata.org/entity/Q44294,Ford,США,,,,,,,,http://commons.wikimedia.org/wiki/Special:FilePath/1969%20Ford%20Mustang%20Mach%20I.jpg
http://www.wikidata.org/entity/Q23637348,Ford Mustang RTR,http://www.wikidata.org/entity/Q3231690,модель автомобиля,http://www.wikidata.org/entity/Q44294,Ford,США,,,,,,,,http://commons.wikimedia.org/wiki/Special:FilePath/Vaughn%20Gittin%20Jr..jpg
http://www.wikidata.org/entity/Q5467875,Ford Mustang SSP,http://www.wikidata.org/entity/Q3231690,модель автомобиля,http://www.wikidata.org/entity/Q44294,Ford,США,,,,,,,,http://commons.wikimedia.org/wiki/Special:FilePath/1987-1993%20Ford%20Mustang%20Police%20Car.jpg
http://www.wikidata.org/entity/Q5467874,Ford Mustang SVO,http://www.wikidata.org/entity/Q3231690,модель автомобиля,http://www.wikidata.org/entity/Q44294,Ford,США,,,Ford Mustang SVT Cobra,,,,,http://commons.wikimedia.org/wiki/Special:FilePath/1986%20Mustang%20SVO%20gray.jpg
http://www.wikidata.org/entity/Q19481231,Ford NAA tractor,http://www.wikidata.org/entity/Q3231690,модель автомобиля,http://www.wikidata.org/entity/Q44294,Ford,США,,Ford N-Series tractor,,,,,,http://commons.wikimedia.org/wiki/Special:FilePath/1953%20Ford%20Golden%20Jubilee-Restored-Right%20Side.JPG
http://www.wikidata.org/entity/Q1436948,Ford P7,http://www.wikidata.org/entity/Q3231690,модель автомобиля,http://www.wikidata.org/entity/Q44294,Ford,США,,Ford Taunus P5,Ford Granada,,1756,,,http://commons.wikimedia.org/wiki/Special:FilePath/Ford%2017M%20aka%20P7b%202%20door%20saloon%20at%20rest%20Schaffen-Diest%20Fly-drive%202013.JPG
http://www.wikidata.org/entity/Q16989696,Ford Pockar,http://www.wikidata.org/entity/Q3231690,модель автомобиля,http://www.wikidata.org/entity/Q44294,Ford,США,,,,,,,,
http://www.wikidata.org/entity/Q5467903,Ford Prodigy,http://www.wikidata.org/entity/Q3231690,модель автомобиля,http://www.wikidata.org/entity/Q44294,Ford,США,,,,,,,,
http://www.wikidata.org/entity/Q90023718,Ford Ranchero 6th generation,http://www.wikidata.org/entity/Q3231690,модель автомобиля,http://www.wikidata.org/entity/Q44294,Ford,США,,,,,,,,http://commons.wikimedia.org/wiki/Special:FilePath/1972%20Ford%20Ranchero%20GT%20%285133278792%29.jpg
http://www.wikidata.org/entity/Q109730647,"Ford Ranger (T6, first generation)",http://www.wikidata.org/entity/Q3231690,модель автомобиля,http://www.wikidata.org/entity/Q44294,Ford,США,,,"Ford Ranger (T6, second generation)",,,,,
http://www.wikidata.org/entity/Q109730648,"Ford Ranger (T6, second generation)",http://www.wikidata.org/entity/Q3231690,модель автомобиля,http://www.wikidata.org/entity/Q44294,Ford,США,,"Ford Ranger (T6, first generation)",,,,,,
http://www.wikidata.org/entity/Q5467911,Ford Reflex,http://www.wikidata.org/entity/Q3231690,модель автомобиля,http://www.wikidata.org/entity/Q44294,Ford,США,,,,,,,,http://commons.wikimedia.org/wiki/Special:FilePath/Ford%20Refl3x%20Concept%20passenger.jpg
http://www.wikidata.org/entity/Q5467923,Ford Royale,http://www.wikidata.org/entity/Q3231690,модель автомобиля,http://www.wikidata.org/entity/Q44294,Ford,США,,,,,,,,
http://www.wikidata.org/entity/Q2712696,Ford S,http://www.wikidata.org/entity/Q3231690,модель автомобиля,http://www.wikidata.org/entity/Q44294,Ford,США,,Ford Model N,Ford Model T,,,,634,http://commons.wikimedia.org/wiki/Special:FilePath/Ford%20Model%20S.jpg
http://www.wikidata.org/entity/Q5467930,Ford SYNus,http://www.wikidata.org/entity/Q3231690,модель автомобиля,http://www.wikidata.org/entity/Q44294,Ford,США,,,,,,,,http://commons.wikimedia.org/wiki/Special:FilePath/Ford%20SYNUS%20concept.jpg
http://www.wikidata.org/entity/Q3076969,Ford Shelby Cobra Concept,http://www.wikidata.org/entity/Q3231690,модель автомобиля,http://www.wikidata.org/entity/Q44294,Ford,США,,,,3947,1905,,1395,http://commons.wikimedia.org/wiki/Special:FilePath/2010%20Shelby%20DRB540%20Cobra%20%2822605298204%29.jpg
http://www.wikidata.org/entity/Q90020485,Ford Sierra Mk1,http://www.wikidata.org/entity/Q3231690,модель автомобиля,http://www.wikidata.org/entity/Q44294,Ford,США,,,,,,,,http://commons.wikimedia.org/wiki/Special:FilePath/1985%20Ford%20Sierra%202.0L.JPG
http://www.wikidata.org/entity/Q90924029,Ford Sierra Mk2,http://www.wikidata.org/entity/Q3231690,модель автомобиля,http://www.wikidata.org/entity/Q44294,Ford,США,,,,,,,,http://commons.wikimedia.org/wiki/Special:FilePath/1985%20%28%3F%29%20Ford%20Sierra%202.0%20Laser%20%2814470686514%29.jpg
http://www.wikidata.org/entity/Q4566760,Ford Sierra RS Cosworth,http://www.wikidata.org/entity/Q3231690,модель автомобиля,http://www.wikidata.org/entity/Q44294,Ford,США,,Ford RS200,Ford Escort RS Cosworth,,,,,http://commons.wikimedia.org/wiki/Special:FilePath/Cosworth800px.jpg
http://www.wikidata.org/entity/Q1436823,Ford Skyliner,http://www.wikidata.org/entity/Q3231690,модель автомобиля,http://www.wikidata.org/entity/Q44294,Ford,США,,Ford Fairlane Crown Victoria Skyliner,,,,,,http://commons.wikimedia.org/wiki/Special:FilePath/1958%20Ford%20Fairlane%20500%20Skyliner.JPG
http://www.wikidata.org/entity/Q5467934,Ford Starliner,http://www.wikidata.org/entity/Q3231690,модель автомобиля,http://www.wikidata.org/entity/Q44294,Ford,США,,,Ford Galaxie,,,,,http://commons.wikimedia.org/wiki/Special:FilePath/1960%20Ford%20Galaxie%20Starliner.jpg
http://www.wikidata.org/entity/Q3747979,Ford TH!NK,http://www.wikidata.org/entity/Q3231690,модель автомобиля,http://www.wikidata.org/entity/Q44294,Ford,США,,,,3000,1600,1600,943,http://commons.wikimedia.org/wiki/Special:FilePath/Think.jpg
http://www.wikidata.org/entity/Q1436978,Ford Taunus G93A,http://www.wikidata.org/entity/Q3231690,модель автомобиля,http://www.wikidata.org/entity/Q44294,Ford,США,,Ford Eifel,Ford Taunus P1,4080,1485,1600,,http://commons.wikimedia.org/wiki/Special:FilePath/Buckel1939.jpg
http://www.wikidata.org/entity/Q1436937,Ford Taunus P1,http://www.wikidata.org/entity/Q3231690,модель автомобиля,http://www.wikidata.org/entity/Q44294,Ford,США,,Ford Taunus G93A,Ford Taunus P4,4060,1580,1550,,http://commons.wikimedia.org/wiki/Special:FilePath/MHV%20Ford%20Taunus%20G13%2003.jpg
http://www.wikidata.org/entity/Q1436935,Ford Taunus P2,http://www.wikidata.org/entity/Q3231690,модель автомобиля,http://www.wikidata.org/entity/Q44294,Ford,США,,,Ford Taunus P3,4375,1670,1500,,http://commons.wikimedia.org/wiki/Special:FilePath/Ford%20Taunus%2017M%20deLuxe%201.JPG
http://www.wikidata.org/entity/Q2736658,Ford Taunus P3,http://www.wikidata.org/entity/Q3231690,модель автомобиля,http://www.wikidata.org/entity/Q44294,Ford,США,,Ford Taunus P2,Ford Taunus P5,,1670,,,http://commons.wikimedia.org/wiki/Special:FilePath/Ford%20Taunus%2017M%20TS%20dutch%20licence%20registration%20MM-87-28%20pic1.JPG
http://www.wikidata.org/entity/Q1436944,Ford Taunus P5,http://www.wikidata.org/entity/Q3231690,модель автомобиля,http://www.wikidata.org/entity/Q44294,Ford,США,,Ford Taunus P3,Ford P7,4585,1715,,,http://commons.wikimedia.org/wiki/Special:FilePath/Ford%20Taunus%20P5.jpg
http://www.wikidata.org/entity/Q1436946,Ford Taunus P6,http://www.wikidata.org/entity/Q3231690,модель автомобиля,http://www.wikidata.org/entity/Q44294,Ford,США,,Ford Taunus P4,Ford Taunus TC,4389,1603,,,http://commons.wikimedia.org/wiki/Special:FilePath/Ford%20Taunus%2015M%20P6%20Neustadt%2001.JPG
http://www.wikidata.org/entity/Q1436993,Ford Telstar,http://www.wikidata.org/entity/Q3231690,модель автомобиля,http://www.wikidata.org/entity/Q44294,Ford,США,,Ford Cortina,Ford Mondeo,,,,,http://commons.wikimedia.org/wiki/Special:FilePath/1984%20Ford%20Telstar%202.0%20Ghia%20%288144009276%29.jpg
http://www.wikidata.org/entity/Q5467957,Ford Thunderbird,http://www.wikidata.org/entity/Q3231690,модель автомобиля,http://www.wikidata.org/entity/Q44294,Ford,США,,Ford Thunderbird (tenth generation),,,,,,http://commons.wikimedia.org/wiki/Special:FilePath/2004%20Retro%20Bird%20-%20in%20Thunderbird%20Blue%20Metallic%20-%20minus%20top%20-%20fvl.jpg
http://www.wikidata.org/entity/Q5467962,Ford Thunderbird,http://www.wikidata.org/entity/Q3231690,модель автомобиля,http://www.wikidata.org/entity/Q44294,Ford,США,,Ford Thunderbird (sixth generation),Ford Thunderbird (eighth generation),,,,,http://commons.wikimedia.org/wiki/Special:FilePath/Nationale%20oldtimerdag%20Zandvoort%202010%2C%201977%20FORD%20THUNDERBIRD%2C%2057-YB-76%20pic1.JPG
http://www.wikidata.org/entity/Q5467954,Ford Thunderbird (eighth generation),http://www.wikidata.org/entity/Q3231690,модель автомобиля,http://www.wikidata.org/entity/Q44294,Ford,США,,Ford Thunderbird,Ford Thunderbird (ninth generation),,,,,http://commons.wikimedia.org/wiki/Special:FilePath/Ford%20Thunderbird%201980.jpg
http://www.wikidata.org/entity/Q5467959,Ford Thunderbird (fifth generation),http://www.wikidata.org/entity/Q3231690,модель автомобиля,http://www.wikidata.org/entity/Q44294,Ford,США,,Ford Thunderbird fourth generation,Ford Thunderbird (sixth generation),,,,,http://commons.wikimedia.org/wiki/Special:FilePath/1967%20Green%20Ford%20Thunderbird%20Fordor.jpg
http://www.wikidata.org/entity/Q5467955,Ford Thunderbird (first generation),http://www.wikidata.org/entity/Q3231690,модель автомобиля,http://www.wikidata.org/entity/Q44294,Ford,США,,,Ford Thunderbird (second generation),,,,,http://commons.wikimedia.org/wiki/Special:FilePath/1957%20Ford%20Thunderbird%20white.jpg
http://www.wikidata.org/entity/Q5467963,Ford Thunderbird (ninth generation),http://www.wikidata.org/entity/Q3231690,модель автомобиля,http://www.wikidata.org/entity/Q44294,Ford,США,,Ford Thunderbird (eighth generation),Ford Thunderbird (tenth generation),,,,,http://commons.wikimedia.org/wiki/Special:FilePath/Ford%20Thunderbird%201983-1987%20Aero%20Bird-1.jpg
http://www.wikidata.org/entity/Q4357474,Ford Thunderbird (second generation),http://www.wikidata.org/entity/Q3231690,модель автомобиля,http://www.wikidata.org/entity/Q44294,Ford,США,,Ford Thunderbird (first generation),Ford Thunderbird (third generation),,,,,http://commons.wikimedia.org/wiki/Special:FilePath/1959%20Ford%20Thunderbird%20Convertible.jpg
http://www.wikidata.org/entity/Q5467964,Ford Thunderbird (sixth generation),http://www.wikidata.org/entity/Q3231690,модель автомобиля,http://www.wikidata.org/entity/Q44294,Ford,США,,Ford Thunderbird (fifth generation),Ford Thunderbird,,,,,http://commons.wikimedia.org/wiki/Special:FilePath/1970-1971%20Ford%20Thunderbird.jpg
http://www.wikidata.org/entity/Q5467966,Ford Thunderbird (tenth generation),http://www.wikidata.org/entity/Q3231690,модель автомобиля,http://www.wikidata.org/entity/Q44294,Ford,США,,Ford Thunderbird (ninth generation),Ford Thunderbird,,,,,http://commons.wikimedia.org/wiki/Special:FilePath/%2794-%2795%20Ford%20Thunderbird.JPG
http://www.wikidata.org/entity/Q4357612,Ford Thunderbird (third generation),http://www.wikidata.org/entity/Q3231690,модель автомобиля,http://www.wikidata.org/entity/Q44294,Ford,США,,Ford Thunderbird (second generation),Ford Thunderbird fourth generation,,,,,http://commons.wikimedia.org/wiki/Special:FilePath/%2761%20Ford%20Thunderbird%20Convertible%20%28Auto%20classique%20Laval%20%2710%29.jpg
http://www.wikidata.org/entity/Q5467958,Ford Thunderbird fourth generation,http://www.wikidata.org/entity/Q3231690,модель автомобиля,http://www.wikidata.org/entity/Q44294,Ford,США,,Ford Thunderbird (third generation),Ford Thunderbird (fifth generation),,,,,http://commons.wikimedia.org/wiki/Special:FilePath/1965%20Ford%20Thunderbird%20Convertible.jpg
http://www.wikidata.org/entity/Q1361017,Ford Torino,http://www.wikidata.org/entity/Q3231690,модель автомобиля,http://www.wikidata.org/entity/Q44294,Ford,США,,Ford Fairlane,Ford LTD II,,2015,,,http://commons.wikimedia.org/wiki/Special:FilePath/1970%20ford%20torino%20cobra%20sportsroof%20chiolero.jpg
http://www.wikidata.org/entity/Q1437002,Ford Torino,http://www.wikidata.org/entity/Q3231690,модель автомобиля,http://www.wikidata.org/entity/Q44294,Ford,США,,Ford Torino,Ford LTD II,5425,2014,1440,,http://commons.wikimedia.org/wiki/Special:FilePath/%2774%20Ford%20Gran%20Torino%20Starsky%20%26%20Hutch%20%28Auto%20classique%20Jukebox%20Burgers%20%2711%29.JPG
http://www.wikidata.org/entity/Q90924026,Ford Torino GT,http://www.wikidata.org/entity/Q3231690,модель автомобиля,http://www.wikidata.org/entity/Q44294,Ford,США,,,,,,,,http://commons.wikimedia.org/wiki/Special:FilePath/1971%20Ford%20Torino%20GT%20Convertible.jpg
http://www.wikidata.org/entity/Q5467973,Ford Torino Talladega,http://www.wikidata.org/entity/Q3231690,модель автомобиля,http://www.wikidata.org/entity/Q44294,Ford,США,,,,5232,1895,1336,1712,http://commons.wikimedia.org/wiki/Special:FilePath/Talladegas%20at%20Talladega%20in%202009.jpg
http://www.wikidata.org/entity/Q90919719,Ford Tourneo Connect (2nd generation),http://www.wikidata.org/entity/Q3231690,модель автомобиля,http://www.wikidata.org/entity/Q44294,Ford,США,,,,,,,,http://commons.wikimedia.org/wiki/Special:FilePath/2014-03-04%20Geneva%20Motor%20Show%200863.JPG
http://www.wikidata.org/entity/Q859639,Ford Transit,http://www.wikidata.org/entity/Q3231690,модель автомобиля,http://www.wikidata.org/entity/Q44294,Ford,США,,,Ford Transit Custom,,,,,http://commons.wikimedia.org/wiki/Special:FilePath/2019%20Ford%20Transit%20350%20Leader%20Ecoblue%202.0.jpg
http://www.wikidata.org/entity/Q25461182,Ford Transit Mk2,http://www.wikidata.org/entity/Q3231690,модель автомобиля,http://www.wikidata.org/entity/Q44294,Ford,США,,,,,,,,
http://www.wikidata.org/entity/Q1437014,Ford V8,http://www.wikidata.org/entity/Q3231690,модель автомобиля,http://www.wikidata.org/entity/Q44294,Ford,США,,Ford Model B (1932),1937 Ford,,,,,http://commons.wikimedia.org/wiki/Special:FilePath/1936%20Ford%20Phaeton.jpg
http://www.wikidata.org/entity/Q5467995,Ford Vega,http://www.wikidata.org/entity/Q3231690,модель автомобиля,http://www.wikidata.org/entity/Q44294,Ford,США,,,,,,,,
http://www.wikidata.org/entity/Q3747991,Ford ZX2,http://www.wikidata.org/entity/Q3231690,модель автомобиля,http://www.wikidata.org/entity/Q44294,Ford,США,,Ford Probe,Ford Focus,4450,1710,1320,,http://commons.wikimedia.org/wiki/Special:FilePath/MyZX2.png
http://www.wikidata.org/entity/Q48791221,Ford police vehicles,http://www.wikidata.org/entity/Q3231690,модель автомобиля,http://www.wikidata.org/entity/Q44294,Ford,США,,,,,,,,http://commons.wikimedia.org/wiki/Special:FilePath/Bellingham%2C%20WA%20Police-%20Ford%20Police%20Utility%20%2817266247122%29.jpg
http://www.wikidata.org/entity/Q55611888,Ford-GM 10-speed automatic transmission,http://www.wikidata.org/entity/Q3231690,модель автомобиля,http://www.wikidata.org/entity/Q44294,Ford,США,,,,,,,,
http://www.wikidata.org/entity/Q1128805,Lincoln Continental Mark IV,http://www.wikidata.org/entity/Q3231690,модель автомобиля,http://www.wikidata.org/entity/Q44294,Ford,США,,Lincoln Continental Mark III,Lincoln Continental Mark V,,2025,1350,2630,http://commons.wikimedia.org/wiki/Special:FilePath/1975%20Lincoln%20Continental%20Mark%20IV%2C%20Dutch%20licence%20registration%2021-YB-60%20p1.JPG
http://www.wikidata.org/entity/Q1128811,Lincoln Continental Mark V,http://www.wikidata.org/entity/Q3231690,модель автомобиля,http://www.wikidata.org/entity/Q44294,Ford,США,,Lincoln Continental Mark IV,Lincoln Continental Mark VI,5850,2024,1356,,http://commons.wikimedia.org/wiki/Special:FilePath/Lincoln%20Continental%20Mark%20V%20%28Auto%20classique%20Laval%20%2710%29.jpg
http://www.wikidata.org/entity/Q370818,Lincoln Continental Mark VI,http://www.wikidata.org/entity/Q3231690,модель автомобиля,http://www.wikidata.org/entity/Q44294,Ford,США,,Lincoln Continental Mark V,Lincoln Continental Mark VII,,1980,,,http://commons.wikimedia.org/wiki/Special:FilePath/1980%20Mark%20VI%20Signature%20Series.jpg
http://www.wikidata.org/entity/Q1780946,Lincoln Versailles,http://www.wikidata.org/entity/Q3231690,модель автомобиля,http://www.wikidata.org/entity/Q44294,Ford,США,,,Lincoln Continental,5098,1892,1374,,http://commons.wikimedia.org/wiki/Special:FilePath/Lincoln%20Versailles.jpg
http://www.wikidata.org/entity/Q6551186,Lincoln Y-block V8 engine,http://www.wikidata.org/entity/Q3231690,модель автомобиля,http://www.wikidata.org/entity/Q44294,Ford,США,,,Ford MEL engine,,,,,http://commons.wikimedia.org/wiki/Special:FilePath/Lincoln%20Premiere%2C%201957%20%284%29.jpg
http://www.wikidata.org/entity/Q696344,Lincoln-Zephyr,http://www.wikidata.org/entity/Q3231690,модель автомобиля,http://www.wikidata.org/entity/Q44294,Ford,США,,,Lincoln Mark series,,,1753,,http://commons.wikimedia.org/wiki/Special:FilePath/Lincoln%20Zephyr%201939.jpg
http://www.wikidata.org/entity/Q19563182,M656,http://www.wikidata.org/entity/Q3231690,модель автомобиля,http://www.wikidata.org/entity/Q44294,Ford,США,,,,,,,,http://commons.wikimedia.org/wiki/Special:FilePath/Ford%20M656%205-ton%20truck%20c1965.jpg
http://www.wikidata.org/entity/Q40506131,Megastar II,http://www.wikidata.org/entity/Q3231690,модель автомобиля,http://www.wikidata.org/entity/Q44294,Ford,США,,,,,,,,
http://www.wikidata.org/entity/Q91342320,Mercury Marauder 2002,http://www.wikidata.org/entity/Q3231690,модель автомобиля,http://www.wikidata.org/entity/Q44294,Ford,США,,,,,,,,http://commons.wikimedia.org/wiki/Special:FilePath/Mercury%20Marauder.jpg
http://www.wikidata.org/entity/Q1921542,Mercury Meteor,http://www.wikidata.org/entity/Q3231690,модель автомобиля,http://www.wikidata.org/entity/Q44294,Ford,США,,,,,,,,http://commons.wikimedia.org/wiki/Special:FilePath/Meteorsunsetcliffs1.jpg
http://www.wikidata.org/entity/Q1921546,Mercury Montego 2nd generation,http://www.wikidata.org/entity/Q3231690,модель автомобиля,http://www.wikidata.org/entity/Q44294,Ford,США,,,,5425,2014,1440,,http://commons.wikimedia.org/wiki/Special:FilePath/1974%20Mercury%20Montego%20MX%20Brougham.jpg
http://www.wikidata.org/entity/Q91349919,Mercury Montego 3rd generation,http://www.wikidata.org/entity/Q3231690,модель автомобиля,http://www.wikidata.org/entity/Q44294,Ford,США,,,,,,,,http://commons.wikimedia.org/wiki/Special:FilePath/05-07%20Mercury%20Montego.jpg
http://www.wikidata.org/entity/Q16390422,Mercury Monterey minivan,http://www.wikidata.org/entity/Q3231690,модель автомобиля,http://www.wikidata.org/entity/Q44294,Ford,США,,Mercury Villager,,,,,,http://commons.wikimedia.org/wiki/Special:FilePath/MercuryMonterey.jpg
http://www.wikidata.org/entity/Q822670,Mercury Park Lane,http://www.wikidata.org/entity/Q3231690,модель автомобиля,http://www.wikidata.org/entity/Q44294,Ford,США,,,Mercury Marquis,,,,,http://commons.wikimedia.org/wiki/Special:FilePath/1968%20Mercury%20Park%20Lane%20Brougham.jpg
http://www.wikidata.org/entity/Q6818652,Mercury S-55,http://www.wikidata.org/entity/Q3231690,модель автомобиля,http://www.wikidata.org/entity/Q44294,Ford,США,,,,,,,,http://commons.wikimedia.org/wiki/Special:FilePath/1966%20Mercury%20S-55.jpg
http://www.wikidata.org/entity/Q40446043,Monarch,http://www.wikidata.org/entity/Q3231690,модель автомобиля,http://www.wikidata.org/entity/Q44294,Ford,США,,,,,,,,
http://www.wikidata.org/entity/Q40446628,O21 C,http://www.wikidata.org/entity/Q3231690,модель автомобиля,http://www.wikidata.org/entity/Q44294,Ford,США,,,,,,,,
http://www.wikidata.org/entity/Q40507671,ST 460,http://www.wikidata.org/entity/Q3231690,модель автомобиля,http://www.wikidata.org/entity/Q44294,Ford,США,,,,,,,,
http://www.wikidata.org/entity/Q90022278,Shelby GT350,http://www.wikidata.org/entity/Q3231690,модель автомобиля,http://www.wikidata.org/entity/Q44294,Ford,США,,,,,,,,http://commons.wikimedia.org/wiki/Special:FilePath/%2767%20Shelby%20Mustang%20%28Cruisin%27%20At%20The%20Boardwalk%20%2710%29.jpg
http://www.wikidata.org/entity/Q90154004,Shelby Mustang (S550),http://www.wikidata.org/entity/Q3231690,модель автомобиля,http://www.wikidata.org/entity/Q44294,Ford,США,,,,,,,,http://commons.wikimedia.org/wiki/Special:FilePath/2016%20Ford%20Mustang%20Shelby%20GT350.JPG
http://www.wikidata.org/entity/Q90996298,Shelby Mustang GT500,http://www.wikidata.org/entity/Q3231690,модель автомобиля,http://www.wikidata.org/entity/Q44294,Ford,США,,,,,,,,http://commons.wikimedia.org/wiki/Special:FilePath/01supersnake2011.jpg
http://www.wikidata.org/entity/Q40505847,Synergy 2010,http://www.wikidata.org/entity/Q3231690,модель автомобиля,http://www.wikidata.org/entity/Q44294,Ford,США,,,,,,,,
http://www.wikidata.org/entity/Q40507271,TE-50,http://www.wikidata.org/entity/Q3231690,модель автомобиля,http://www.wikidata.org/entity/Q44294,Ford,США,,,,,,,,
http://www.wikidata.org/entity/Q40507122,TL-50 ford,http://www.wikidata.org/entity/Q3231690,модель автомобиля,http://www.wikidata.org/entity/Q44294,Ford,США,,,,,,,,
http://www.wikidata.org/entity/Q40506722,TS-50,http://www.wikidata.org/entity/Q3231690,модель автомобиля,http://www.wikidata.org/entity/Q44294,Ford,США,,,,,,,,
http://www.wikidata.org/entity/Q40507824,Transit Wagon,http://www.wikidata.org/entity/Q3231690,модель автомобиля,http://www.wikidata.org/entity/Q44294,Ford,США,,,,,,,,
http://www.wikidata.org/entity/Q40445734,XR 8 Xplod,http://www.wikidata.org/entity/Q3231690,модель автомобиля,http://www.wikidata.org/entity/Q44294,Ford,США,,,,,,,,
http://www.wikidata.org/entity/Q8068291,Zebra Three,http://www.wikidata.org/entity/Q3231690,модель автомобиля,http://www.wikidata.org/entity/Q44294,Ford,США,,,,,,,,http://commons.wikimedia.org/wiki/Special:FilePath/1974%20Ford%20Torino%20from%20Starsky%20%26%20Hutch.JPG
http://www.wikidata.org/entity/Q40445978,e-Ka,http://www.wikidata.org/entity/Q3231690,модель автомобиля,http://www.wikidata.org/entity/Q44294,Ford,США,,,,,,,,
http://www.wikidata.org/entity/Q1436707,1949—1956 Ford,http://www.wikidata.org/entity/Q3231690,модель автомобиля,http://www.wikidata.org/entity/Q44294,Ford,США,,Ford deluxe,Ford 1952,4999,1849,,,http://commons.wikimedia.org/wiki/Special:FilePath/1949%20Ford%20custom%20300%20pic3.JPG
http://www.wikidata.org/entity/Q1436707,1949—1956 Ford,http://www.wikidata.org/entity/Q3231690,модель автомобиля,http://www.wikidata.org/entity/Q44294,Ford,США,,Ford 1941,Ford 1952,4999,1849,,,http://commons.wikimedia.org/wiki/Special:FilePath/1949%20Ford%20custom%20300%20pic3.JPG
http://www.wikidata.org/entity/Q1436707,1949—1956 Ford,http://www.wikidata.org/entity/Q3231690,модель автомобиля,http://www.wikidata.org/entity/Q44294,Ford,США,,Ford deluxe,Ford deluxe,4999,1849,,,http://commons.wikimedia.org/wiki/Special:FilePath/1949%20Ford%20custom%20300%20pic3.JPG
http://www.wikidata.org/entity/Q1436707,1949—1956 Ford,http://www.wikidata.org/entity/Q3231690,модель автомобиля,http://www.wikidata.org/entity/Q44294,Ford,США,,Ford 1941,Ford deluxe,4999,1849,,,http://commons.wikimedia.org/wiki/Special:FilePath/1949%20Ford%20custom%20300%20pic3.JPG
http://www.wikidata.org/entity/Q1128789,Continental Mark II,http://www.wikidata.org/entity/Q3231690,модель автомобиля,http://www.wikidata.org/entity/Q44294,Ford,США,,Lincoln-Zephyr,Lincoln Continental Mark III,5594,1969,1420,2412,http://commons.wikimedia.org/wiki/Special:FilePath/Continental%20Mark%20II.jpg
http://www.wikidata.org/entity/Q4564906,Ford 1941,http://www.wikidata.org/entity/Q3231690,модель автомобиля,http://www.wikidata.org/entity/Q44294,Ford,США,,Ford V8,1949—1956 Ford,,,,,http://commons.wikimedia.org/wiki/Special:FilePath/1941%20Ford%20Super%20Deluxe.jpg
http://www.wikidata.org/entity/Q4564906,Ford 1941,http://www.wikidata.org/entity/Q3231690,модель автомобиля,http://www.wikidata.org/entity/Q44294,Ford,США,,1937 Ford,1949—1956 Ford,,,,,http://commons.wikimedia.org/wiki/Special:FilePath/1941%20Ford%20Super%20Deluxe.jpg
http://www.wikidata.org/entity/Q4564906,Ford 1941,http://www.wikidata.org/entity/Q3231690,модель автомобиля,http://www.wikidata.org/entity/Q44294,Ford,США,,Ford V8,Ford Custom,,,,,http://commons.wikimedia.org/wiki/Special:FilePath/1941%20Ford%20Super%20Deluxe.jpg
http://www.wikidata.org/entity/Q4564906,Ford 1941,http://www.wikidata.org/entity/Q3231690,модель автомобиля,http://www.wikidata.org/entity/Q44294,Ford,США,,1937 Ford,Ford Custom,,,,,http://commons.wikimedia.org/wiki/Special:FilePath/1941%20Ford%20Super%20Deluxe.jpg
http://www.wikidata.org/entity/Q4564906,Ford 1941,http://www.wikidata.org/entity/Q3231690,модель автомобиля,http://www.wikidata.org/entity/Q44294,Ford,США,,Ford V8,1949—1956 Ford,,,,,http://commons.wikimedia.org/wiki/Special:FilePath/1941%20ford%20super%20deluxe.png
http://www.wikidata.org/entity/Q4564906,Ford 1941,http://www.wikidata.org/entity/Q3231690,модель автомобиля,http://www.wikidata.org/entity/Q44294,Ford,США,,1937 Ford,1949—1956 Ford,,,,,http://commons.wikimedia.org/wiki/Special:FilePath/1941%20ford%20super%20deluxe.png
http://www.wikidata.org/entity/Q4564906,Ford 1941,http://www.wikidata.org/entity/Q3231690,модель автомобиля,http://www.wikidata.org/entity/Q44294,Ford,США,,Ford V8,Ford Custom,,,,,http://commons.wikimedia.org/wiki/Special:FilePath/1941%20ford%20super%20deluxe.png
http://www.wikidata.org/entity/Q4564906,Ford 1941,http://www.wikidata.org/entity/Q3231690,модель автомобиля,http://www.wikidata.org/entity/Q44294,Ford,США,,1937 Ford,Ford Custom,,,,,http://commons.wikimedia.org/wiki/Special:FilePath/1941%20ford%20super%20deluxe.png
http://www.wikidata.org/entity/Q1436768,Ford 1952,http://www.wikidata.org/entity/Q3231690,модель автомобиля,http://www.wikidata.org/entity/Q44294,Ford,США,,1949—1956 Ford,1955 Ford,,,,,http://commons.wikimedia.org/wiki/Special:FilePath/1952%20Ford%20Crestline%20Victoria.jpg
http://www.wikidata.org/entity/Q1436994,Ford 7W,http://www.wikidata.org/entity/Q3231690,модель автомобиля,http://www.wikidata.org/entity/Q44294,Ford,США,,Ford Model C Ten,Ford Prefect,3960,1448,1600,810,http://commons.wikimedia.org/wiki/Special:FilePath/1938%20Ford%207W%20Ten%20Junior%20De%20Luxe%20Saloon%20HZY903.jpg
http://www.wikidata.org/entity/Q1436805,Ford 7Y,http://www.wikidata.org/entity/Q3231690,модель автомобиля,http://www.wikidata.org/entity/Q44294,Ford,США,,Ford Model Y,Ford Anglia,3760,1448,1600,670,http://commons.wikimedia.org/wiki/Special:FilePath/Ford%208%20%287Y%20bodied%20version%29%201937.JPG
http://www.wikidata.org/entity/Q1622915,Ford 999,http://www.wikidata.org/entity/Q3231690,модель автомобиля,http://www.wikidata.org/entity/Q44294,Ford,США,,,,,,,,http://commons.wikimedia.org/wiki/Special:FilePath/Henry%20Ford%20and%20Barney%20Oldfield%20with%20Old%20999%2C%201902.jpg
http://www.wikidata.org/entity/Q1436730,Ford A-Series,http://www.wikidata.org/entity/Q3231690,модель автомобиля,http://www.wikidata.org/entity/Q44294,Ford,США,,,Ford Transit,,,,,http://commons.wikimedia.org/wiki/Special:FilePath/Selly%20Oak%20Bus%20Garage%2C%201978%20-%20geograph.org.uk%20-%201801241.jpg
http://www.wikidata.org/entity/Q1389152,Ford Aerostar,http://www.wikidata.org/entity/Q3231690,модель автомобиля,http://www.wikidata.org/entity/Q44294,Ford,США,,,Ford Windstar,,,,,http://commons.wikimedia.org/wiki/Special:FilePath/Ford%20Aerostar%20LWB%201992-97.jpg
http://www.wikidata.org/entity/Q4038889,Ford Airstream,http://www.wikidata.org/entity/Q3231690,модель автомобиля,http://www.wikidata.org/entity/Q44294,Ford,США,,,,,,,,http://commons.wikimedia.org/wiki/Special:FilePath/Auto%20Show%20024.jpg
http://www.wikidata.org/entity/Q1133667,Ford Anglia,http://www.wikidata.org/entity/Q3231690,модель автомобиля,http://www.wikidata.org/entity/Q44294,Ford,США,,Ford 7Y,Ford Escort,,,,,http://commons.wikimedia.org/wiki/Special:FilePath/%2765%20Ford%20Anglia%20L200%20Coupe%20%28Orange%20Julep%29.JPG
http://www.wikidata.org/entity/Q1436751,Ford B-Max,http://www.wikidata.org/entity/Q3231690,модель автомобиля,http://www.wikidata.org/entity/Q44294,Ford,США,,Ford Fusion,Ford EcoSport,4077,1751,1588,1205,http://commons.wikimedia.org/wiki/Special:FilePath/Ford%20B-Max%20Titanium%20%E2%80%93%20Frontansicht%2C%2022.%20Februar%202014%2C%20Ratingen.jpg
http://www.wikidata.org/entity/Q2510516,Ford Bantam,http://www.wikidata.org/entity/Q3231690,модель автомобиля,http://www.wikidata.org/entity/Q44294,Ford,США,,,,,,,,http://commons.wikimedia.org/wiki/Special:FilePath/Ford%20Bantam%20%28second%20generation%29.jpg
http://www.wikidata.org/entity/Q88893773,Ford Bronco (2020),http://www.wikidata.org/entity/Q3231690,модель автомобиля,http://www.wikidata.org/entity/Q44294,Ford,США,,,,,,,,http://commons.wikimedia.org/wiki/Special:FilePath/2021%20Ford%20Bronco%20Big%20Bend%2C%20Front%20Right%2C%2007-11-2021.jpg
http://www.wikidata.org/entity/Q1436747,Ford Bronco II,http://www.wikidata.org/entity/Q3231690,модель автомобиля,http://www.wikidata.org/entity/Q44294,Ford,США,,,Ford Explorer,,,,,http://commons.wikimedia.org/wiki/Special:FilePath/Ford%20Bronco%20II.jpg
http://www.wikidata.org/entity/Q90665373,Ford Bronco Sport,http://www.wikidata.org/entity/Q3231690,модель автомобиля,http://www.wikidata.org/entity/Q44294,Ford,США,,,,4387,1887,1786,,http://commons.wikimedia.org/wiki/Special:FilePath/Ford%20Bronco%20Sport%20Badlands%201X7A0168.jpg
http://www.wikidata.org/entity/Q914079,Ford C-Max,http://www.wikidata.org/entity/Q3231690,модель автомобиля,http://www.wikidata.org/entity/Q44294,Ford,США,,,,4333,,,,http://commons.wikimedia.org/wiki/Special:FilePath/Ford%20C-Max%201.6%20TDCi%20Trend%20%28II%29%20%E2%80%93%20Frontansicht%20%281%29%2C%2030.%20Juli%202011%2C%20Mettmann.jpg
http://www.wikidata.org/entity/Q5467677,Ford CDW27,http://www.wikidata.org/entity/Q3231690,модель автомобиля,http://www.wikidata.org/entity/Q44294,Ford,США,,,,,,,,http://commons.wikimedia.org/wiki/Special:FilePath/Ford%20Mondeo%20MK2%20%281997-2000%29%20front.jpg
http://www.wikidata.org/entity/Q772857,Ford CX,http://www.wikidata.org/entity/Q3231690,модель автомобиля,http://www.wikidata.org/entity/Q44294,Ford,США,,,,,,,,http://commons.wikimedia.org/wiki/Special:FilePath/Ford%20CX%201172cc%20April%201936.JPG
http://www.wikidata.org/entity/Q126572368,Ford Capri EV,http://www.wikidata.org/entity/Q3231690,модель автомобиля,http://www.wikidata.org/entity/Q44294,Ford,США,,,,,,,,http://commons.wikimedia.org/wiki/Special:FilePath/Ford%20Capri%20%282024%29%20DSC%209246.jpg
http://www.wikidata.org/entity/Q16993635,Ford Carousel,http://www.wikidata.org/entity/Q3231690,модель автомобиля,http://www.wikidata.org/entity/Q44294,Ford,США,,,,,,,,
http://www.wikidata.org/entity/Q1273342,Ford Consul,http://www.wikidata.org/entity/Q3231690,модель автомобиля,http://www.wikidata.org/entity/Q44294,Ford,США,,Ford Pilot,Ford Cortina,,,,,http://commons.wikimedia.org/wiki/Special:FilePath/Ford%20Consul%20204E%201956%20front.jpg
http://www.wikidata.org/entity/Q1436782,Ford Contour,http://www.wikidata.org/entity/Q3231690,модель автомобиля,http://www.wikidata.org/entity/Q44294,Ford,США,,Ford Sierra,,4689,1755,1384,,http://commons.wikimedia.org/wiki/Special:FilePath/1998-2000%20Ford%20Contour%20SE.jpg
http://www.wikidata.org/entity/Q637592,Ford Cougar,http://www.wikidata.org/entity/Q3231690,модель автомобиля,http://www.wikidata.org/entity/Q44294,Ford,США,,Ford Probe,,4699,1780,1346,,http://commons.wikimedia.org/wiki/Special:FilePath/Ford%20Cougar%20front%2020071031.jpg
http://www.wikidata.org/entity/Q4038891,Ford Country Sedan,http://www.wikidata.org/entity/Q3231690,модель автомобиля,http://www.wikidata.org/entity/Q44294,Ford,США,,,,,,,,http://commons.wikimedia.org/wiki/Special:FilePath/1967%20Ford%20Country%20Sedan%20station%20wagon%20%288451923592%29.jpg
http://www.wikidata.org/entity/Q2591863,Ford Country Squire,http://www.wikidata.org/entity/Q3231690,модель автомобиля,http://www.wikidata.org/entity/Q44294,Ford,США,,,,,,,,http://commons.wikimedia.org/wiki/Special:FilePath/1982%20ltd%20country%20squire%20frontleft.jpg
http://www.wikidata.org/entity/Q3077083,Ford Courier,http://www.wikidata.org/entity/Q3231690,модель автомобиля,http://www.wikidata.org/entity/Q44294,Ford,США,,,,,,,,http://commons.wikimedia.org/wiki/Special:FilePath/Courier%20wikipedia.jpg
http://www.wikidata.org/entity/Q842010,Ford Crown Victoria,http://www.wikidata.org/entity/Q3231690,модель автомобиля,http://www.wikidata.org/entity/Q44294,Ford,США,,Ford LTD Crown Victoria,Ford Taurus (шестое поколение),5395,1976,1443,,http://commons.wikimedia.org/wiki/Special:FilePath/2003-2007%20Ford%20Crown%20Victoria.jpg
http://www.wikidata.org/entity/Q1257624,Ford Del Rey,http://www.wikidata.org/entity/Q3231690,модель автомобиля,http://www.wikidata.org/entity/Q44294,Ford,США,,,Ford Versailles Brazil,4500,1675,1350,,http://commons.wikimedia.org/wiki/Special:FilePath/Ford%20Del%20Rey%201982%20%2810546603165%29.jpg
http://www.wikidata.org/entity/Q4038893,Ford Del Rio,http://www.wikidata.org/entity/Q3231690,модель автомобиля,http://www.wikidata.org/entity/Q44294,Ford,США,,Ford Parklane,,5148,,,,http://commons.wikimedia.org/wiki/Special:FilePath/1957%20Ford%20Del%20Rio.jpg
http://www.wikidata.org/entity/Q5467712,Ford Durango,http://www.wikidata.org/entity/Q3231690,модель автомобиля,http://www.wikidata.org/entity/Q44294,Ford,США,,Ford Ranchero,,,,,,http://commons.wikimedia.org/wiki/Special:FilePath/Ford%20Durango.jpg
http://www.wikidata.org/entity/Q1436723,Ford E-Series,http://www.wikidata.org/entity/Q3231690,модель автомобиля,http://www.wikidata.org/entity/Q44294,Ford,США,,,Ford Transit,,,,,http://commons.wikimedia.org/wiki/Special:FilePath/Ford%20E-Series%20Ambulance1.png
http://www.wikidata.org/entity/Q644460,Ford EXP,http://www.wikidata.org/entity/Q3231690,модель автомобиля,http://www.wikidata.org/entity/Q44294,Ford,США,,,Ford Probe,4277,1674,1293,,http://commons.wikimedia.org/wiki/Special:FilePath/FordEXP1982.jpg
http://www.wikidata.org/entity/Q1436788,Ford Econovan,http://www.wikidata.org/entity/Q3231690,модель автомобиля,http://www.wikidata.org/entity/Q44294,Ford,США,,,,,,,,http://commons.wikimedia.org/wiki/Special:FilePath/1984%20Ford%20Econovan%20Maxi%20van%20%282009-02-05%29.jpg
http://www.wikidata.org/entity/Q962328,Ford Edge,http://www.wikidata.org/entity/Q3231690,модель автомобиля,http://www.wikidata.org/entity/Q44294,Ford,США,,,,4720,,,,http://commons.wikimedia.org/wiki/Special:FilePath/2023%20Chang%27an-Ford%20Edge%20L.jpg
http://www.wikidata.org/entity/Q1650501,Ford Eifel,http://www.wikidata.org/entity/Q3231690,модель автомобиля,http://www.wikidata.org/entity/Q44294,Ford,США,,Ford Köln,Ford Taunus,,1.43,,,http://commons.wikimedia.org/wiki/Special:FilePath/1938%20Ford%20Eifel%20Roadster%20Karmann%20Classic-Gala%202025%20DSC%200899.jpg
http://www.wikidata.org/entity/Q1436813,Ford Elite,http://www.wikidata.org/entity/Q3231690,модель автомобиля,http://www.wikidata.org/entity/Q44294,Ford,США,,,Ford LTD II,5489,1994,1349,,http://commons.wikimedia.org/wiki/Special:FilePath/7%D7%9E%D7%95%D7%A2%D7%93%D7%95%D7%9F%20%D7%94%D7%97%D7%9E%D7%A9.jpg
http://www.wikidata.org/entity/Q680524,Ford Escape,http://www.wikidata.org/entity/Q3231690,модель автомобиля,http://www.wikidata.org/entity/Q44294,Ford,США,,,Ford EcoSport,,,,,http://commons.wikimedia.org/wiki/Special:FilePath/2024%20Ford%20Escape%20ST-Line%20Elite%20in%20Star%20White%20Metallic%20Tri-Coat%2C%20front%20left%2C%202024-11-20.jpg
http://www.wikidata.org/entity/Q680524,Ford Escape,http://www.wikidata.org/entity/Q3231690,модель автомобиля,http://www.wikidata.org/entity/Q44294,Ford,США,,,Ford Kuga,,,,,http://commons.wikimedia.org/wiki/Special:FilePath/2024%20Ford%20Escape%20ST-Line%20Elite%20in%20Star%20White%20Metallic%20Tri-Coat%2C%20front%20left%2C%202024-11-20.jpg
http://www.wikidata.org/entity/Q1436810,Ford Escape Hybrid,http://www.wikidata.org/entity/Q3231690,модель автомобиля,http://www.wikidata.org/entity/Q44294,Ford,США,,,,4440,1820,1780,1715,http://commons.wikimedia.org/wiki/Special:FilePath/2008%20Ford%20Escape%20Hybrid.jpg
http://www.wikidata.org/entity/Q1436815,Ford Escort (Северная Америка),http://www.wikidata.org/entity/Q3231690,модель автомобиля,http://www.wikidata.org/entity/Q44294,Ford,США,,Ford Pinto,Ford Focus,,,,,http://commons.wikimedia.org/wiki/Special:FilePath/97-02%20Ford%20Escort%20sedan.jpg
http://www.wikidata.org/entity/Q3077075,Ford Everest,http://www.wikidata.org/entity/Q3231690,модель автомобиля,http://www.wikidata.org/entity/Q44294,Ford,США,,,,5000,,,,http://commons.wikimedia.org/wiki/Special:FilePath/Ford%20Everest%202023%20Limited%20in%20Aluminum%20metallic.jpg
http://www.wikidata.org/entity/Q106576911,Ford Evos,http://www.wikidata.org/entity/Q3231690,модель автомобиля,http://www.wikidata.org/entity/Q44294,Ford,США,,,,4920,1920,1600,,http://commons.wikimedia.org/wiki/Special:FilePath/Ford%20Evos%20IMG004.jpg
http://www.wikidata.org/entity/Q1325186,Ford Excursion,http://www.wikidata.org/entity/Q3231690,модель автомобиля,http://www.wikidata.org/entity/Q44294,Ford,США,,Форд Бронко,Ford Expedition,5758,,,3260,http://commons.wikimedia.org/wiki/Special:FilePath/2004%20Ford%20Excursion%20Limited%2C%20front%2011.4.19.jpg
http://www.wikidata.org/entity/Q1325186,Ford Excursion,http://www.wikidata.org/entity/Q3231690,модель автомобиля,http://www.wikidata.org/entity/Q44294,Ford,США,,Форд Бронко,Ford Expedition,5758,,,3260,http://commons.wikimedia.org/wiki/Special:FilePath/Ford%20Excursion%2C%2012.%20Internationales%20Maritimes-Fahrzeugtreffen%2C%20Ribnitz-Damgarten%20%28%201060472%29.jpg
http://www.wikidata.org/entity/Q117234931,Ford Explorer EV,http://www.wikidata.org/entity/Q3231690,модель автомобиля,http://www.wikidata.org/entity/Q44294,Ford,США,,,,,,,,http://commons.wikimedia.org/wiki/Special:FilePath/Ford%20Explorer%20EV%20Auto%20Zuerich%202024%20DSC%206360.jpg
http://www.wikidata.org/entity/Q287647,Ford Explorer Sport Trac,http://www.wikidata.org/entity/Q3231690,модель автомобиля,http://www.wikidata.org/entity/Q44294,Ford,США,,,,,,,,http://commons.wikimedia.org/wiki/Special:FilePath/1st%20Ford%20Explorer%20Sport%20Trac%20--%2003-21-2012.JPG
http://www.wikidata.org/entity/Q10283412,Ford F-1000,http://www.wikidata.org/entity/Q3231690,модель автомобиля,http://www.wikidata.org/entity/Q44294,Ford,США,,,,,,,,http://commons.wikimedia.org/wiki/Special:FilePath/DETRAN-DF%20%286030336362%29.jpg
http://www.wikidata.org/entity/Q5467744,Ford F-250 Super Chief,http://www.wikidata.org/entity/Q3231690,модель автомобиля,http://www.wikidata.org/entity/Q44294,Ford,США,,Ford Super Duty,,,,,,http://commons.wikimedia.org/wiki/Special:FilePath/Ford%20Super%20Chief.jpg
http://www.wikidata.org/entity/Q5467748,Ford F-Series (восьмое поколение),http://www.wikidata.org/entity/Q3231690,модель автомобиля,http://www.wikidata.org/entity/Q44294,Ford,США,,Ford F-Series (седьмое поколение),Ford F-Series (девятое поколение),,,,,http://commons.wikimedia.org/wiki/Special:FilePath/Ford%20F-150%20--%2009-07-2009.jpg
http://www.wikidata.org/entity/Q5467754,Ford F-Series (второе поколение),http://www.wikidata.org/entity/Q3231690,модель автомобиля,http://www.wikidata.org/entity/Q44294,Ford,США,,Ford F-Series (первое поколение),Ford F-Series (третье поколение),,,,,http://commons.wikimedia.org/wiki/Special:FilePath/1955%20Ford%20F-100%20front.jpg
http://www.wikidata.org/entity/Q5467760,Ford F-Series (двенадцатое поколение),http://www.wikidata.org/entity/Q3231690,модель автомобиля,http://www.wikidata.org/entity/Q44294,Ford,США,,Ford F-Series (одиннадцатое поколение),Ford F-Series (тринадцатое поколение),,,,,http://commons.wikimedia.org/wiki/Special:FilePath/Ford%20F-150%20XL%20SuperCrew%20--%2003-10-2010.jpg
http://www.wikidata.org/entity/Q5467753,Ford F-Series (девятое поколение),http://www.wikidata.org/entity/Q3231690,модель автомобиля,http://www.wikidata.org/entity/Q44294,Ford,США,,Ford F-Series (восьмое поколение),Ford F-Series (десятое поколение),,,,,http://commons.wikimedia.org/wiki/Special:FilePath/92-96%20Ford-F150.jpg
http://www.wikidata.org/entity/Q5467757,Ford F-Series (десятое поколение),http://www.wikidata.org/entity/Q3231690,модель автомобиля,http://www.wikidata.org/entity/Q44294,Ford,США,,Ford F-Series (девятое поколение),Ford F-Series (одиннадцатое поколение),,,,,http://commons.wikimedia.org/wiki/Special:FilePath/Ford%20F-150%20XL%20regular%20cab.jpg
http://www.wikidata.org/entity/Q5467747,Ford F-Series (одиннадцатое поколение),http://www.wikidata.org/entity/Q3231690,модель автомобиля,http://www.wikidata.org/entity/Q44294,Ford,США,,Ford F-Series (десятое поколение),Ford F-Series (двенадцатое поколение),,,,,http://commons.wikimedia.org/wiki/Special:FilePath/Ford%20F-150%20FX4%20--%2009-07-2009.jpg
http://www.wikidata.org/entity/Q5467751,Ford F-Series (первое поколение),http://www.wikidata.org/entity/Q3231690,модель автомобиля,http://www.wikidata.org/entity/Q44294,Ford,США,,,Ford F-Series (второе поколение),,,,,http://commons.wikimedia.org/wiki/Special:FilePath/%2C00%207938%20Pickup%20model%20%22Ford%20F-1%22.jpg
http://www.wikidata.org/entity/Q5467751,Ford F-Series (первое поколение),http://www.wikidata.org/entity/Q3231690,модель автомобиля,http://www.wikidata.org/entity/Q44294,Ford,США,,,Ford F-Series (второе поколение),,,,,http://commons.wikimedia.org/wiki/Special:FilePath/1950%20Ford%20F3.jpg
http://www.wikidata.org/entity/Q5467755,Ford F-Series (седьмое поколение),http://www.wikidata.org/entity/Q3231690,модель автомобиля,http://www.wikidata.org/entity/Q44294,Ford,США,,Ford F-Series (шестое поколение),Ford F-Series (восьмое поколение),,,,,http://commons.wikimedia.org/wiki/Special:FilePath/1985f250.JPG
http://www.wikidata.org/entity/Q5467758,Ford F-Series (третье поколение),http://www.wikidata.org/entity/Q3231690,модель автомобиля,http://www.wikidata.org/entity/Q44294,Ford,США,,Ford F-Series (второе поколение),Ford F-Series (четвёртое поколение),,,,,http://commons.wikimedia.org/wiki/Special:FilePath/1960%20Ford%20F-100%20Debadged.jpg
http://www.wikidata.org/entity/Q16993640,Ford F-Series (тринадцатое поколение),http://www.wikidata.org/entity/Q3231690,модель автомобиля,http://www.wikidata.org/entity/Q44294,Ford,США,,Ford F-Series (двенадцатое поколение),Ford F-Series (четырнадцатое поколение),,,,,http://commons.wikimedia.org/wiki/Special:FilePath/2017%20Ford%20F-150%20front%205.19.18.jpg
http://www.wikidata.org/entity/Q5467752,Ford F-Series (четвёртое поколение),http://www.wikidata.org/entity/Q3231690,модель автомобиля,http://www.wikidata.org/entity/Q44294,Ford,США,,Ford F-Series (третье поколение),Ford F-Series,,,,,http://commons.wikimedia.org/wiki/Special:FilePath/1963%20Ford%20F-100.jpg
http://www.wikidata.org/entity/Q96775393,Ford F-Series (четырнадцатое поколение),http://www.wikidata.org/entity/Q3231690,модель автомобиля,http://www.wikidata.org/entity/Q44294,Ford,США,,Ford F-Series (тринадцатое поколение),,,,,,http://commons.wikimedia.org/wiki/Special:FilePath/2021%20Ford%20F-150%20SuperCrew%2C%20front%204.28.21.jpg
http://www.wikidata.org/entity/Q5467756,Ford F-Series (шестое поколение),http://www.wikidata.org/entity/Q3231690,модель автомобиля,http://www.wikidata.org/entity/Q44294,Ford,США,,Ford F-Series,Ford F-Series (седьмое поколение),,,,,http://commons.wikimedia.org/wiki/Special:FilePath/1974%20Ford%20F100%20Pickup%20%2815957127573%29.jpg
http://www.wikidata.org/entity/Q572143,Ford Fairlane,http://www.wikidata.org/entity/Q3231690,модель автомобиля,http://www.wikidata.org/entity/Q44294,Ford,США,,,Ford Galaxie,,,,,http://commons.wikimedia.org/wiki/Special:FilePath/Ford%20Fairlane%20sedan.jpg
http://www.wikidata.org/entity/Q572143,Ford Fairlane,http://www.wikidata.org/entity/Q3231690,модель автомобиля,http://www.wikidata.org/entity/Q44294,Ford,США,,,Ford Torino,,,,,http://commons.wikimedia.org/wiki/Special:FilePath/Ford%20Fairlane%20sedan.jpg
http://www.wikidata.org/entity/Q5467767,Ford Fairlane Thunderbolt,http://www.wikidata.org/entity/Q3231690,модель автомобиля,http://www.wikidata.org/entity/Q44294,Ford,США,,,,5020,1840,,1453,http://commons.wikimedia.org/wiki/Special:FilePath/1964%20thunderbolt.jpg
http://www.wikidata.org/entity/Q597279,Ford Fairmont,http://www.wikidata.org/entity/Q3231690,модель автомобиля,http://www.wikidata.org/entity/Q44294,Ford,США,,Ford Maverick,Ford Tempo,,1803,,,http://commons.wikimedia.org/wiki/Special:FilePath/Ford%20Fairmont%20sedan%202.jpg
http://www.wikidata.org/entity/Q11023856,Ford Falcon (США),http://www.wikidata.org/entity/Q3231690,модель автомобиля,http://www.wikidata.org/entity/Q44294,Ford,США,,,Ford Maverick,,,,,http://commons.wikimedia.org/wiki/Special:FilePath/1963%20Ford%20Falcon%20Sprint%20Hardtop.JPG
http://www.wikidata.org/entity/Q3077085,Ford Figo,http://www.wikidata.org/entity/Q3231690,модель автомобиля,http://www.wikidata.org/entity/Q44294,Ford,США,,,,3800,,,,http://commons.wikimedia.org/wiki/Special:FilePath/Ford%20Figo%20front.JPG
http://www.wikidata.org/entity/Q188162,Ford Five Hundred,http://www.wikidata.org/entity/Q3231690,модель автомобиля,http://www.wikidata.org/entity/Q44294,Ford,США,,Ford Taurus,Ford Taurus (пятое поколение),5098,1892,1562,,http://commons.wikimedia.org/wiki/Special:FilePath/Ford500a.JPG
http://www.wikidata.org/entity/Q660121,Ford Flex,http://www.wikidata.org/entity/Q3231690,модель автомобиля,http://www.wikidata.org/entity/Q44294,Ford,США,,Ford Freestar,,5131,2032,1727,,http://commons.wikimedia.org/wiki/Special:FilePath/2010%20Ford%20Flex%20Limited%202%20--%2011-25-2009.jpg
http://www.wikidata.org/entity/Q660121,Ford Flex,http://www.wikidata.org/entity/Q3231690,модель автомобиля,http://www.wikidata.org/entity/Q44294,Ford,США,,Ford Taurus X,,5131,2032,1727,,http://commons.wikimedia.org/wiki/Special:FilePath/2010%20Ford%20Flex%20Limited%202%20--%2011-25-2009.jpg
http://www.wikidata.org/entity/Q2991815,Ford Focus,http://www.wikidata.org/entity/Q3231690,модель автомобиля,http://www.wikidata.org/entity/Q44294,Ford,США,,,,,,,,http://commons.wikimedia.org/wiki/Special:FilePath/2008%20Ford%20Focus%20Sedan%20%28Montreal%29.jpg
http://www.wikidata.org/entity/Q5467779,"Ford Focus (второе поколение, Европа)",http://www.wikidata.org/entity/Q3231690,модель автомобиля,http://www.wikidata.org/entity/Q44294,Ford,США,,Ford Focus (первое поколение),Ford Focus III,,,,,http://commons.wikimedia.org/wiki/Special:FilePath/2005%20Ford%20Focus%20%28LS%29%20CL%20sedan%20%282016-01-04%29%2001.jpg
http://www.wikidata.org/entity/Q5467778,"Ford Focus (второе поколение, Северная Америка)",http://www.wikidata.org/entity/Q3231690,модель автомобиля,http://www.wikidata.org/entity/Q44294,Ford,США,,Ford Focus (первое поколение),Ford Focus III,,,,,http://commons.wikimedia.org/wiki/Special:FilePath/2011%20Ford%20Focus%20SE%20in%20Natural%20Neutral%20Metallic%2C%20front%20left%2C%2004-04-2026.jpg
http://www.wikidata.org/entity/Q5467780,Ford Focus (первое поколение),http://www.wikidata.org/entity/Q3231690,модель автомобиля,http://www.wikidata.org/entity/Q44294,Ford,США,,Ford Escort,"Ford Focus (второе поколение, Северная Америка)",,,,,http://commons.wikimedia.org/wiki/Special:FilePath/Ford%20Focus%20Turnier%20I%201.8%20TDDi%20Facelift%20front%2020100509.jpg
http://www.wikidata.org/entity/Q5467780,Ford Focus (первое поколение),http://www.wikidata.org/entity/Q3231690,модель автомобиля,http://www.wikidata.org/entity/Q44294,Ford,США,,Ford Escort,"Ford Focus (второе поколение, Европа)",,,,,http://commons.wikimedia.org/wiki/Special:FilePath/Ford%20Focus%20Turnier%20I%201.8%20TDDi%20Facelift%20front%2020100509.jpg
http://www.wikidata.org/entity/Q4038895,Ford Focus III,http://www.wikidata.org/entity/Q3231690,модель автомобиля,http://www.wikidata.org/entity/Q44294,Ford,США,,"Ford Focus (второе поколение, Северная Америка)",Ford Focus (четвёртое поколение),,,,,http://commons.wikimedia.org/wiki/Special:FilePath/2017%20Ford%20Focus%20Zetec%20Edition%201.0%20Front.jpg
http://www.wikidata.org/entity/Q4038895,Ford Focus III,http://www.wikidata.org/entity/Q3231690,модель автомобиля,http://www.wikidata.org/entity/Q44294,Ford,США,,"Ford Focus (второе поколение, Европа)",Ford Focus (четвёртое поколение),,,,,http://commons.wikimedia.org/wiki/Special:FilePath/2017%20Ford%20Focus%20Zetec%20Edition%201.0%20Front.jpg
http://www.wikidata.org/entity/Q5467786,Ford Freda,http://www.wikidata.org/entity/Q3231690,модель автомобиля,http://www.wikidata.org/entity/Q44294,Ford,США,,,,,,,,http://commons.wikimedia.org/wiki/Special:FilePath/1996%20Ford%20Freda%20%286420206023%29.jpg
http://www.wikidata.org/entity/Q1436853,Ford Freestar,http://www.wikidata.org/entity/Q3231690,модель автомобиля,http://www.wikidata.org/entity/Q44294,Ford,США,,Ford Windstar,Ford Transit Connect,5105,,,,http://commons.wikimedia.org/wiki/Special:FilePath/2006%20Ford%20Freestar%20SE%20--%20NHTSA.jpg
http://www.wikidata.org/entity/Q1436853,Ford Freestar,http://www.wikidata.org/entity/Q3231690,модель автомобиля,http://www.wikidata.org/entity/Q44294,Ford,США,,Ford Windstar,Ford Taurus X,5105,,,,http://commons.wikimedia.org/wiki/Special:FilePath/2006%20Ford%20Freestar%20SE%20--%20NHTSA.jpg
http://www.wikidata.org/entity/Q920675,Ford Fusion,http://www.wikidata.org/entity/Q3231690,модель автомобиля,http://www.wikidata.org/entity/Q44294,Ford,США,,Ford Contour,Ford B-Max,,,,,http://commons.wikimedia.org/wiki/Special:FilePath/2006%20Ford%20Fusion%20--%20NHTSA.jpg
http://www.wikidata.org/entity/Q5467794,Ford Fusion Hybrid,http://www.wikidata.org/entity/Q3231690,модель автомобиля,http://www.wikidata.org/entity/Q44294,Ford,США,,,,,,,,http://commons.wikimedia.org/wiki/Special:FilePath/Ford%20Fusion%20%28CD391%29%20Washington%20DC%20Metro%20Area%2C%20USA%20%281%29.jpg
http://www.wikidata.org/entity/Q2274547,Ford GPA,http://www.wikidata.org/entity/Q3231690,модель автомобиля,http://www.wikidata.org/entity/Q44294,Ford,США,,,,4620,1630,1750,,http://commons.wikimedia.org/wiki/Special:FilePath/Ford%20GPA%20Amphibious%20Jeep%20pic1.JPG
http://www.wikidata.org/entity/Q653729,Ford GT90,http://www.wikidata.org/entity/Q3231690,модель автомобиля,http://www.wikidata.org/entity/Q44294,Ford,США,,,,,,,,http://commons.wikimedia.org/wiki/Special:FilePath/Ford%20GT90%20Front.jpg
http://www.wikidata.org/entity/Q686379,Ford Galaxie,http://www.wikidata.org/entity/Q3231690,модель автомобиля,http://www.wikidata.org/entity/Q44294,Ford,США,,Ford Fairlane,Ford LTD,,,,,http://commons.wikimedia.org/wiki/Special:FilePath/1966%20Ford%20Galaxie%207%20Liter.jpg
http://www.wikidata.org/entity/Q1436861,Ford Granada (Северная Америка),http://www.wikidata.org/entity/Q3231690,модель автомобиля,http://www.wikidata.org/entity/Q44294,Ford,США,,Ford Maverick,Ford Taurus,,,,,http://commons.wikimedia.org/wiki/Special:FilePath/1st%20generation%20Ford%20Granada%20coupe%20%28US%29%20in%20Hastings%2C%20Minnesota.jpg
http://www.wikidata.org/entity/Q1436869,Ford Ikon,http://www.wikidata.org/entity/Q3231690,модель автомобиля,http://www.wikidata.org/entity/Q44294,Ford,США,,,,414,1634,1379,,http://commons.wikimedia.org/wiki/Special:FilePath/Ford-Ikon.jpg
http://www.wikidata.org/entity/Q668293,Ford Kuga,http://www.wikidata.org/entity/Q3231690,модель автомобиля,http://www.wikidata.org/entity/Q44294,Ford,США,,Ford Maverick (Европа),,,,,,http://commons.wikimedia.org/wiki/Special:FilePath/Ford%20Kuga%202.5%20Duratec%20FHEV%20AWD%20Active%20%28III%2C%20Facelift%29%20%E2%80%93%20f%2001012025.jpg
http://www.wikidata.org/entity/Q175794,Ford LTD,http://www.wikidata.org/entity/Q3231690,модель автомобиля,http://www.wikidata.org/entity/Q44294,Ford,США,,Ford Galaxie,Ford LTD Crown Victoria,,,,,http://commons.wikimedia.org/wiki/Special:FilePath/Ford%20LTD.JPG
http://www.wikidata.org/entity/Q2986070,Ford LTD Crown Victoria,http://www.wikidata.org/entity/Q3231690,модель автомобиля,http://www.wikidata.org/entity/Q44294,Ford,США,,Ford LTD,Ford Crown Victoria,,,,,http://commons.wikimedia.org/wiki/Special:FilePath/Ford%20LTD%20Crown%20Victoria%20sedan%201.jpg
http://www.wikidata.org/entity/Q1436877,Ford LTD II,http://www.wikidata.org/entity/Q3231690,модель автомобиля,http://www.wikidata.org/entity/Q44294,Ford,США,,Ford Torino,,,1981,,,http://commons.wikimedia.org/wiki/Special:FilePath/Ford-LTD-II.jpg
http://www.wikidata.org/entity/Q99643351,Ford Maverick,http://www.wikidata.org/entity/Q3231690,модель автомобиля,http://www.wikidata.org/entity/Q44294,Ford,США,,,,5072,1844,1745,1666,http://commons.wikimedia.org/wiki/Special:FilePath/2025%20Ford%20Maverick%20XLT%20FX4%2C%20front%204.15.25.jpg
http://www.wikidata.org/entity/Q1278275,Ford Maverick,http://www.wikidata.org/entity/Q3231690,модель автомобиля,http://www.wikidata.org/entity/Q44294,Ford,США,,Ford Falcon (США),Ford Fairmont,4700,1791,1344,,http://commons.wikimedia.org/wiki/Special:FilePath/1972%20Ford%20Maverick%20Sprint%20%28616806978%29.jpg
http://www.wikidata.org/entity/Q515001,Ford Model A,http://www.wikidata.org/entity/Q3231690,модель автомобиля,http://www.wikidata.org/entity/Q44294,Ford,США,,Ford Model T,Ford Model B (1932),,,,,http://commons.wikimedia.org/wiki/Special:FilePath/East%20Texas%20Oil%20Museum%20July%202018%2003%20%28Ford%20Model%20A%29%20-%20%28Brighter%29.jpg
http://www.wikidata.org/entity/Q1167651,Ford Model A,http://www.wikidata.org/entity/Q3231690,модель автомобиля,http://www.wikidata.org/entity/Q44294,Ford,США,,Ford Quadricycle,Ford Model B,,,,567,http://commons.wikimedia.org/wiki/Special:FilePath/1903-ford-rc.jpg
http://www.wikidata.org/entity/Q4741476,Ford Model AA,http://www.wikidata.org/entity/Q3231690,модель автомобиля,http://www.wikidata.org/entity/Q44294,Ford,США,,Ford Model TT,,,,,,http://commons.wikimedia.org/wiki/Special:FilePath/Ford%20Model%20AA%20truck%20displayed%20in%20Kilgore%2C%20Texas%20East%20Texas%20Oil%20Museum%20%28Brighter%29.jpg
http://www.wikidata.org/entity/Q2485222,Ford Model B,http://www.wikidata.org/entity/Q3231690,модель автомобиля,http://www.wikidata.org/entity/Q44294,Ford,США,,Ford Model A,Ford Model K,,,,770,http://commons.wikimedia.org/wiki/Special:FilePath/Henry%20Ford%20Museum%20August%202012%2091%20%281905%20Ford%20Model%20B%29.jpg
http://www.wikidata.org/entity/Q1436903,Ford Model B (1932),http://www.wikidata.org/entity/Q3231690,модель автомобиля,http://www.wikidata.org/entity/Q44294,Ford,США,,Ford Model A,Ford V8,4204,,,,http://commons.wikimedia.org/wiki/Special:FilePath/%2734%20Ford%20Model%20B%20%28Auto%20classique%29.JPG
http://www.wikidata.org/entity/Q1436893,Ford Model C,http://www.wikidata.org/entity/Q3231690,модель автомобиля,http://www.wikidata.org/entity/Q44294,Ford,США,,Ford Model A,Ford Model F,,,,566,http://commons.wikimedia.org/wiki/Special:FilePath/1905%20Ford%20Model%20C%20Doctors%20Car.jpg
http://www.wikidata.org/entity/Q2039516,Ford Model C Ten,http://www.wikidata.org/entity/Q3231690,модель автомобиля,http://www.wikidata.org/entity/Q44294,Ford,США,,Ford Model Y,Ford 7W,3734,1448,1600,810,http://commons.wikimedia.org/wiki/Special:FilePath/1936%20Ford%20Model%20C%20Junior%20De%20Luxe%20Tudor%20Saloon%20DYJ078.jpg
http://www.wikidata.org/entity/Q1436907,Ford Model F,http://www.wikidata.org/entity/Q3231690,модель автомобиля,http://www.wikidata.org/entity/Q44294,Ford,США,,Ford Model C,Ford Model N,,,,635,http://commons.wikimedia.org/wiki/Special:FilePath/1904%20Ford%20Model%20F.jpg
http://www.wikidata.org/entity/Q1436904,Ford Model K,http://www.wikidata.org/entity/Q3231690,модель автомобиля,http://www.wikidata.org/entity/Q44294,Ford,США,,Ford Model B,,,,,566,http://commons.wikimedia.org/wiki/Special:FilePath/1907%20Ford%20Model%20K%20Tourer%20%28Warbirds%20%26%20Wheels%20museum%29.jpg
http://www.wikidata.org/entity/Q1436919,Ford Model N,http://www.wikidata.org/entity/Q3231690,модель автомобиля,http://www.wikidata.org/entity/Q44294,Ford,США,,Ford Model F,Ford Model T,,,,,http://commons.wikimedia.org/wiki/Special:FilePath/06%20Ford%20Model%20N%20Roadster%20%286031905013%29.jpg
http://www.wikidata.org/entity/Q2710117,Ford Model TT,http://www.wikidata.org/entity/Q3231690,модель автомобиля,http://www.wikidata.org/entity/Q44294,Ford,США,,,,,,,,http://commons.wikimedia.org/wiki/Special:FilePath/Ford%20Shell%20Fuel%20Lkw%20IMG%2020180417%20192801.jpg
http://www.wikidata.org/entity/Q18355800,Ford Mondeo (второе поколение),http://www.wikidata.org/entity/Q3231690,модель автомобиля,http://www.wikidata.org/entity/Q44294,Ford,США,,Ford Mondeo 1st generation,Ford Mondeo (третье поколение),,,,,http://commons.wikimedia.org/wiki/Special:FilePath/Ford%20Mondeo%20Kombi%20front%2020071029.jpg
http://www.wikidata.org/entity/Q18355800,Ford Mondeo (второе поколение),http://www.wikidata.org/entity/Q3231690,модель автомобиля,http://www.wikidata.org/entity/Q44294,Ford,США,,Ford Mondeo mk 2,Ford Mondeo (третье поколение),,,,,http://commons.wikimedia.org/wiki/Special:FilePath/Ford%20Mondeo%20Kombi%20front%2020071029.jpg
http://www.wikidata.org/entity/Q16993644,Ford Mustang,http://www.wikidata.org/entity/Q3231690,модель автомобиля,http://www.wikidata.org/entity/Q44294,Ford,США,,Ford Mustang,Ford Mustang,,,,,http://commons.wikimedia.org/wiki/Special:FilePath/2018%20Ford%20Mustang%205.0%20coupe.jpg
http://www.wikidata.org/entity/Q113986865,Ford Mustang,http://www.wikidata.org/entity/Q3231690,модель автомобиля,http://www.wikidata.org/entity/Q44294,Ford,США,,Ford Mustang,,,,,,http://commons.wikimedia.org/wiki/Special:FilePath/2024%20Ford%20Mustang%20GT%2C%20Kingsville%2C%20Ontario%2C%202025-06-29.jpg
http://www.wikidata.org/entity/Q5467866,Ford Mustang,http://www.wikidata.org/entity/Q3231690,модель автомобиля,http://www.wikidata.org/entity/Q44294,Ford,США,,Ford Mustang,Ford Mustang,,,,,http://commons.wikimedia.org/wiki/Special:FilePath/2010%20Mustang%20Convertible%20%283978957062%29.jpg
http://www.wikidata.org/entity/Q5467867,Ford Mustang,http://www.wikidata.org/entity/Q3231690,модель автомобиля,http://www.wikidata.org/entity/Q44294,Ford,США,,Ford Mustang,Ford Mustang,,,,,http://commons.wikimedia.org/wiki/Special:FilePath/94-98%20Ford%20Mustang%20coupe.jpg
http://www.wikidata.org/entity/Q5467868,Ford Mustang,http://www.wikidata.org/entity/Q3231690,модель автомобиля,http://www.wikidata.org/entity/Q44294,Ford,США,,,Ford Mustang,,,,,http://commons.wikimedia.org/wiki/Special:FilePath/1st%20Ford%20Mustang%20coupe.jpg
http://www.wikidata.org/entity/Q5467869,Ford Mustang,http://www.wikidata.org/entity/Q3231690,модель автомобиля,http://www.wikidata.org/entity/Q44294,Ford,США,,Ford Mustang,Ford Mustang,,,,,http://commons.wikimedia.org/wiki/Special:FilePath/Ford%20Mustang%20convertible.jpg
http://www.wikidata.org/entity/Q5467870,Ford Mustang,http://www.wikidata.org/entity/Q3231690,модель автомобиля,http://www.wikidata.org/entity/Q44294,Ford,США,,Ford Mustang,Ford Mustang,,,,,http://commons.wikimedia.org/wiki/Special:FilePath/Ford%20Mustang%20II%20%28Centropolis%20Laval%20%2710%29.jpg
http://www.wikidata.org/entity/Q75419891,Ford Mustang Mach-E,http://www.wikidata.org/entity/Q3231690,модель автомобиля,http://www.wikidata.org/entity/Q44294,Ford,США,,,,4724,1880,1600,,http://commons.wikimedia.org/wiki/Special:FilePath/2021%20Mustang%20Mach-E%20Red%20Ford.jpg
http://www.wikidata.org/entity/Q5467877,Ford Mustang SVT Cobra,http://www.wikidata.org/entity/Q3231690,модель автомобиля,http://www.wikidata.org/entity/Q44294,Ford,США,,,Shelby Mustang,,,,,http://commons.wikimedia.org/wiki/Special:FilePath/1998MustangCobra.JPG
http://www.wikidata.org/entity/Q511677,Ford Nucleon,http://www.wikidata.org/entity/Q3231690,модель автомобиля,http://www.wikidata.org/entity/Q44294,Ford,США,,,,,,,,http://commons.wikimedia.org/wiki/Special:FilePath/Deutsches%20Technikmuseum%20Berlin%20February%202008%200022.JPG
http://www.wikidata.org/entity/Q5467888,Ford P100,http://www.wikidata.org/entity/Q3231690,модель автомобиля,http://www.wikidata.org/entity/Q44294,Ford,США,,,,,,,,http://commons.wikimedia.org/wiki/Special:FilePath/Ford%20P100.jpg
http://www.wikidata.org/entity/Q5467899,Ford Parklane,http://www.wikidata.org/entity/Q3231690,модель автомобиля,http://www.wikidata.org/entity/Q44294,Ford,США,,Ford Ranch Wagon,Ford Del Rio,5019,1928,,,http://commons.wikimedia.org/wiki/Special:FilePath/1956%20Ford%20Parklane%20Stationwagon.jpg
http://www.wikidata.org/entity/Q1059377,Ford Pinto,http://www.wikidata.org/entity/Q3231690,модель автомобиля,http://www.wikidata.org/entity/Q44294,Ford,США,,Ford Cortina,Ford Escort (Северная Америка),4140,1763,1270,,http://commons.wikimedia.org/wiki/Special:FilePath/Ford%20Pinto.jpg
http://www.wikidata.org/entity/Q938781,Ford Probe,http://www.wikidata.org/entity/Q3231690,модель автомобиля,http://www.wikidata.org/entity/Q44294,Ford,США,,Ford Capri,Ford Cougar,,,,,http://commons.wikimedia.org/wiki/Special:FilePath/2nd%20Ford%20Probe%20GT.jpg
http://www.wikidata.org/entity/Q525684,Ford Puma,http://www.wikidata.org/entity/Q3231690,модель автомобиля,http://www.wikidata.org/entity/Q44294,Ford,США,,Ford Capri,,3984,1674,1345,,http://commons.wikimedia.org/wiki/Special:FilePath/English%20Ford%20Puma.jpg
http://www.wikidata.org/entity/Q2594091,Ford Quadricycle,http://www.wikidata.org/entity/Q3231690,модель автомобиля,http://www.wikidata.org/entity/Q44294,Ford,США,,,Ford Model A,,,,,http://commons.wikimedia.org/wiki/Special:FilePath/Ford%20quadricycle%20crop.jpg
http://www.wikidata.org/entity/Q1349841,Ford RS200,http://www.wikidata.org/entity/Q3231690,модель автомобиля,http://www.wikidata.org/entity/Q44294,Ford,США,,Ford Escort RS1800,Ford Sierra RS Cosworth,4000,1752,1345,1050,http://commons.wikimedia.org/wiki/Special:FilePath/Ford%20RS200.jpg
http://www.wikidata.org/entity/Q1436973,Ford Ranchero,http://www.wikidata.org/entity/Q3231690,модель автомобиля,http://www.wikidata.org/entity/Q44294,Ford,США,,,,,,,,http://commons.wikimedia.org/wiki/Special:FilePath/Ford%20Ranchero%20%28seventh%20generation%2C%201977-1979%29%20Kulmbach-20220626-RM-160247.jpg
http://www.wikidata.org/entity/Q915824,Ford Ranger,http://www.wikidata.org/entity/Q3231690,модель автомобиля,http://www.wikidata.org/entity/Q44294,Ford,США,,Ford Courier,,,,,,http://commons.wikimedia.org/wiki/Special:FilePath/2011%20Ford%20Ranger%20XLT%20--%20NHTSA.jpg
http://www.wikidata.org/entity/Q5467907,Ford Ranger (T6),http://www.wikidata.org/entity/Q3231690,модель автомобиля,http://www.wikidata.org/entity/Q44294,Ford,США,,,,,,,,http://commons.wikimedia.org/wiki/Special:FilePath/2017%20Ford%20Ranger%20Limited.jpg
http://www.wikidata.org/entity/Q5467910,Ford Ranger EV,http://www.wikidata.org/entity/Q3231690,модель автомобиля,http://www.wikidata.org/entity/Q44294,Ford,США,,,,,,,,http://commons.wikimedia.org/wiki/Special:FilePath/GSFRFrontQuarterView.jpg
http://www.wikidata.org/entity/Q737526,Ford S-Max,http://www.wikidata.org/entity/Q3231690,модель автомобиля,http://www.wikidata.org/entity/Q44294,Ford,США,,,,4770,1884,,,http://commons.wikimedia.org/wiki/Special:FilePath/Ford%20S-Max%20%282nd%20generation%29%20FL%20IMG%205297.jpg
http://www.wikidata.org/entity/Q260932,Ford Shelby GR-1,http://www.wikidata.org/entity/Q3231690,модель автомобиля,http://www.wikidata.org/entity/Q44294,Ford,США,,,,4412,1895,1168,1769,http://commons.wikimedia.org/wiki/Special:FilePath/Shelby%20GR-1%20at%20the%202005%20Chicago%20Auto%20Show.jpeg
http://www.wikidata.org/entity/Q130219703,Ford Six and Eight,http://www.wikidata.org/entity/Q3231690,модель автомобиля,http://www.wikidata.org/entity/Q44294,Ford,США,,,,,,,,http://commons.wikimedia.org/wiki/Special:FilePath/1947%20Ford%2080%20798T%20pic5.JPG
http://www.wikidata.org/entity/Q1436975,Ford Streetka,http://www.wikidata.org/entity/Q3231690,модель автомобиля,http://www.wikidata.org/entity/Q44294,Ford,США,,,,3650,1679,1342,1136,http://commons.wikimedia.org/wiki/Special:FilePath/Ford%20StreetKa%20%282003%E2%80%932005%29%20front%20MJ.JPG
http://www.wikidata.org/entity/Q1436977,Ford T-Series,http://www.wikidata.org/entity/Q3231690,модель автомобиля,http://www.wikidata.org/entity/Q44294,Ford,США,,Ford E-Series,,,,,,http://commons.wikimedia.org/wiki/Special:FilePath/NA%20Transit%202013.JPG
http://www.wikidata.org/entity/Q14545061,Ford Taunus Transit,http://www.wikidata.org/entity/Q3231690,модель автомобиля,http://www.wikidata.org/entity/Q44294,Ford,США,,,Ford Transit,4300,1740,1965,,http://commons.wikimedia.org/wiki/Special:FilePath/Ford%20Taunus%20Transit%20Feuerwehr.jpg
http://www.wikidata.org/entity/Q938795,Ford Taurus,http://www.wikidata.org/entity/Q3231690,модель автомобиля,http://www.wikidata.org/entity/Q44294,Ford,США,,Ford LTD,,4996,1878,1503,,http://commons.wikimedia.org/wiki/Special:FilePath/Ford%20Taurus%202.0L%20Ecoboost%20Limited%20D568%20FL%20Ingot%20Silver%20%281%29.jpg
http://www.wikidata.org/entity/Q5467948,Ford Taurus (второе поколение),http://www.wikidata.org/entity/Q3231690,модель автомобиля,http://www.wikidata.org/entity/Q44294,Ford,США,,Ford Taurus (первое поколение),Ford Taurus (третье поколение),,,,,http://commons.wikimedia.org/wiki/Special:FilePath/Ford%20Taurus%20--%2007-09-2009.jpg
http://www.wikidata.org/entity/Q5467945,Ford Taurus (первое поколение),http://www.wikidata.org/entity/Q3231690,модель автомобиля,http://www.wikidata.org/entity/Q44294,Ford,США,,Ford LTD,Ford Taurus (второе поколение),,,,,http://commons.wikimedia.org/wiki/Special:FilePath/1st%20Ford%20Taurus%20GL%20sedan.jpg
http://www.wikidata.org/entity/Q5467947,Ford Taurus (пятое поколение),http://www.wikidata.org/entity/Q3231690,модель автомобиля,http://www.wikidata.org/entity/Q44294,Ford,США,,Ford Taurus (четвёртое поколение),Ford Taurus (шестое поколение),,,,,http://commons.wikimedia.org/wiki/Special:FilePath/2008%20Ford%20Taurus%20SEL%20.jpg
http://www.wikidata.org/entity/Q8564504,Ford Taurus (третье поколение),http://www.wikidata.org/entity/Q3231690,модель автомобиля,http://www.wikidata.org/entity/Q44294,Ford,США,,Ford Taurus (второе поколение),Ford Taurus (четвёртое поколение),,,,,http://commons.wikimedia.org/wiki/Special:FilePath/96-97%20Ford%20Taurus.jpg
http://www.wikidata.org/entity/Q5467946,Ford Taurus (четвёртое поколение),http://www.wikidata.org/entity/Q3231690,модель автомобиля,http://www.wikidata.org/entity/Q44294,Ford,США,,Ford Taurus (третье поколение),Ford Taurus (пятое поколение),,,,,http://commons.wikimedia.org/wiki/Special:FilePath/05-07%20Ford%20Taurus%20SE%20sedan.jpg
http://www.wikidata.org/entity/Q5467949,Ford Taurus (шестое поколение),http://www.wikidata.org/entity/Q3231690,модель автомобиля,http://www.wikidata.org/entity/Q44294,Ford,США,,Ford Taurus (пятое поколение),,,,,,http://commons.wikimedia.org/wiki/Special:FilePath/2010%20Ford%20Taurus%20Limited%201%20--%2010-31-2009.jpg
http://www.wikidata.org/entity/Q3747980,Ford Taurus SHO,http://www.wikidata.org/entity/Q3231690,модель автомобиля,http://www.wikidata.org/entity/Q44294,Ford,США,,,,,,,,http://commons.wikimedia.org/wiki/Special:FilePath/2010%20Ford%20Taurus%20SHO%20--%2009-07-2009.jpg
http://www.wikidata.org/entity/Q1436998,Ford Taurus X,http://www.wikidata.org/entity/Q3231690,модель автомобиля,http://www.wikidata.org/entity/Q44294,Ford,США,,,Ford Explorer,5088,1902,1712,,http://commons.wikimedia.org/wiki/Special:FilePath/2008-Ford-Taurus-X-SEL.jpg
http://www.wikidata.org/entity/Q1436998,Ford Taurus X,http://www.wikidata.org/entity/Q3231690,модель автомобиля,http://www.wikidata.org/entity/Q44294,Ford,США,,,Ford Flex,5088,1902,1712,,http://commons.wikimedia.org/wiki/Special:FilePath/2008-Ford-Taurus-X-SEL.jpg
http://www.wikidata.org/entity/Q1436999,Ford Tempo,http://www.wikidata.org/entity/Q3231690,модель автомобиля,http://www.wikidata.org/entity/Q44294,Ford,США,,Ford Fairmont,Ford Contour,,,,,http://commons.wikimedia.org/wiki/Special:FilePath/92-94%20Ford%20Tempo.jpg
http://www.wikidata.org/entity/Q1436995,Ford Territory,http://www.wikidata.org/entity/Q3231690,модель автомобиля,http://www.wikidata.org/entity/Q44294,Ford,США,,,,4856,1898,1714,,http://commons.wikimedia.org/wiki/Special:FilePath/2009-2010%20Ford%20Territory%20%28SY%20II%29%20TX%20wagon%2001.jpg
http://www.wikidata.org/entity/Q1133834,Ford Thunderbird,http://www.wikidata.org/entity/Q3231690,модель автомобиля,http://www.wikidata.org/entity/Q44294,Ford,США,,,,5214,,,,http://commons.wikimedia.org/wiki/Special:FilePath/1957%20Ford%20Thunderbird%20%2828911503716%29%20%28cropped%29.jpg
http://www.wikidata.org/entity/Q3077118,Ford Tourneo,http://www.wikidata.org/entity/Q3231690,модель автомобиля,http://www.wikidata.org/entity/Q44294,Ford,США,,,,486,,,,http://commons.wikimedia.org/wiki/Special:FilePath/Ford%20Tourneo%2C%20Mark%205%2C%20rear%20view.jpg
http://www.wikidata.org/entity/Q2662186,Ford Tourneo Connect,http://www.wikidata.org/entity/Q3231690,модель автомобиля,http://www.wikidata.org/entity/Q44294,Ford,США,,,,,,,,http://commons.wikimedia.org/wiki/Special:FilePath/Ford%20Tourneo%20Connect%20Active%20%283rd%20generation%29%20Auto%20Zuerich%202021%20IMG%200400.jpg
http://www.wikidata.org/entity/Q567341,Ford Transit Connect,http://www.wikidata.org/entity/Q3231690,модель автомобиля,http://www.wikidata.org/entity/Q44294,Ford,США,,Ford Courier,,,,,,http://commons.wikimedia.org/wiki/Special:FilePath/2025%20Ford%20Transit%20Connect%20Limited%20PHEV%20-%201498cc%201.5%20%28150PS%29%20Plug-in%20Hybrid%20-%20Frozen%20White%20-%2003-2025%2C%20Front.jpg
http://www.wikidata.org/entity/Q13569368,Ford Transit Courier,http://www.wikidata.org/entity/Q3231690,модель автомобиля,http://www.wikidata.org/entity/Q44294,Ford,США,,Ford Courier,,4157,1976,1725,,http://commons.wikimedia.org/wiki/Special:FilePath/Ford%20Transit%20Courier%2C%20Nufam%202023%2C%20Rheinstetten%20%28P1130550%29.jpg
http://www.wikidata.org/entity/Q1437048,Ford Windstar,http://www.wikidata.org/entity/Q3231690,модель автомобиля,http://www.wikidata.org/entity/Q44294,Ford,США,,Ford Aerostar,Ford Freestar,,1915,1789,,http://commons.wikimedia.org/wiki/Special:FilePath/1st%20Ford%20Windstar.jpg
http://www.wikidata.org/entity/Q1436785,Ford deluxe,http://www.wikidata.org/entity/Q3231690,модель автомобиля,http://www.wikidata.org/entity/Q44294,Ford,США,,Ford V8,1949—1956 Ford,4559,,,,http://commons.wikimedia.org/wiki/Special:FilePath/Ford-Vairogs-V8-front.jpg
http://www.wikidata.org/entity/Q1760333,Lincoln Aviator,http://www.wikidata.org/entity/Q3231690,модель автомобиля,http://www.wikidata.org/entity/Q44294,Ford,США,,,Lincoln MKX,4909,1931,1814,2269,http://commons.wikimedia.org/wiki/Special:FilePath/Lincoln%20Aviator%20%28U611%29%20IAA%202025%20DSC%201441.jpg
http://www.wikidata.org/entity/Q1358633,Lincoln Continental,http://www.wikidata.org/entity/Q3231690,модель автомобиля,http://www.wikidata.org/entity/Q44294,Ford,США,,Lincoln MKS,Lincoln Town Car,,,,,http://commons.wikimedia.org/wiki/Special:FilePath/LINCOLN%20CONTINENTAL%20TENTH%20GENERATION%20China%20%282%29.jpg
http://www.wikidata.org/entity/Q593296,Lincoln Continental Mark III,http://www.wikidata.org/entity/Q3231690,модель автомобиля,http://www.wikidata.org/entity/Q44294,Ford,США,,Continental Mark II,Lincoln Continental Mark IV,5486,2020,1350,2207,http://commons.wikimedia.org/wiki/Special:FilePath/69MarkIIIa.jpg
http://www.wikidata.org/entity/Q65075518,Lincoln Corsair,http://www.wikidata.org/entity/Q3231690,модель автомобиля,http://www.wikidata.org/entity/Q44294,Ford,США,,Lincoln MKC,,,,,,http://commons.wikimedia.org/wiki/Special:FilePath/2020%20Lincoln%20Corsair%20%27Signature%27%202.0L%20Ecoboost%2C%20front%202.20.20.jpg
http://www.wikidata.org/entity/Q1825753,Lincoln Futura,http://www.wikidata.org/entity/Q3231690,модель автомобиля,http://www.wikidata.org/entity/Q44294,Ford,США,,,,,,,,http://commons.wikimedia.org/wiki/Special:FilePath/1955%20Lincoln%20Futura%20takenonmycamera%20November%207th%202009.jpg
http://www.wikidata.org/entity/Q1225861,Lincoln MKT,http://www.wikidata.org/entity/Q3231690,модель автомобиля,http://www.wikidata.org/entity/Q44294,Ford,США,,Lincoln Town Car,,5273,1930,1715,,http://commons.wikimedia.org/wiki/Special:FilePath/2010%20Lincoln%20MKT%20--%2011-25-2009.jpg
http://www.wikidata.org/entity/Q1825796,Lincoln MKX,http://www.wikidata.org/entity/Q3231690,модель автомобиля,http://www.wikidata.org/entity/Q44294,Ford,США,,Lincoln Aviator,Lincoln Nautilus,4735,1925,,,http://commons.wikimedia.org/wiki/Special:FilePath/LINCOLN%20MKX%20SECOND%20GENERATION%20China%20%287%29.jpg
http://www.wikidata.org/entity/Q1753849,Lincoln MKZ,http://www.wikidata.org/entity/Q3231690,модель автомобиля,http://www.wikidata.org/entity/Q44294,Ford,США,,Lincoln LS,,4820,,,,http://commons.wikimedia.org/wiki/Special:FilePath/Lincoln%20MKZ%20II%20facelift%20001%20China%202017-03-24.jpg
http://www.wikidata.org/entity/Q1425644,Lincoln Navigator,http://www.wikidata.org/entity/Q3231690,модель автомобиля,http://www.wikidata.org/entity/Q44294,Ford,США,,,,5202,,,,http://commons.wikimedia.org/wiki/Special:FilePath/2025%20Lincoln%20Navigator%20au%20SIAM%202025.jpg
http://www.wikidata.org/entity/Q516413,Lincoln Town Car,http://www.wikidata.org/entity/Q3231690,модель автомобиля,http://www.wikidata.org/entity/Q44294,Ford,США,,Lincoln Continental,Lincoln MKS,5565,,,,http://commons.wikimedia.org/wiki/Special:FilePath/1996%20Lincoln%20Town%20Car%20Diamond%20Anniversary%20Edition.jpg
http://www.wikidata.org/entity/Q1234272,M151 MUTT,http://www.wikidata.org/entity/Q3231690,модель автомобиля,http://www.wikidata.org/entity/Q44294,Ford,США,,Willys M38A1,HMMWV,,,,,http://commons.wikimedia.org/wiki/Special:FilePath/JeepFrontM151.jpg
http://www.wikidata.org/entity/Q1131665,Mercedes-Benz Bionic,http://www.wikidata.org/entity/Q3231690,модель автомобиля,http://www.wikidata.org/entity/Q44294,Ford,США,,,,4242,,,,http://commons.wikimedia.org/wiki/Special:FilePath/Mercedes-Benz%20bionic%20car.jpg
http://www.wikidata.org/entity/Q1921524,Mercury Bobcat,http://www.wikidata.org/entity/Q3231690,модель автомобиля,http://www.wikidata.org/entity/Q44294,Ford,США,,,Mercury Lynx,,1770,,,http://commons.wikimedia.org/wiki/Special:FilePath/Mercury%20Bobcat%20Pincat.JPG
http://www.wikidata.org/entity/Q887416,Mercury Capri,http://www.wikidata.org/entity/Q3231690,модель автомобиля,http://www.wikidata.org/entity/Q44294,Ford,США,,,,,,,,http://commons.wikimedia.org/wiki/Special:FilePath/1971%20Mercury%20Capri%20%2829776067015%29.jpg
http://www.wikidata.org/entity/Q1698340,Mercury Comet,http://www.wikidata.org/entity/Q3231690,модель автомобиля,http://www.wikidata.org/entity/Q44294,Ford,США,,,Ford Fairmont,,,,,http://commons.wikimedia.org/wiki/Special:FilePath/Mercury%20Comet%201973%20ca%204100cc%20at%20Knebworth%202013.JPG
http://www.wikidata.org/entity/Q764093,Mercury Cougar,http://www.wikidata.org/entity/Q3231690,модель автомобиля,http://www.wikidata.org/entity/Q44294,Ford,США,,,Mercury Marquis,,,,,http://commons.wikimedia.org/wiki/Special:FilePath/1997%20Mercury%20Cougar%20XR7%20Sport%20in%20Silver%20Frost.jpg
http://www.wikidata.org/entity/Q120125,Mercury Cyclone,http://www.wikidata.org/entity/Q3231690,модель автомобиля,http://www.wikidata.org/entity/Q44294,Ford,США,,Mercury Comet,Mercury Montego,,1875,1397,,http://commons.wikimedia.org/wiki/Special:FilePath/1971%20Mercury%20Montego%20Cyclone.jpg
http://www.wikidata.org/entity/Q16988988,Mercury Cyclone Spoiler II,http://www.wikidata.org/entity/Q3231690,модель автомобиля,http://www.wikidata.org/entity/Q44294,Ford,США,,,,,,,,http://commons.wikimedia.org/wiki/Special:FilePath/Mercury%20Cyclone%20Spoiler%20II%20Dan%20Gurney.jpg
http://www.wikidata.org/entity/Q1360787,Mercury Grand Marquis,http://www.wikidata.org/entity/Q3231690,модель автомобиля,http://www.wikidata.org/entity/Q44294,Ford,США,,Mercury Marquis,,,,,,http://commons.wikimedia.org/wiki/Special:FilePath/03-05%20Mercury%20Grand%20Marquis%20.jpg
http://www.wikidata.org/entity/Q763495,Mercury Marauder,http://www.wikidata.org/entity/Q3231690,модель автомобиля,http://www.wikidata.org/entity/Q44294,Ford,США,,,,,,,,http://commons.wikimedia.org/wiki/Special:FilePath/Marauder%20f.jpg
http://www.wikidata.org/entity/Q369305,Mercury Marquis,http://www.wikidata.org/entity/Q3231690,модель автомобиля,http://www.wikidata.org/entity/Q44294,Ford,США,,Mercury Montclair,Mercury Grand Marquis,,,,,http://commons.wikimedia.org/wiki/Special:FilePath/69%20mercury%20marquis%20in%20australia.JPG
http://www.wikidata.org/entity/Q1473330,Mercury Monarch,http://www.wikidata.org/entity/Q3231690,модель автомобиля,http://www.wikidata.org/entity/Q44294,Ford,США,,Mercury Comet,,5020,1880,1360,1490,http://commons.wikimedia.org/wiki/Special:FilePath/1976%20Mercury%20Monarch%20%2818847628439%29.jpg
http://www.wikidata.org/entity/Q762335,Mercury Montego,http://www.wikidata.org/entity/Q3231690,модель автомобиля,http://www.wikidata.org/entity/Q44294,Ford,США,,Mercury Comet,Mercury Cougar,,,,,http://commons.wikimedia.org/wiki/Special:FilePath/05-07%20Mercury%20Montego.jpg
http://www.wikidata.org/entity/Q1385746,Mercury Monterey,http://www.wikidata.org/entity/Q3231690,модель автомобиля,http://www.wikidata.org/entity/Q44294,Ford,США,,Mercury Eight,Mercury Marquis,,,,,http://commons.wikimedia.org/wiki/Special:FilePath/1972%20Mercury%20Monterey%20%2814813625152%29.jpg
http://www.wikidata.org/entity/Q1921560,Mercury Mystique,http://www.wikidata.org/entity/Q3231690,модель автомобиля,http://www.wikidata.org/entity/Q44294,Ford,США,,Mercury Topaz,,,,,,http://commons.wikimedia.org/wiki/Special:FilePath/1998-2000%20Mercury%20Mystique%20--%2003-24-2012.JPG
http://www.wikidata.org/entity/Q953798,Mercury Sable,http://www.wikidata.org/entity/Q3231690,модель автомобиля,http://www.wikidata.org/entity/Q44294,Ford,США,,Mercury Marquis,Mercury Montego,,,,,http://commons.wikimedia.org/wiki/Special:FilePath/08-Mercury-Sable-1.jpg
http://www.wikidata.org/entity/Q821637,Mercury Zephyr,http://www.wikidata.org/entity/Q3231690,модель автомобиля,http://www.wikidata.org/entity/Q44294,Ford,США,,Mercury Comet,Mercury Topaz,,,,,http://commons.wikimedia.org/wiki/Special:FilePath/Mercury%20Zephyr%20front.jpg
http://www.wikidata.org/entity/Q10858367,Merkur XR4Ti,http://www.wikidata.org/entity/Q3231690,модель автомобиля,http://www.wikidata.org/entity/Q44294,Ford,США,,,,,,,,http://commons.wikimedia.org/wiki/Special:FilePath/MerkurXr4ti.JPG
http://www.wikidata.org/entity/Q282617,Shelby Mustang,http://www.wikidata.org/entity/Q3231690,модель автомобиля,http://www.wikidata.org/entity/Q44294,Ford,США,,Ford Mustang SVT Cobra,,,,,,http://commons.wikimedia.org/wiki/Special:FilePath/Ford%20Mustang%20Shelby%20G.T.%20500.jpg
http://www.wikidata.org/entity/Q495075,Willys MB,http://www.wikidata.org/entity/Q3231690,модель автомобиля,http://www.wikidata.org/entity/Q44294,Ford,США,,,Jeep CJ,3327,1575,,1040,http://commons.wikimedia.org/wiki/Special:FilePath/Jeep%20-%20Bedfordshire%20Steam%20%26%20Country%20Fayre%202017%20%2836515507253%29.jpg
http://www.wikidata.org/entity/Q495075,Willys MB,http://www.wikidata.org/entity/Q3231690,модель автомобиля,http://www.wikidata.org/entity/Q44294,Ford,США,,,Willys M38,3327,1575,,1040,http://commons.wikimedia.org/wiki/Special:FilePath/Jeep%20-%20Bedfordshire%20Steam%20%26%20Country%20Fayre%202017%20%2836515507253%29.jpg
http://www.wikidata.org/entity/Q5467656,Платформа Ford B,http://www.wikidata.org/entity/Q3231690,модель автомобиля,http://www.wikidata.org/entity/Q44294,Ford,США,,,Ford B,,,,,http://commons.wikimedia.org/wiki/Special:FilePath/Ford%20Fiesta%20MK3%20front%2020070926.jpg
http://www.wikidata.org/entity/Q534238,Форд Бронко,http://www.wikidata.org/entity/Q3231690,модель автомобиля,http://www.wikidata.org/entity/Q44294,Ford,США,,,Ford Expedition,,,,,http://commons.wikimedia.org/wiki/Special:FilePath/Ford%20Bronco%20%286th%20generation%29%201X7A0874.jpg
http://www.wikidata.org/entity/Q5354209,Элеанор,http://www.wikidata.org/entity/Q3231690,модель автомобиля,http://www.wikidata.org/entity/Q44294,Ford,США,,,,,,,,http://commons.wikimedia.org/wiki/Special:FilePath/1967%20Ford%20Mustang%20Shelby%20GT-500%20Eleanor.jpg
http://www.wikidata.org/entity/Q182323,Ford Model T,http://www.wikidata.org/entity/Q3231690,модель автомобиля,http://www.wikidata.org/entity/Q44294,Ford,США,1908-08-12T00:00:00Z,Ford Model N,Ford Model A,,,,540,http://commons.wikimedia.org/wiki/Special:FilePath/Ford%20T%20Jon%20Sullivan.jpg
http://www.wikidata.org/entity/Q634213,Ford Consul Classic,http://www.wikidata.org/entity/Q3231690,модель автомобиля,http://www.wikidata.org/entity/Q44294,Ford,США,1961-01-01T00:00:00Z,Ford Consul,Ford Corsair,4337,1651,1422,940,http://commons.wikimedia.org/wiki/Special:FilePath/Ford%20Classic%20four%20door%20registered%20May%201962%201498%20cc.JPG
http://www.wikidata.org/entity/Q1880975,M39 cannon,http://www.wikidata.org/entity/Q124056273,модель артиллерийского орудия,http://www.wikidata.org/entity/Q44294,Ford,США,,,,,,,,http://commons.wikimedia.org/wiki/Special:FilePath/M-39%20Cannon%20at%20the%20PAF%20Aerospace%20Museum.jpg
http://www.wikidata.org/entity/Q739124,M1918,http://www.wikidata.org/entity/Q100710213,модель боевой машины,http://www.wikidata.org/entity/Q44294,Ford,США,,,,4.3,1.8,1.8,,http://commons.wikimedia.org/wiki/Special:FilePath/M1918-ford-3-ton-tank.jpg
http://www.wikidata.org/entity/Q475616,M8,http://www.wikidata.org/entity/Q100710213,модель боевой машины,http://www.wikidata.org/entity/Q44294,Ford,США,,,,5003,2540,2235,7.8,http://commons.wikimedia.org/wiki/Special:FilePath/M8old1.JPG
http://www.wikidata.org/entity/Q917405,MIM-72 Chaparral,http://www.wikidata.org/entity/Q100710213,модель боевой машины,http://www.wikidata.org/entity/Q44294,Ford,США,,,,2.9,,,86,http://commons.wikimedia.org/wiki/Special:FilePath/MIM-72%20Chaparral%2007.jpg
http://www.wikidata.org/entity/Q61763413,T17 (бронеавтомобиль),http://www.wikidata.org/entity/Q100710213,модель боевой машины,http://www.wikidata.org/entity/Q44294,Ford,США,,,,5537,2591,2311,,http://commons.wikimedia.org/wiki/Special:FilePath/T17-Deerhound-armored-car-2.jpg
http://www.wikidata.org/entity/Q56302662,Q56302662,http://www.wikidata.org/entity/Q90834785,модель гоночного автомобиля,http://www.wikidata.org/entity/Q44294,Ford,США,,,,,,,,http://commons.wikimedia.org/wiki/Special:FilePath/2015-03-03%20Geneva%20Motor%20Show%203461.JPG
http://www.wikidata.org/entity/Q94993547,Ford Escort RS1700T,http://www.wikidata.org/entity/Q90834785,модель гоночного автомобиля,http://www.wikidata.org/entity/Q44294,Ford,США,,,,,,,,http://commons.wikimedia.org/wiki/Special:FilePath/Ford%20Escort%20RS1700T%20Msport.jpg
http://www.wikidata.org/entity/Q11859797,Ford Focus RS WRC 06,http://www.wikidata.org/entity/Q90834785,модель гоночного автомобиля,http://www.wikidata.org/entity/Q44294,Ford,США,,,,,,,,http://commons.wikimedia.org/wiki/Special:FilePath/Ford%20Foucus%20WRC05.JPG
http://www.wikidata.org/entity/Q25396089,Ford GT (GT1),http://www.wikidata.org/entity/Q90834785,модель гоночного автомобиля,http://www.wikidata.org/entity/Q44294,Ford,США,,,,,,,,http://commons.wikimedia.org/wiki/Special:FilePath/Ford%20Chip%20Ganassi%20Team%20USA%27s%20Ford%20GT%20No.%2069.jpg
http://www.wikidata.org/entity/Q60851743,Ford GT (GTE),http://www.wikidata.org/entity/Q90834785,модель гоночного автомобиля,http://www.wikidata.org/entity/Q44294,Ford,США,,,,,,,,
http://www.wikidata.org/entity/Q121316018,Ford Mustang GT3,http://www.wikidata.org/entity/Q90834785,модель гоночного автомобиля,http://www.wikidata.org/entity/Q44294,Ford,США,,,,,,,,
http://www.wikidata.org/entity/Q2584029,Ford Escort WRC,http://www.wikidata.org/entity/Q90834785,модель гоночного автомобиля,http://www.wikidata.org/entity/Q44294,Ford,США,,Ford Escort RS Cosworth,Ford Focus WRC,,,,,http://commons.wikimedia.org/wiki/Special:FilePath/Ford%20Escort%20%28group%20A%29.jpg
http://www.wikidata.org/entity/Q304756,Ford Fiesta RS WRC,http://www.wikidata.org/entity/Q90834785,модель гоночного автомобиля,http://www.wikidata.org/entity/Q44294,Ford,США,,Ford Focus WRC,Ford Fiesta WRC,3963,1820,1356,1200,http://commons.wikimedia.org/wiki/Special:FilePath/Mondial%20de%20l%27Automobile%202010%2C%20Paris%20-%20France%20%285058191112%29.jpg
http://www.wikidata.org/entity/Q1945493,Ford Focus WRC,http://www.wikidata.org/entity/Q90834785,модель гоночного автомобиля,http://www.wikidata.org/entity/Q44294,Ford,США,,Ford Escort WRC,Ford Fiesta RS WRC,4152,1770,1420,1330,http://commons.wikimedia.org/wiki/Special:FilePath/Rally%20Finland%202010%20-%20shakedown%20-%20Jari-Matti%20Latvala%203.jpg
http://www.wikidata.org/entity/Q291149,Ford GT40,http://www.wikidata.org/entity/Q90834785,модель гоночного автомобиля,http://www.wikidata.org/entity/Q44294,Ford,США,,,Ford P68,4064,1778,1029,980,http://commons.wikimedia.org/wiki/Special:FilePath/GT40%20at%20Goodwood.jpg
http://www.wikidata.org/entity/Q10278967,Ford F-350,http://www.wikidata.org/entity/Q21546143,модель грузовика,http://www.wikidata.org/entity/Q44294,Ford,США,,,,,,,,http://commons.wikimedia.org/wiki/Special:FilePath/Ford%20F-350%20%28City%20Of%20Beaconsfield%29.jpg
http://www.wikidata.org/entity/Q1436835,Ford G398,http://www.wikidata.org/entity/Q21546143,модель грузовика,http://www.wikidata.org/entity/Q44294,Ford,США,,,,,,,,
http://www.wikidata.org/entity/Q1437008,"Ford G917T, G987T, G997T",http://www.wikidata.org/entity/Q21546143,модель грузовика,http://www.wikidata.org/entity/Q44294,Ford,США,,,,,,,,
http://www.wikidata.org/entity/Q129317696,Fordson Thames E4,http://www.wikidata.org/entity/Q21546143,модель грузовика,http://www.wikidata.org/entity/Q44294,Ford,США,,,,,,,,http://commons.wikimedia.org/wiki/Special:FilePath/FordThames%20frontsideview.JPG
http://www.wikidata.org/entity/Q5467668,Ford C-Series,http://www.wikidata.org/entity/Q21546143,модель грузовика,http://www.wikidata.org/entity/Q44294,Ford,США,,Ford F-Series (второе поколение),Ford Cargo,,,,,http://commons.wikimedia.org/wiki/Special:FilePath/Helena%20Fire%20Department%20Engine%2062%20Helena%20Alabama.JPG
http://www.wikidata.org/entity/Q1436779,Ford D-Series,http://www.wikidata.org/entity/Q21546143,модель грузовика,http://www.wikidata.org/entity/Q44294,Ford,США,,Thames Trader,Ford Cargo,,,,,http://commons.wikimedia.org/wiki/Special:FilePath/Ford%20D%20series%20light%20truck%20October%201977.JPG
http://www.wikidata.org/entity/Q1437066,Ford E83W,http://www.wikidata.org/entity/Q21546143,модель грузовика,http://www.wikidata.org/entity/Q44294,Ford,США,,,Ford Thames 400E,4000,1626,,670,http://commons.wikimedia.org/wiki/Special:FilePath/Ford%20Thames%20E83W%20dropside%201957.jpg
http://www.wikidata.org/entity/Q5467750,Ford F-650,http://www.wikidata.org/entity/Q21546143,модель грузовика,http://www.wikidata.org/entity/Q44294,Ford,США,,,,,,,,http://commons.wikimedia.org/wiki/Special:FilePath/Ford%20F650%20flatbed.jpg
http://www.wikidata.org/entity/Q1146685,Ford F-Series,http://www.wikidata.org/entity/Q21546143,модель грузовика,http://www.wikidata.org/entity/Q44294,Ford,США,,,Ford Super Duty,,,,,http://commons.wikimedia.org/wiki/Special:FilePath/2024%20Ford%20F-150%20SuperCrew%20Tremor%20in%20Avalanche%2C%20front%20right%2C%202024-09-03.jpg
http://www.wikidata.org/entity/Q5467826,Ford L-Series,http://www.wikidata.org/entity/Q21546143,модель грузовика,http://www.wikidata.org/entity/Q44294,Ford,США,,,Sterling trucks,,,,,http://commons.wikimedia.org/wiki/Special:FilePath/1989%20Ford%20LN8000%20Diesel%20dump%20truck%2C%20red.jpg
http://www.wikidata.org/entity/Q3747973,Ford LCF,http://www.wikidata.org/entity/Q21546143,модель грузовика,http://www.wikidata.org/entity/Q44294,Ford,США,,Ford Cargo,,,2.11,2.29,,http://commons.wikimedia.org/wiki/Special:FilePath/2006%20Ford%20LCF%20box%20truck.jpg
http://www.wikidata.org/entity/Q3267790,Ford Super Duty,http://www.wikidata.org/entity/Q21546143,модель грузовика,http://www.wikidata.org/entity/Q44294,Ford,США,,Ford F-Series (девятое поколение),,,,,,http://commons.wikimedia.org/wiki/Special:FilePath/2011%20Ford%20F-250%20XLT%20--%2007-10-2010.jpg
http://www.wikidata.org/entity/Q15809957,Ford V3000S,http://www.wikidata.org/entity/Q21546143,модель грузовика,http://www.wikidata.org/entity/Q44294,Ford,США,,Ford Model BB,Ford Rhein/Ruhr,,,,,http://commons.wikimedia.org/wiki/Special:FilePath/Flickr%20-%20Hugo90%20-%20Ford%20Tanker.jpg
http://www.wikidata.org/entity/Q14541503,Fordson Thames 7V,http://www.wikidata.org/entity/Q21546143,модель грузовика,http://www.wikidata.org/entity/Q44294,Ford,США,,Ford Model BB,Fordson Thames ET,,,,,http://commons.wikimedia.org/wiki/Special:FilePath/1947%20Fordson%207V%20tractor%20unit%20OMT%20479%2C%202007%20HCVS%20London%20to%20Brighton%20run.jpg
http://www.wikidata.org/entity/Q107547397,Ford Duratec RS engine,http://www.wikidata.org/entity/Q15057021,модель двигателя,http://www.wikidata.org/entity/Q44294,Ford,США,,,,,,,,
http://www.wikidata.org/entity/Q110077996,Ford Duratorq ZSD-422,http://www.wikidata.org/entity/Q15057021,модель двигателя,http://www.wikidata.org/entity/Q44294,Ford,США,,,,,,,,
http://www.wikidata.org/entity/Q122958696,Ford Duratorq ZSD-424,http://www.wikidata.org/entity/Q15057021,модель двигателя,http://www.wikidata.org/entity/Q44294,Ford,США,,,,,,,,
http://www.wikidata.org/entity/Q108030762,Ford Ecoboost 2.0 L engine,http://www.wikidata.org/entity/Q15057021,модель двигателя,http://www.wikidata.org/entity/Q44294,Ford,США,,,,,,,,
http://www.wikidata.org/entity/Q16160162,Jaguar AJ-V6 engine,http://www.wikidata.org/entity/Q15057021,модель двигателя,http://www.wikidata.org/entity/Q44294,Ford,США,,,,,,,,
http://www.wikidata.org/entity/Q15138408,Liberty L-12A,http://www.wikidata.org/entity/Q15057021,модель двигателя,http://www.wikidata.org/entity/Q44294,Ford,США,,,,,,,,
http://www.wikidata.org/entity/Q5467944,Ford Taunus V4,http://www.wikidata.org/entity/Q15057021,модель двигателя,http://www.wikidata.org/entity/Q44294,Ford,США,,,,,,,,
http://www.wikidata.org/entity/Q5468026,Ford Zeta,http://www.wikidata.org/entity/Q15057021,модель двигателя,http://www.wikidata.org/entity/Q44294,Ford,США,,,,,,,,http://commons.wikimedia.org/wiki/Special:FilePath/Zetec%20E%2018%201.jpg
http://www.wikidata.org/entity/Q19058994,4-AT-A Trimotor,http://www.wikidata.org/entity/Q15056995,модель летательного аппарата,http://www.wikidata.org/entity/Q44294,Ford,США,,,,,,,,
http://www.wikidata.org/entity/Q19120638,4-AT-B Trimotor,http://www.wikidata.org/entity/Q15056995,модель летательного аппарата,http://www.wikidata.org/entity/Q44294,Ford,США,,,,,,,,http://commons.wikimedia.org/wiki/Special:FilePath/EL-2002-00560.jpg
http://www.wikidata.org/entity/Q19206722,4-AT-D Trimotor,http://www.wikidata.org/entity/Q15056995,модель летательного аппарата,http://www.wikidata.org/entity/Q44294,Ford,США,,,,,,,,
http://www.wikidata.org/entity/Q19206741,4-AT-E Trimotor,http://www.wikidata.org/entity/Q15056995,модель летательного аппарата,http://www.wikidata.org/entity/Q44294,Ford,США,,,,,,,,http://commons.wikimedia.org/wiki/Special:FilePath/EAA%20Ford%20Trimotor.jpg
http://www.wikidata.org/entity/Q19206764,5-AT Trimotor,http://www.wikidata.org/entity/Q15056995,модель летательного аппарата,http://www.wikidata.org/entity/Q44294,Ford,США,,,,50.3,,13,13500,
http://www.wikidata.org/entity/Q19206779,5-AT-A Trimotor,http://www.wikidata.org/entity/Q15056995,модель летательного аппарата,http://www.wikidata.org/entity/Q44294,Ford,США,,,,,,,,
http://www.wikidata.org/entity/Q19206799,5-AT-B Trimotor,http://www.wikidata.org/entity/Q15056995,модель летательного аппарата,http://www.wikidata.org/entity/Q44294,Ford,США,,,,,,,,http://commons.wikimedia.org/wiki/Special:FilePath/EL-2002-00560.jpg
http://www.wikidata.org/entity/Q47531827,5-AT-D Trimotor,http://www.wikidata.org/entity/Q15056995,модель летательного аппарата,http://www.wikidata.org/entity/Q44294,Ford,США,,,,,,,,
http://www.wikidata.org/entity/Q5467909,Ford Ranger (омонимия),http://www.wikidata.org/entity/Q10929058,модель объекта производства,http://www.wikidata.org/entity/Q44294,Ford,США,,Ford Courier,,,,,,http://commons.wikimedia.org/wiki/Special:FilePath/Ford%20Ranger%20Raptor%20%28P703%29%201X7A6776.jpg
http://www.wikidata.org/entity/Q620224,Republic JB-2 Loon,http://www.wikidata.org/entity/Q18487055,модель ракеты,http://www.wikidata.org/entity/Q44294,Ford,США,,,,,,,2300,http://commons.wikimedia.org/wiki/Special:FilePath/JB-2%20Loon%20%28V-1%20Buzz%20Bomb%29%20USAF.jpg
http://www.wikidata.org/entity/Q18124882,Ford 3000,http://www.wikidata.org/entity/Q55725952,модель трактора,http://www.wikidata.org/entity/Q44294,Ford,США,,,,,,,,http://commons.wikimedia.org/wiki/Special:FilePath/Ford%203000%20closed-cab.JPG
http://www.wikidata.org/entity/Q95576265,Ford 4600,http://www.wikidata.org/entity/Q55725952,модель трактора,http://www.wikidata.org/entity/Q44294,Ford,США,,,,,,,,http://commons.wikimedia.org/wiki/Special:FilePath/Ford%204600%20%2802%29.jpg
http://www.wikidata.org/entity/Q5467633,Ford 5000,http://www.wikidata.org/entity/Q55725952,модель трактора,http://www.wikidata.org/entity/Q44294,Ford,США,,,,3600,1740,1610,,http://commons.wikimedia.org/wiki/Special:FilePath/Ford5000.jpg
http://www.wikidata.org/entity/Q98542991,Ford 600,http://www.wikidata.org/entity/Q55725952,модель трактора,http://www.wikidata.org/entity/Q44294,Ford,США,,,,,,,,http://commons.wikimedia.org/wiki/Special:FilePath/Trator%20Ford%20600%20-%201955%2001.jpg
http://www.wikidata.org/entity/Q98541482,Ford 6600,http://www.wikidata.org/entity/Q55725952,модель трактора,http://www.wikidata.org/entity/Q44294,Ford,США,,,,,,,,http://commons.wikimedia.org/wiki/Special:FilePath/Ford%206600%20%2828704686866%29.jpg
http://www.wikidata.org/entity/Q106981972,Ford 6810,http://www.wikidata.org/entity/Q55725952,модель трактора,http://www.wikidata.org/entity/Q44294,Ford,США,,,,,,,,http://commons.wikimedia.org/wiki/Special:FilePath/Tractor%20Ford%206810%20en%20Cisterna%20%28Vinhais%29.jpg
http://www.wikidata.org/entity/Q98541313,Ford 7810,http://www.wikidata.org/entity/Q55725952,модель трактора,http://www.wikidata.org/entity/Q44294,Ford,США,,,,,,,4300,http://commons.wikimedia.org/wiki/Special:FilePath/Ford%207810%20Traktor.JPG
http://www.wikidata.org/entity/Q98542393,Ford 7840,http://www.wikidata.org/entity/Q55725952,модель трактора,http://www.wikidata.org/entity/Q44294,Ford,США,,,,,,,,http://commons.wikimedia.org/wiki/Special:FilePath/Ford%207840%20Powerstar%20SLE%20Traktor%20%282023%29.jpg
http://www.wikidata.org/entity/Q1436710,Ford N-Series tractor,http://www.wikidata.org/entity/Q55725952,модель трактора,http://www.wikidata.org/entity/Q44294,Ford,США,,Фордзон,Ford NAA tractor,2921,1645,,1093,http://commons.wikimedia.org/wiki/Special:FilePath/Ford%208N.jpg
http://www.wikidata.org/entity/Q11859808,Фордзон-Путиловец,http://www.wikidata.org/entity/Q55725952,модель трактора,http://www.wikidata.org/entity/Q44294,Ford,США,,,,,,,,http://commons.wikimedia.org/wiki/Special:FilePath/Fordson-putil.jpg
http://www.wikidata.org/entity/Q9261320,Ford GP,http://www.wikidata.org/entity/Q29048322,модель транспортного средства,http://www.wikidata.org/entity/Q44294,Ford,США,,,Willys MB,,,,,http://commons.wikimedia.org/wiki/Special:FilePath/Ford%20gp%20jeep%201942%20holabird%20sm.jpg
http://www.wikidata.org/entity/Q282617,Shelby Mustang,http://www.wikidata.org/entity/Q29048322,модель транспортного средства,http://www.wikidata.org/entity/Q44294,Ford,США,,Ford Mustang SVT Cobra,,,,,,http://commons.wikimedia.org/wiki/Special:FilePath/Ford%20Mustang%20Shelby%20G.T.%20500.jpg
http://www.wikidata.org/entity/Q12063185,Ford Fiesta MK6,http://www.wikidata.org/entity/Q59773381,модельный ряд автомобилей,http://www.wikidata.org/entity/Q44294,Ford,США,,Ford Fiesta (2002),Ford Fiesta (2017),,1722,,,http://commons.wikimedia.org/wiki/Special:FilePath/2010%20Ford%20Fiesta%20%28WT%29%20LX%205-door%20hatchback%20%282015-07-16%29%2001.jpg
http://www.wikidata.org/entity/Q12063185,Ford Fiesta MK6,http://www.wikidata.org/entity/Q59773381,модельный ряд автомобилей,http://www.wikidata.org/entity/Q44294,Ford,США,,Ford Fiesta (2002),Ford Fiesta (2017),,1722,,,http://commons.wikimedia.org/wiki/Special:FilePath/FordFiesta%202009%20%28cropped%29.jpg
http://www.wikidata.org/entity/Q10283415,Ford Fiesta Sedan,http://www.wikidata.org/entity/Q59773381,модельный ряд автомобилей,http://www.wikidata.org/entity/Q44294,Ford,США,,,,,,,,
http://www.wikidata.org/entity/Q5507971,full-size Ford,http://www.wikidata.org/entity/Q59773381,модельный ряд автомобилей,http://www.wikidata.org/entity/Q44294,Ford,США,,,,,,,,http://commons.wikimedia.org/wiki/Special:FilePath/Ford%20A%20Tudor%20Sedan%2C%201930.jpg
http://www.wikidata.org/entity/Q1339764,Ford Expedition,http://www.wikidata.org/entity/Q59773381,модельный ряд автомобилей,http://www.wikidata.org/entity/Q44294,Ford,США,,Форд Бронко,,,,,,http://commons.wikimedia.org/wiki/Special:FilePath/2025%20Ford%20Expedition%20Platinum%20MAX%2C%20front%20NYIAS%202025.jpg
http://www.wikidata.org/entity/Q3077171,Ford Fiesta,http://www.wikidata.org/entity/Q59773381,модельный ряд автомобилей,http://www.wikidata.org/entity/Q44294,Ford,США,,,,,,,,http://commons.wikimedia.org/wiki/Special:FilePath/Ford%20Fiesta%20ST%20Line%20B479%20Chrome%20Blue%20%281%29.jpg
http://www.wikidata.org/entity/Q209029,Ford Focus,http://www.wikidata.org/entity/Q59773381,модельный ряд автомобилей,http://www.wikidata.org/entity/Q44294,Ford,США,,,,,,,,http://commons.wikimedia.org/wiki/Special:FilePath/2018%20Ford%20Focus%20ST-Line%20X%201.0.jpg
http://www.wikidata.org/entity/Q750788,Ford GT,http://www.wikidata.org/entity/Q59773381,модельный ряд автомобилей,http://www.wikidata.org/entity/Q44294,Ford,США,,Ford GT40,,,,,,http://commons.wikimedia.org/wiki/Special:FilePath/Ford%20GT%20%281st%20generation%29%20coupes%20Motorworld%20Munich%201X7A0045.jpg
http://www.wikidata.org/entity/Q183476,Ford Mustang,http://www.wikidata.org/entity/Q59773381,модельный ряд автомобилей,http://www.wikidata.org/entity/Q44294,Ford,США,,,,,,,,http://commons.wikimedia.org/wiki/Special:FilePath/2024%20Ford%20Mustang%20GT%20Las%20Vegas%202025%20%28cropped%29.jpg
http://www.wikidata.org/entity/Q5467909,Ford Ranger (омонимия),http://www.wikidata.org/entity/Q59773381,модельный ряд автомобилей,http://www.wikidata.org/entity/Q44294,Ford,США,,Ford Courier,,,,,,http://commons.wikimedia.org/wiki/Special:FilePath/Ford%20Ranger%20Raptor%20%28P703%29%201X7A6776.jpg
http://www.wikidata.org/entity/Q85761610,Ford Raptor,http://www.wikidata.org/entity/Q59773381,модельный ряд автомобилей,http://www.wikidata.org/entity/Q44294,Ford,США,,,,,,,,http://commons.wikimedia.org/wiki/Special:FilePath/Austrian%20500%20US-CAR%20DAYS%202019%2024.jpg
http://www.wikidata.org/entity/Q3562451,Presidential State Car,http://www.wikidata.org/entity/Q1372628,официальный служебный автомобиль,http://www.wikidata.org/entity/Q44294,Ford,США,,,,,,,,http://commons.wikimedia.org/wiki/Special:FilePath/Brazilian%20Presidential%20Motorcade.jpg
http://www.wikidata.org/entity/Q5467756,Ford F-Series (шестое поколение),http://www.wikidata.org/entity/Q215601,пикап,http://www.wikidata.org/entity/Q44294,Ford,США,,Ford F-Series,Ford F-Series (седьмое поколение),,,,,http://commons.wikimedia.org/wiki/Special:FilePath/1974%20Ford%20F100%20Pickup%20%2815957127573%29.jpg
http://www.wikidata.org/entity/Q1451157,Ford Crown Victoria Police Interceptor,http://www.wikidata.org/entity/Q632300,платформа,http://www.wikidata.org/entity/Q44294,Ford,США,,,,,,,,http://commons.wikimedia.org/wiki/Special:FilePath/Indianapolis%20Metropolitan%20police%20cruiser%201.jpg
http://www.wikidata.org/entity/Q2101436,Ford C1,http://www.wikidata.org/entity/Q632300,платформа,http://www.wikidata.org/entity/Q44294,Ford,США,,Ford C170,,,,,,http://commons.wikimedia.org/wiki/Special:FilePath/Ford%20Focus%20II%20%28Modellpflege%2C%20seit%202008%29%20front%20MJ.JPG
http://www.wikidata.org/entity/Q4038888,Ford C170,http://www.wikidata.org/entity/Q632300,платформа,http://www.wikidata.org/entity/Q44294,Ford,США,,,Ford C1,,,,,http://commons.wikimedia.org/wiki/Special:FilePath/00-04%20Ford%20Focus%20SE%20Sedan.jpg
http://www.wikidata.org/entity/Q5467675,Ford CD4,http://www.wikidata.org/entity/Q632300,платформа,http://www.wikidata.org/entity/Q44294,Ford,США,,Ford CD3,,,,,,http://commons.wikimedia.org/wiki/Special:FilePath/Ford%20Fusion%20at%20NAIAS%202012%20004.jpg
http://www.wikidata.org/entity/Q5467677,Ford CDW27,http://www.wikidata.org/entity/Q632300,платформа,http://www.wikidata.org/entity/Q44294,Ford,США,,,,,,,,http://commons.wikimedia.org/wiki/Special:FilePath/Ford%20Mondeo%20MK2%20%281997-2000%29%20front.jpg
http://www.wikidata.org/entity/Q1836478,Ford D3,http://www.wikidata.org/entity/Q632300,платформа,http://www.wikidata.org/entity/Q44294,Ford,США,,,,,,,,http://commons.wikimedia.org/wiki/Special:FilePath/2010%20Ford%20Taurus%20SHO%20--%2009-07-2009.jpg
http://www.wikidata.org/entity/Q5467707,Ford DN5,http://www.wikidata.org/entity/Q632300,платформа,http://www.wikidata.org/entity/Q44294,Ford,США,,,,,,,,http://commons.wikimedia.org/wiki/Special:FilePath/1995-1997%20Lincoln%20Continental.jpg
http://www.wikidata.org/entity/Q5467656,Платформа Ford B,http://www.wikidata.org/entity/Q632300,платформа,http://www.wikidata.org/entity/Q44294,Ford,США,,,Ford B,,,,,http://commons.wikimedia.org/wiki/Special:FilePath/Ford%20Fiesta%20MK3%20front%2020070926.jpg
http://www.wikidata.org/entity/Q48791221,Ford police vehicles,http://www.wikidata.org/entity/Q868601,полицейский автомобиль,http://www.wikidata.org/entity/Q44294,Ford,США,,,,,,,,http://commons.wikimedia.org/wiki/Special:FilePath/Bellingham%2C%20WA%20Police-%20Ford%20Police%20Utility%20%2817266247122%29.jpg
http://www.wikidata.org/entity/Q19058976,4-AT Trimotor,http://www.wikidata.org/entity/Q15126161,прототип летательного аппарата,http://www.wikidata.org/entity/Q44294,Ford,США,,,,,,,,
http://www.wikidata.org/entity/Q160327,M48,http://www.wikidata.org/entity/Q100709275,семейство боевых машин,http://www.wikidata.org/entity/Q44294,Ford,США,,M47,M60,,3.62,3.12,,http://commons.wikimedia.org/wiki/Special:FilePath/M48A1-Patton-tank.jpg
http://www.wikidata.org/entity/Q11332989,Cosworth HB engine,http://www.wikidata.org/entity/Q15057020,семейство двигателей,http://www.wikidata.org/entity/Q44294,Ford,США,,,,,,,,http://commons.wikimedia.org/wiki/Special:FilePath/1989-1993%20Ford%20Cosworth%20HB%20Formula%20One%20engine%20%282015-01-01%29%2002.jpg
http://www.wikidata.org/entity/Q1423959,Duratec,http://www.wikidata.org/entity/Q15057020,семейство двигателей,http://www.wikidata.org/entity/Q44294,Ford,США,,,,,,,,http://commons.wikimedia.org/wiki/Special:FilePath/LincolnMKZEngine.JPG
http://www.wikidata.org/entity/Q5467900,Ford Power Stroke,http://www.wikidata.org/entity/Q15057020,семейство двигателей,http://www.wikidata.org/entity/Q44294,Ford,США,,,,,,,,http://commons.wikimedia.org/wiki/Special:FilePath/Small%20team%20gets%20BLM%20firetrucks%20to%20America%E2%80%99s%20wildfires%20%2822646510940%29.jpg
http://www.wikidata.org/entity/Q2040634,Ford Sigma,http://www.wikidata.org/entity/Q15057020,семейство двигателей,http://www.wikidata.org/entity/Q44294,Ford,США,,Ford CVH,экобуст 1 л,,,,,http://commons.wikimedia.org/wiki/Special:FilePath/Ford%20Fiesta%202001%20Motor.jpg
http://www.wikidata.org/entity/Q2040634,Ford Sigma,http://www.wikidata.org/entity/Q15057020,семейство двигателей,http://www.wikidata.org/entity/Q44294,Ford,США,,Ford Kent,экобуст 1 л,,,,,http://commons.wikimedia.org/wiki/Special:FilePath/Ford%20Fiesta%202001%20Motor.jpg
http://www.wikidata.org/entity/Q1738041,Liberty L-12,http://www.wikidata.org/entity/Q15057020,семейство двигателей,http://www.wikidata.org/entity/Q44294,Ford,США,,,,,,,,http://commons.wikimedia.org/wiki/Special:FilePath/Liberty%20L-12-1.jpg
http://www.wikidata.org/entity/Q12016755,4-AT Trimotor,http://www.wikidata.org/entity/Q15056993,семейство летательных аппаратов,http://www.wikidata.org/entity/Q44294,Ford,США,,,,49.1,,13,10000,http://commons.wikimedia.org/wiki/Special:FilePath/Ford%204-AT-E%20N9642%20%285124033865%29.jpg
http://www.wikidata.org/entity/Q220759,Consolidated B-24 Liberator,http://www.wikidata.org/entity/Q15056993,семейство летательных аппаратов,http://www.wikidata.org/entity/Q44294,Ford,США,,,,20.47,,5.37,,http://commons.wikimedia.org/wiki/Special:FilePath/B24J-The%20Dragon%20And%20His%20Tail.jpg
http://www.wikidata.org/entity/Q134821567,Lincoln Continental,http://www.wikidata.org/entity/Q811701,серия моделей,http://www.wikidata.org/entity/Q44294,Ford,США,,,,,,,,http://commons.wikimedia.org/wiki/Special:FilePath/Lincoln%20Continental%20%28Fox%29%20front.jpg
http://www.wikidata.org/entity/Q123196160,Q123196160,http://www.wikidata.org/entity/Q1300510,спортивная команда,http://www.wikidata.org/entity/Q44294,Ford,США,,,,,,,,
http://www.wikidata.org/entity/Q7863770,Kia Avella,http://www.wikidata.org/entity/Q15623926,статья-список имён собственных в проекте Викимедиа,http://www.wikidata.org/entity/Q44294,Ford,США,,,,,,,,
http://www.wikidata.org/entity/Q5467792,Ford GT,http://www.wikidata.org/entity/Q4167410,страница значений в проекте Викимедиа,http://www.wikidata.org/entity/Q44294,Ford,США,,,,,,,,
http://www.wikidata.org/entity/Q5467939,Ford Sunliner,http://www.wikidata.org/entity/Q4167410,страница значений в проекте Викимедиа,http://www.wikidata.org/entity/Q44294,Ford,США,,,,,,,,
http://www.wikidata.org/entity/Q10283410,Ford Escort,http://www.wikidata.org/entity/Q4167410,страница значений в проекте Викимедиа,http://www.wikidata.org/entity/Q44294,Ford,США,,,,,,,,
http://www.wikidata.org/entity/Q410854,Ford Falcon,http://www.wikidata.org/entity/Q4167410,страница значений в проекте Викимедиа,http://www.wikidata.org/entity/Q44294,Ford,США,,,,,,,,
http://www.wikidata.org/entity/Q394826,Ford Model A,http://www.wikidata.org/entity/Q4167410,страница значений в проекте Викимедиа,http://www.wikidata.org/entity/Q44294,Ford,США,,,,,,,,
http://www.wikidata.org/entity/Q3077060,Ford Model B,http://www.wikidata.org/entity/Q4167410,страница значений в проекте Викимедиа,http://www.wikidata.org/entity/Q44294,Ford,США,,,,,,,,
http://www.wikidata.org/entity/Q179622,Merkur,http://www.wikidata.org/entity/Q167270,товарный знак,http://www.wikidata.org/entity/Q44294,Ford,США,,,,,,,,http://commons.wikimedia.org/wiki/Special:FilePath/MerkurXr4ti.JPG
http://www.wikidata.org/entity/Q136218736,Renault ZP,http://www.wikidata.org/entity/Q23039057,модель автобуса,http://www.wikidata.org/entity/Q98584518,Renault,Франция,,,,,,,,
http://www.wikidata.org/entity/Q136656969,Mitsubishi Eclipse Cross (2025),http://www.wikidata.org/entity/Q3231690,модель автомобиля,http://www.wikidata.org/entity/Q98584518,Renault,Франция,,Mitsubishi Eclipse Cross,,,,,,http://commons.wikimedia.org/wiki/Special:FilePath/Mitsubishi%20Eclipse%20Cross%20%28second%20generation%29%20IMG%204352.jpg
http://www.wikidata.org/entity/Q135216665,Mitsubishi Grandis (2025),http://www.wikidata.org/entity/Q3231690,модель автомобиля,http://www.wikidata.org/entity/Q98584518,Renault,Франция,,,,,,,,http://commons.wikimedia.org/wiki/Special:FilePath/Mitsubishi%20Grandis%20Hybrid%20Auto%20Zuerich%202025%20DSC%203288.jpg
http://www.wikidata.org/entity/Q138546757,Renault 5 concept,http://www.wikidata.org/entity/Q3231690,модель автомобиля,http://www.wikidata.org/entity/Q98584518,Renault,Франция,,,,,,,,http://commons.wikimedia.org/wiki/Special:FilePath/Renault%205%20Prototype%20IAA%202021%201X7A0251.jpg
http://www.wikidata.org/entity/Q138546757,Renault 5 concept,http://www.wikidata.org/entity/Q3231690,модель автомобиля,http://www.wikidata.org/entity/Q98584518,Renault,Франция,,,,,,,,http://commons.wikimedia.org/wiki/Special:FilePath/Renault%205%20Prototype%20IAA%202021%201X7A0254.jpg
http://www.wikidata.org/entity/Q113840586,Q113840586,http://www.wikidata.org/entity/Q21546143,модель грузовика,http://www.wikidata.org/entity/Q98584518,Renault,Франция,,,,,,,,
http://www.wikidata.org/entity/Q132568378,Renault FU,http://www.wikidata.org/entity/Q21546143,модель грузовика,http://www.wikidata.org/entity/Q98584518,Renault,Франция,,,,,,,,http://commons.wikimedia.org/wiki/Special:FilePath/Mekn%C3%A8s%20-%20d%C3%A9fil%C3%A9%20des%20blind%C3%A9s.jpg
http://www.wikidata.org/entity/Q132529349,Renault FX,http://www.wikidata.org/entity/Q21546143,модель грузовика,http://www.wikidata.org/entity/Q98584518,Renault,Франция,,,,,,,,
http://www.wikidata.org/entity/Q131417202,Renault J7R,http://www.wikidata.org/entity/Q15057021,модель двигателя,http://www.wikidata.org/entity/Q98584518,Renault,Франция,,,,,,,,
http://www.wikidata.org/entity/Q12333218,Renault J7T,http://www.wikidata.org/entity/Q15057021,модель двигателя,http://www.wikidata.org/entity/Q98584518,Renault,Франция,,,,,,,,
http://www.wikidata.org/entity/Q137190787,Renault K4M,http://www.wikidata.org/entity/Q15057021,модель двигателя,http://www.wikidata.org/entity/Q98584518,Renault,Франция,,,,,,,,
http://www.wikidata.org/entity/Q138431683,Q138431683,http://www.wikidata.org/entity/Q15056995,модель летательного аппарата,http://www.wikidata.org/entity/Q98584518,Renault,Франция,,,,,,,,
http://www.wikidata.org/entity/Q1420183,Renault Master,http://www.wikidata.org/entity/Q59773381,модельный ряд автомобилей,http://www.wikidata.org/entity/Q98584518,Renault,Франция,,,,,,,,http://commons.wikimedia.org/wiki/Special:FilePath/Renault%20Master%20IV%20Autofr%C3%BChling%20Ulm%202025%20DSC%208730.jpg
http://www.wikidata.org/entity/Q124363267,Q124363267,http://www.wikidata.org/entity/Q870,поезд,http://www.wikidata.org/entity/Q98584518,Renault,Франция,,,,,,,,http://commons.wikimedia.org/wiki/Special:FilePath/Renfe%20ABJ%207.png
http://www.wikidata.org/entity/Q124647838,Q124647838,http://www.wikidata.org/entity/Q870,поезд,http://www.wikidata.org/entity/Q98584518,Renault,Франция,,,,,,,,
http://www.wikidata.org/entity/Q65157538,Q65157538,http://www.wikidata.org/entity/Q870,поезд,http://www.wikidata.org/entity/Q98584518,Renault,Франция,,,,,,,,http://commons.wikimedia.org/wiki/Special:FilePath/Autorail%20ADP.svg
http://www.wikidata.org/entity/Q90882060,Škoda 1100 MBX,http://www.wikidata.org/entity/Q9396958,Škoda 1100 MB,http://www.wikidata.org/entity/Q29637,Škoda Auto,Чехия,,,,,,,,http://commons.wikimedia.org/wiki/Special:FilePath/Skoda%201000%20MBX%20%2825801229633%29.jpg
http://www.wikidata.org/entity/Q90701195,Škoda Forman Plus,http://www.wikidata.org/entity/Q9396975,Škoda Forman,http://www.wikidata.org/entity/Q29637,Škoda Auto,Чехия,,,,,,,,http://commons.wikimedia.org/wiki/Special:FilePath/Brno%2C%20Wurmova%2C%20%C5%A0koda%20Forman%20Plus.jpg
http://www.wikidata.org/entity/Q90701197,Škoda Forman Praktik,http://www.wikidata.org/entity/Q9396975,Škoda Forman,http://www.wikidata.org/entity/Q29637,Škoda Auto,Чехия,,,,,,,,http://commons.wikimedia.org/wiki/Special:FilePath/Pardubice%2C%20s%C3%ADdli%C5%A1t%C4%9B%20Dubina%2C%20Jana%20Zaj%C3%ADce%2C%20%C5%A0koda%20Forman%20Praktik.jpg
http://www.wikidata.org/entity/Q90701188,Škoda 1000 MB Combi,http://www.wikidata.org/entity/Q391825,Škoda 1000 MB,http://www.wikidata.org/entity/Q29637,Škoda Auto,Чехия,,,,,,,,http://commons.wikimedia.org/wiki/Special:FilePath/SkodaPrototyp990%28Skoda%201000%20MB%20Combi%29%20%282%29.JPG
http://www.wikidata.org/entity/Q90884099,Škoda 1202 Kamyonet,http://www.wikidata.org/entity/Q391847,Škoda 1202,http://www.wikidata.org/entity/Q29637,Škoda Auto,Чехия,,,,,,,,http://commons.wikimedia.org/wiki/Special:FilePath/Skoda%201202%20with%20Pick%20up%20body%20built%20in%20Turkey%20by%20Celik%20Motor.%20%2816324740590%29%20-%20cropped.jpg
http://www.wikidata.org/entity/Q90701223,Škoda Favorit prototype,http://www.wikidata.org/entity/Q391996,Škoda Favorit,http://www.wikidata.org/entity/Q29637,Škoda Auto,Чехия,,,,,,,,http://commons.wikimedia.org/wiki/Special:FilePath/SkodaFavoritCoupe.JPG
http://www.wikidata.org/entity/Q90701327,Škoda Favorit sedan,http://www.wikidata.org/entity/Q391996,Škoda Favorit,http://www.wikidata.org/entity/Q29637,Škoda Auto,Чехия,,,,,,,,http://commons.wikimedia.org/wiki/Special:FilePath/%C5%A0koda%20auto%20museum%20FSedan.JPG
http://www.wikidata.org/entity/Q90701201,Škoda Pick-up,http://www.wikidata.org/entity/Q391996,Škoda Favorit,http://www.wikidata.org/entity/Q29637,Škoda Auto,Чехия,,,,,,,,http://commons.wikimedia.org/wiki/Special:FilePath/Skoda%20Favorit%20LX%20Pick%20up%201995%20%2826525339629%29.jpg
http://www.wikidata.org/entity/Q90700853,Škoda Kodiaq RS,http://www.wikidata.org/entity/Q11832265,Škoda Kodiaq,http://www.wikidata.org/entity/Q29637,Škoda Auto,Чехия,,,,,,,,http://commons.wikimedia.org/wiki/Special:FilePath/Skoda%20Kodiaq%20RS%20at%20IAA%202019%20IMG%200788.jpg
http://www.wikidata.org/entity/Q90882055,Škoda Octavia Combi (1961 - 1971),http://www.wikidata.org/entity/Q2439814,Škoda Octavia,http://www.wikidata.org/entity/Q29637,Škoda Auto,Чехия,,,,,,,,http://commons.wikimedia.org/wiki/Special:FilePath/2010-07-30%20Skoda%20Octavia%20Combi%20%281959%20-%201971%29%20%282%29.jpg
http://www.wikidata.org/entity/Q90701134,Škoda Rapid (China),http://www.wikidata.org/entity/Q180270,Škoda Rapid,http://www.wikidata.org/entity/Q29637,Škoda Auto,Чехия,,,,,,,,http://commons.wikimedia.org/wiki/Special:FilePath/%C5%A0koda%20Rapid%20CN%20China%202013-03-03.jpg
http://www.wikidata.org/entity/Q90701141,Škoda Rapid Sport,http://www.wikidata.org/entity/Q180270,Škoda Rapid,http://www.wikidata.org/entity/Q29637,Škoda Auto,Чехия,,,,,,,,http://commons.wikimedia.org/wiki/Special:FilePath/Rapid%20Sport.jpg
http://www.wikidata.org/entity/Q3594275,Škoda 105,http://www.wikidata.org/entity/Q1420,автомобиль,http://www.wikidata.org/entity/Q29637,Škoda Auto,Чехия,,,Škoda Favorit,,,,,http://commons.wikimedia.org/wiki/Special:FilePath/%C5%A0koda%20105%20BJ%201978%20%28Foto%20Hilarmont%29%20%284%29%20%28cropped%29.jpg
http://www.wikidata.org/entity/Q98526234,Škoda 130 L/A,http://www.wikidata.org/entity/Q673687,гоночный автомобиль,http://www.wikidata.org/entity/Q29637,Škoda Auto,Чехия,,,,,,,,http://commons.wikimedia.org/wiki/Special:FilePath/2015%20Rally%20Bohemia%20Historic%20-%20Jun.jpg
http://www.wikidata.org/entity/Q98526141,Škoda 130 LR,http://www.wikidata.org/entity/Q673687,гоночный автомобиль,http://www.wikidata.org/entity/Q29637,Škoda Auto,Чехия,,,,,,,,http://commons.wikimedia.org/wiki/Special:FilePath/13-04-05-Skoda%20Museum%20Mlad%C3%A1%20Boleslav%20by%20RalfR-021.jpg
http://www.wikidata.org/entity/Q10259041,Category:Škoda Octavia,http://www.wikidata.org/entity/Q4167836,категория в проекте Викимедиа,http://www.wikidata.org/entity/Q29637,Škoda Auto,Чехия,,,,,,,,
http://www.wikidata.org/entity/Q51078938,Skoda Yeti Roadster,http://www.wikidata.org/entity/Q850270,концепт-кар,http://www.wikidata.org/entity/Q29637,Škoda Auto,Чехия,,,,,,,,http://commons.wikimedia.org/wiki/Special:FilePath/Techno%20Classica%202018%2C%20Essen%20%28IMG%209662%29.jpg
http://www.wikidata.org/entity/Q329909,ÚVMV 1100 GT,http://www.wikidata.org/entity/Q850270,концепт-кар,http://www.wikidata.org/entity/Q29637,Škoda Auto,Чехия,,,,,,,,http://commons.wikimedia.org/wiki/Special:FilePath/Skoda1100gt.jpg
http://www.wikidata.org/entity/Q9396957,Škoda 1101 Taub,http://www.wikidata.org/entity/Q850270,концепт-кар,http://www.wikidata.org/entity/Q29637,Škoda Auto,Чехия,,,,,,,,
http://www.wikidata.org/entity/Q391934,Škoda 932,http://www.wikidata.org/entity/Q850270,концепт-кар,http://www.wikidata.org/entity/Q29637,Škoda Auto,Чехия,,,,,,,,
http://www.wikidata.org/entity/Q391937,Škoda 935,http://www.wikidata.org/entity/Q850270,концепт-кар,http://www.wikidata.org/entity/Q29637,Škoda Auto,Чехия,,,,,,,,http://commons.wikimedia.org/wiki/Special:FilePath/%C5%A0koda%20935.jpg
http://www.wikidata.org/entity/Q391939,Škoda 973,http://www.wikidata.org/entity/Q850270,концепт-кар,http://www.wikidata.org/entity/Q29637,Škoda Auto,Чехия,,Q11838654,,,,,,http://commons.wikimedia.org/wiki/Special:FilePath/%C5%A0koda%20Museum%20-%20%C5%A0koda%20973%20Babeta.JPG
http://www.wikidata.org/entity/Q392006,Škoda Joyster,http://www.wikidata.org/entity/Q850270,концепт-кар,http://www.wikidata.org/entity/Q29637,Škoda Auto,Чехия,,,,,,,,http://commons.wikimedia.org/wiki/Special:FilePath/%C5%A0koda%20Joyster.jpg
http://www.wikidata.org/entity/Q392013,Škoda MOŽ-2,http://www.wikidata.org/entity/Q850270,концепт-кар,http://www.wikidata.org/entity/Q29637,Škoda Auto,Чехия,,,,,,,,http://commons.wikimedia.org/wiki/Special:FilePath/%C5%A0koda%20MO%C5%BD-2%2C%20VTM%20Le%C5%A1any.jpg
http://www.wikidata.org/entity/Q392012,Škoda MissionL,http://www.wikidata.org/entity/Q850270,концепт-кар,http://www.wikidata.org/entity/Q29637,Škoda Auto,Чехия,,,Škoda Rapid,,,,,http://commons.wikimedia.org/wiki/Special:FilePath/11-09-04-iaa-by-RalfR-394.jpg
http://www.wikidata.org/entity/Q392052,Škoda Sagitta,http://www.wikidata.org/entity/Q850270,концепт-кар,http://www.wikidata.org/entity/Q29637,Škoda Auto,Чехия,,,,,,,,http://commons.wikimedia.org/wiki/Special:FilePath/Skoda%20Sagitta%201936-1937%20seitlich.JPG
http://www.wikidata.org/entity/Q392076,Škoda Tudor (2002),http://www.wikidata.org/entity/Q850270,концепт-кар,http://www.wikidata.org/entity/Q29637,Škoda Auto,Чехия,,,,,,,,http://commons.wikimedia.org/wiki/Special:FilePath/Skoda%20tudor%202002-1.jpg
http://www.wikidata.org/entity/Q392076,Škoda Tudor (2002),http://www.wikidata.org/entity/Q850270,концепт-кар,http://www.wikidata.org/entity/Q29637,Škoda Auto,Чехия,,,,,,,,http://commons.wikimedia.org/wiki/Special:FilePath/Skoda%20tudor%202002-2.jpg
http://www.wikidata.org/entity/Q392076,Škoda Tudor (2002),http://www.wikidata.org/entity/Q850270,концепт-кар,http://www.wikidata.org/entity/Q29637,Škoda Auto,Чехия,,,,,,,,http://commons.wikimedia.org/wiki/Special:FilePath/SkodaTudorConceptbyAlofok%281%29.JPG
http://www.wikidata.org/entity/Q392084,Škoda Vision D,http://www.wikidata.org/entity/Q850270,концепт-кар,http://www.wikidata.org/entity/Q29637,Škoda Auto,Чехия,,,,,,,,http://commons.wikimedia.org/wiki/Special:FilePath/13-04-05-Skoda%20Museum%20Mlad%C3%A1%20Boleslav%20by%20RalfR-206.jpg
http://www.wikidata.org/entity/Q56884256,Škoda Vision RS,http://www.wikidata.org/entity/Q850270,концепт-кар,http://www.wikidata.org/entity/Q29637,Škoda Auto,Чехия,,,,,,,,http://commons.wikimedia.org/wiki/Special:FilePath/Skoda%20Vision%20RS%20-%20Mondial%20de%20l%27Automobile%20de%20Paris%202018%20-%20003.jpg
http://www.wikidata.org/entity/Q50388201,Škoda Vision X,http://www.wikidata.org/entity/Q850270,концепт-кар,http://www.wikidata.org/entity/Q29637,Škoda Auto,Чехия,,,,,,,,http://commons.wikimedia.org/wiki/Special:FilePath/Skoda%2C%20GIMS%202018%2C%20Le%20Grand-Saconnex%20%281X7A1562%29.jpg
http://www.wikidata.org/entity/Q50388201,Škoda Vision X,http://www.wikidata.org/entity/Q850270,концепт-кар,http://www.wikidata.org/entity/Q29637,Škoda Auto,Чехия,,,,,,,,http://commons.wikimedia.org/wiki/Special:FilePath/Tuning%20World%20Bodensee%202018%2C%20Friedrichshafen%20%28OW1A0584%29.jpg
http://www.wikidata.org/entity/Q16295647,Škoda VisionC,http://www.wikidata.org/entity/Q850270,концепт-кар,http://www.wikidata.org/entity/Q29637,Škoda Auto,Чехия,,,,,,,,http://commons.wikimedia.org/wiki/Special:FilePath/2014-03-04%20Geneva%20Motor%20Show%201332-1.JPG
http://www.wikidata.org/entity/Q113534255,Škoda Vision 7S,http://www.wikidata.org/entity/Q850270,концепт-кар,http://www.wikidata.org/entity/Q29637,Škoda Auto,Чехия,,,,,,,,http://commons.wikimedia.org/wiki/Special:FilePath/%C5%A0koda%20Vision%207S.png
http://www.wikidata.org/entity/Q10403838,Škoda 256,http://www.wikidata.org/entity/Q23039057,модель автобуса,http://www.wikidata.org/entity/Q29637,Škoda Auto,Чехия,,,,,,,,http://commons.wikimedia.org/wiki/Special:FilePath/%C5%A0koda%20256%20G%20in%20the%20Po%C5%99e%C5%BEany%20museum.jpg
http://www.wikidata.org/entity/Q10403750,Škoda 21Ab,http://www.wikidata.org/entity/Q23039057,модель автобуса,http://www.wikidata.org/entity/Q29637,Škoda Auto,Чехия,1995-01-01T00:00:00Z,,,11560,2500,2823,9600,http://commons.wikimedia.org/wiki/Special:FilePath/Brno%2C%20%C5%98e%C4%8Dkovice%2C%20depozit%C3%A1%C5%99%20TMB%2C%20%C5%A0koda%2021Ab%20%C4%8D.%20362%20%2801%29.jpg
http://www.wikidata.org/entity/Q10404678,Škoda H12,http://www.wikidata.org/entity/Q23039057,модель автобуса,http://www.wikidata.org/entity/Q29637,Škoda Auto,Чехия,2012-01-01T00:00:00Z,,,12000,2550,3250,,http://commons.wikimedia.org/wiki/Special:FilePath/Solaris%20Urbino%20%C5%A0koda%20Hybridbus.jpg
http://www.wikidata.org/entity/Q10403322,Q10403322,http://www.wikidata.org/entity/Q3231690,модель автомобиля,http://www.wikidata.org/entity/Q29637,Škoda Auto,Чехия,,,,,,,,http://commons.wikimedia.org/wiki/Special:FilePath/%C5%A0koda%20100%20%281939%29.jpg
http://www.wikidata.org/entity/Q10404063,Q10404063,http://www.wikidata.org/entity/Q3231690,модель автомобиля,http://www.wikidata.org/entity/Q29637,Škoda Auto,Чехия,,,,,,,,
http://www.wikidata.org/entity/Q10404082,Q10404082,http://www.wikidata.org/entity/Q3231690,модель автомобиля,http://www.wikidata.org/entity/Q29637,Škoda Auto,Чехия,,,,,,,,
http://www.wikidata.org/entity/Q10404317,Q10404317,http://www.wikidata.org/entity/Q3231690,модель автомобиля,http://www.wikidata.org/entity/Q29637,Škoda Auto,Чехия,,,,,,,,http://commons.wikimedia.org/wiki/Special:FilePath/%C5%A0koda%206%20ST%206-L.gif
http://www.wikidata.org/entity/Q10404862,Q10404862,http://www.wikidata.org/entity/Q3231690,модель автомобиля,http://www.wikidata.org/entity/Q29637,Škoda Auto,Чехия,,,,,,,,http://commons.wikimedia.org/wiki/Special:FilePath/%C5%A0koda%20L.gif
http://www.wikidata.org/entity/Q11838654,Q11838654,http://www.wikidata.org/entity/Q3231690,модель автомобиля,http://www.wikidata.org/entity/Q29637,Škoda Auto,Чехия,,,Škoda 973,,,,,http://commons.wikimedia.org/wiki/Special:FilePath/%C5%A0koda%20Combat%20Tudor%20%287581431548%29.jpg
http://www.wikidata.org/entity/Q12017919,Q12017919,http://www.wikidata.org/entity/Q3231690,модель автомобиля,http://www.wikidata.org/entity/Q29637,Škoda Auto,Чехия,,,,,,,,http://commons.wikimedia.org/wiki/Special:FilePath/BAZ%20Furgonet.JPG
http://www.wikidata.org/entity/Q125844347,Q125844347,http://www.wikidata.org/entity/Q3231690,модель автомобиля,http://www.wikidata.org/entity/Q29637,Škoda Auto,Чехия,,,,,,,,
http://www.wikidata.org/entity/Q42652687,Q42652687,http://www.wikidata.org/entity/Q3231690,модель автомобиля,http://www.wikidata.org/entity/Q29637,Škoda Auto,Чехия,,,,,,,,
http://www.wikidata.org/entity/Q60980858,Q60980858,http://www.wikidata.org/entity/Q3231690,модель автомобиля,http://www.wikidata.org/entity/Q29637,Škoda Auto,Чехия,,,,,,,,http://commons.wikimedia.org/wiki/Special:FilePath/Skoda%20Kamiq%20Genf%202019%201Y7A5520.jpg
http://www.wikidata.org/entity/Q91024251,Q91024251,http://www.wikidata.org/entity/Q3231690,модель автомобиля,http://www.wikidata.org/entity/Q29637,Škoda Auto,Чехия,,,,,,,,http://commons.wikimedia.org/wiki/Special:FilePath/%C5%A0koda%20Targa%20at%20Legendy%202014.JPG
http://www.wikidata.org/entity/Q91450807,Q91450807,http://www.wikidata.org/entity/Q3231690,модель автомобиля,http://www.wikidata.org/entity/Q29637,Škoda Auto,Чехия,,,,,,,,http://commons.wikimedia.org/wiki/Special:FilePath/%C5%A0koda%20Element%20Azubi%20Car%202017%20at%20Legendy%202018%20in%20Prague.jpg
http://www.wikidata.org/entity/Q9396968,Q9396968,http://www.wikidata.org/entity/Q3231690,модель автомобиля,http://www.wikidata.org/entity/Q29637,Škoda Auto,Чехия,,,Škoda Octavia,,,,,
http://www.wikidata.org/entity/Q9396972,Q9396972,http://www.wikidata.org/entity/Q3231690,модель автомобиля,http://www.wikidata.org/entity/Q29637,Škoda Auto,Чехия,,,,,,,,
http://www.wikidata.org/entity/Q21285732,HZS-1,http://www.wikidata.org/entity/Q3231690,модель автомобиля,http://www.wikidata.org/entity/Q29637,Škoda Auto,Чехия,,,,,,,,http://commons.wikimedia.org/wiki/Special:FilePath/HZS-1%20ve%20Va%C5%88kovce%20obr10.jpg
http://www.wikidata.org/entity/Q12032400,LIAZ / Škoda 706 RT,http://www.wikidata.org/entity/Q3231690,модель автомобиля,http://www.wikidata.org/entity/Q29637,Škoda Auto,Чехия,,,,,,,,http://commons.wikimedia.org/wiki/Special:FilePath/Brno%2C%20%C5%98e%C4%8Dkovice%2C%20depozit%C3%A1%C5%99%20TMB%2C%20valn%C3%ADk%20%C5%A0koda.jpg
http://www.wikidata.org/entity/Q90884070,MTX 1-01,http://www.wikidata.org/entity/Q3231690,модель автомобиля,http://www.wikidata.org/entity/Q29637,Škoda Auto,Чехия,,,,,,,,http://commons.wikimedia.org/wiki/Special:FilePath/%C5%A0koda%20MTX%201-01%20at%20Legendy%202018%20in%20Prague.jpg
http://www.wikidata.org/entity/Q51078938,Skoda Yeti Roadster,http://www.wikidata.org/entity/Q3231690,модель автомобиля,http://www.wikidata.org/entity/Q29637,Škoda Auto,Чехия,,,,,,,,http://commons.wikimedia.org/wiki/Special:FilePath/Techno%20Classica%202018%2C%20Essen%20%28IMG%209662%29.jpg
http://www.wikidata.org/entity/Q1128232,Trekka,http://www.wikidata.org/entity/Q3231690,модель автомобиля,http://www.wikidata.org/entity/Q29637,Škoda Auto,Чехия,,,,4200,1650,,,http://commons.wikimedia.org/wiki/Special:FilePath/TrekkaNZ.jpg
http://www.wikidata.org/entity/Q329909,ÚVMV 1100 GT,http://www.wikidata.org/entity/Q3231690,модель автомобиля,http://www.wikidata.org/entity/Q29637,Škoda Auto,Чехия,,,,,,,,http://commons.wikimedia.org/wiki/Special:FilePath/Skoda1100gt.jpg
http://www.wikidata.org/entity/Q90701188,Škoda 1000 MB Combi,http://www.wikidata.org/entity/Q3231690,модель автомобиля,http://www.wikidata.org/entity/Q29637,Škoda Auto,Чехия,,,,,,,,http://commons.wikimedia.org/wiki/Special:FilePath/SkodaPrototyp990%28Skoda%201000%20MB%20Combi%29%20%282%29.JPG
http://www.wikidata.org/entity/Q137798766,Škoda 1000 MB/1100 MB,http://www.wikidata.org/entity/Q3231690,модель автомобиля,http://www.wikidata.org/entity/Q29637,Škoda Auto,Чехия,,Škoda Octavia,Škoda 100,,,,,http://commons.wikimedia.org/wiki/Special:FilePath/Skoda%201000%20MB%20%281965%29%20%28cropped%29.jpg
http://www.wikidata.org/entity/Q137798859,Škoda 1000 MBX/1100 MBX,http://www.wikidata.org/entity/Q3231690,модель автомобиля,http://www.wikidata.org/entity/Q29637,Škoda Auto,Чехия,,Škoda Octavia,,,,,,http://commons.wikimedia.org/wiki/Special:FilePath/%C5%A0koda%201000%20MBX%20%281967%29.jpg
http://www.wikidata.org/entity/Q10403352,Škoda 104,http://www.wikidata.org/entity/Q3231690,модель автомобиля,http://www.wikidata.org/entity/Q29637,Škoda Auto,Чехия,,,,,,,,http://commons.wikimedia.org/wiki/Special:FilePath/Brno%2C%20%C5%98e%C4%8Dkovice%2C%20depozit%C3%A1%C5%99%20TMB%2C%20DOD%202016%2C%20Policie%20%281%29%20crop.jpg
http://www.wikidata.org/entity/Q90883839,Škoda 110,http://www.wikidata.org/entity/Q3231690,модель автомобиля,http://www.wikidata.org/entity/Q29637,Škoda Auto,Чехия,,,,,,,,http://commons.wikimedia.org/wiki/Special:FilePath/Skoda-110LS.jpg
http://www.wikidata.org/entity/Q9396958,Škoda 1100 MB,http://www.wikidata.org/entity/Q3231690,модель автомобиля,http://www.wikidata.org/entity/Q29637,Škoda Auto,Чехия,,Škoda 1000 MB,Škoda 100,4170,1620,1390,,http://commons.wikimedia.org/wiki/Special:FilePath/Brno%20-%20Zeln%C3%BD%20trh%2C%20%C5%A0koda%201100%20MB%2C%202024-06%2C%20obr01.jpg
http://www.wikidata.org/entity/Q90882060,Škoda 1100 MBX,http://www.wikidata.org/entity/Q3231690,модель автомобиля,http://www.wikidata.org/entity/Q29637,Škoda Auto,Чехия,,,,,,,,http://commons.wikimedia.org/wiki/Special:FilePath/Skoda%201000%20MBX%20%2825801229633%29.jpg
http://www.wikidata.org/entity/Q391832,Škoda 1100 OHC,http://www.wikidata.org/entity/Q3231690,модель автомобиля,http://www.wikidata.org/entity/Q29637,Škoda Auto,Чехия,,Škoda Sport,,3880,1430,,,http://commons.wikimedia.org/wiki/Special:FilePath/%C5%A0koda%201101%20OHC.jpg
http://www.wikidata.org/entity/Q391837,Škoda 1101/1102,http://www.wikidata.org/entity/Q3231690,модель автомобиля,http://www.wikidata.org/entity/Q29637,Škoda Auto,Чехия,,Škoda Popular,Škoda 1200,4050,1500,1520,940,http://commons.wikimedia.org/wiki/Special:FilePath/%C5%A0koda%201101%20tudor.JPG
http://www.wikidata.org/entity/Q9396959,Škoda 1102,http://www.wikidata.org/entity/Q3231690,модель автомобиля,http://www.wikidata.org/entity/Q29637,Škoda Auto,Чехия,,,,,,,,http://commons.wikimedia.org/wiki/Special:FilePath/1951%20SKODA%201102%2C%20NG-70-77%2C%20Horn%2C%20the%20Netherlands%2C%20pic6.JPG
http://www.wikidata.org/entity/Q137771826,Škoda 120,http://www.wikidata.org/entity/Q3231690,модель автомобиля,http://www.wikidata.org/entity/Q29637,Škoda Auto,Чехия,,,Škoda Favorit,,,,,http://commons.wikimedia.org/wiki/Special:FilePath/Skoda%20%287909327772%29%20%28cropped%29.jpg
http://www.wikidata.org/entity/Q90884029,Škoda 120 GLS,http://www.wikidata.org/entity/Q3231690,модель автомобиля,http://www.wikidata.org/entity/Q29637,Škoda Auto,Чехия,,,,,,,,http://commons.wikimedia.org/wiki/Special:FilePath/Skoda%20%287909347996%29.jpg
http://www.wikidata.org/entity/Q9396961,Škoda 120 S,http://www.wikidata.org/entity/Q3231690,модель автомобиля,http://www.wikidata.org/entity/Q29637,Škoda Auto,Чехия,,,,,,,,http://commons.wikimedia.org/wiki/Special:FilePath/Skoda120s.jpg
http://www.wikidata.org/entity/Q391849,Škoda 1201,http://www.wikidata.org/entity/Q3231690,модель автомобиля,http://www.wikidata.org/entity/Q29637,Škoda Auto,Чехия,,Škoda 1200,Škoda 1202,4500,1680,1520,,http://commons.wikimedia.org/wiki/Special:FilePath/Skoda%201201%20Stationsvagn%201959.jpg
http://www.wikidata.org/entity/Q90884099,Škoda 1202 Kamyonet,http://www.wikidata.org/entity/Q3231690,модель автомобиля,http://www.wikidata.org/entity/Q29637,Škoda Auto,Чехия,,,,,,,,http://commons.wikimedia.org/wiki/Special:FilePath/Skoda%201202%20with%20Pick%20up%20body%20built%20in%20Turkey%20by%20Celik%20Motor.%20%2816324740590%29%20-%20cropped.jpg
http://www.wikidata.org/entity/Q90884067,Škoda 125,http://www.wikidata.org/entity/Q3231690,модель автомобиля,http://www.wikidata.org/entity/Q29637,Škoda Auto,Чехия,,,Škoda Favorit,,,,,http://commons.wikimedia.org/wiki/Special:FilePath/%C5%A0koda%20125%20L%20%2846510243835%29%20%28cropped%29.jpg
http://www.wikidata.org/entity/Q9396960,Škoda 130 RS,http://www.wikidata.org/entity/Q3231690,модель автомобиля,http://www.wikidata.org/entity/Q29637,Škoda Auto,Чехия,,,,,,,,http://commons.wikimedia.org/wiki/Special:FilePath/130RS.JPG
http://www.wikidata.org/entity/Q137771820,Škoda 135,http://www.wikidata.org/entity/Q3231690,модель автомобиля,http://www.wikidata.org/entity/Q29637,Škoda Auto,Чехия,,,Škoda Favorit,,,,,http://commons.wikimedia.org/wiki/Special:FilePath/Skoda%20%287907616216%29.jpg
http://www.wikidata.org/entity/Q90882074,Škoda 136,http://www.wikidata.org/entity/Q3231690,модель автомобиля,http://www.wikidata.org/entity/Q29637,Škoda Auto,Чехия,,,Škoda Favorit,,,,,http://commons.wikimedia.org/wiki/Special:FilePath/%C5%A0koda%20136L%20%C5%A1ed%C3%A1%20%28cropped%29.JPG
http://www.wikidata.org/entity/Q9396965,Škoda 154,http://www.wikidata.org/entity/Q3231690,модель автомобиля,http://www.wikidata.org/entity/Q29637,Škoda Auto,Чехия,,,,,,,,http://commons.wikimedia.org/wiki/Special:FilePath/1930%20Skoda%20154%20fire%20engine%20pic1.JPG
http://www.wikidata.org/entity/Q90883423,Škoda 160 RS MTX,http://www.wikidata.org/entity/Q3231690,модель автомобиля,http://www.wikidata.org/entity/Q29637,Škoda Auto,Чехия,,,,,,,,http://commons.wikimedia.org/wiki/Special:FilePath/%C5%A0koda%20160%20RS%20MTX%20Rally%20Legend%202014.jpg
http://www.wikidata.org/entity/Q10403699,Škoda 200 RS,http://www.wikidata.org/entity/Q3231690,модель автомобиля,http://www.wikidata.org/entity/Q29637,Škoda Auto,Чехия,,,,,,,,http://commons.wikimedia.org/wiki/Special:FilePath/Skoda-museum-mlada-boleslav-rr-088.jpg
http://www.wikidata.org/entity/Q10403726,Škoda 206,http://www.wikidata.org/entity/Q3231690,модель автомобиля,http://www.wikidata.org/entity/Q29637,Škoda Auto,Чехия,,,,,,,,http://commons.wikimedia.org/wiki/Special:FilePath/%C5%A0koda%20206%20-%20all-metal%20body%2C%20hydraulical%20dump%20%28Auto%20magazine%2C%201931%29.png
http://www.wikidata.org/entity/Q10403816,Škoda 254,http://www.wikidata.org/entity/Q3231690,модель автомобиля,http://www.wikidata.org/entity/Q29637,Škoda Auto,Чехия,,,,,,,,http://commons.wikimedia.org/wiki/Special:FilePath/%C5%A0koda%20254%20D%20%281938%29.jpg
http://www.wikidata.org/entity/Q10403838,Škoda 256,http://www.wikidata.org/entity/Q3231690,модель автомобиля,http://www.wikidata.org/entity/Q29637,Škoda Auto,Чехия,,,,,,,,http://commons.wikimedia.org/wiki/Special:FilePath/%C5%A0koda%20256%20G%20in%20the%20Po%C5%99e%C5%BEany%20museum.jpg
http://www.wikidata.org/entity/Q10403914,Škoda 304,http://www.wikidata.org/entity/Q3231690,модель автомобиля,http://www.wikidata.org/entity/Q29637,Škoda Auto,Чехия,,,,,,,,http://commons.wikimedia.org/wiki/Special:FilePath/Commercial%20vehicle%2C%20Skoda-brand%2C%20Czech%20brand%20Fortepan%2071315.jpg
http://www.wikidata.org/entity/Q10403941,Škoda 306,http://www.wikidata.org/entity/Q3231690,модель автомобиля,http://www.wikidata.org/entity/Q29637,Škoda Auto,Чехия,,,,,,,,http://commons.wikimedia.org/wiki/Special:FilePath/%C5%A0koda%20306%20N%20-%20all-metal%20body%20%28Auto%20magazine%2C%201931%29.png
http://www.wikidata.org/entity/Q391900,Škoda 4 R,http://www.wikidata.org/entity/Q3231690,модель автомобиля,http://www.wikidata.org/entity/Q29637,Škoda Auto,Чехия,,Laurin & Klement - Škoda 110,,,,,,http://commons.wikimedia.org/wiki/Special:FilePath/%C5%A0koda%204%20R%20Coup%C3%A9%201928%20%284-cylinder%2C%2075x110%20mm%2C%2014-34%20HP%29.png
http://www.wikidata.org/entity/Q391885,Škoda 420,http://www.wikidata.org/entity/Q3231690,модель автомобиля,http://www.wikidata.org/entity/Q29637,Škoda Auto,Чехия,,,,3770,1360,1500,,http://commons.wikimedia.org/wiki/Special:FilePath/Skoda%20420%20Popular%20%281937%29%20Classic-Days%202022%20IMG%207042.jpg
http://www.wikidata.org/entity/Q391887,Škoda 422,http://www.wikidata.org/entity/Q3231690,модель автомобиля,http://www.wikidata.org/entity/Q29637,Škoda Auto,Чехия,,Škoda 420,,,,,950,http://commons.wikimedia.org/wiki/Special:FilePath/Unknown%20model%20of%20Skoda%20in%20Praque.jpg
http://www.wikidata.org/entity/Q391890,Škoda 430,http://www.wikidata.org/entity/Q3231690,модель автомобиля,http://www.wikidata.org/entity/Q29637,Škoda Auto,Чехия,,,,4430,1660,1750,,http://commons.wikimedia.org/wiki/Special:FilePath/110%20let%20zalo%C5%BEen%C3%AD%20autoklubu%20v%20Liberci%2003.JPG
http://www.wikidata.org/entity/Q9396969,Škoda 450,http://www.wikidata.org/entity/Q3231690,модель автомобиля,http://www.wikidata.org/entity/Q29637,Škoda Auto,Чехия,,Škoda 1101/1102,Škoda Felicia,4065,1600,1380,930,http://commons.wikimedia.org/wiki/Special:FilePath/Techno%20Classica%202018%2C%20Essen%20%28IMG%209652%29.jpg
http://www.wikidata.org/entity/Q10404163,Škoda 504,http://www.wikidata.org/entity/Q3231690,модель автомобиля,http://www.wikidata.org/entity/Q29637,Škoda Auto,Чехия,,,,,,,,http://commons.wikimedia.org/wiki/Special:FilePath/N%C3%A1kladn%C3%AD%20automobil%20zn.%20%C5%A0koda%201930%20%28Pivovar%20Vy%C5%A1kov-%20czech%20republic%29.jpg
http://www.wikidata.org/entity/Q10404175,Škoda 506,http://www.wikidata.org/entity/Q3231690,модель автомобиля,http://www.wikidata.org/entity/Q29637,Škoda Auto,Чехия,,,,,,,,http://commons.wikimedia.org/wiki/Special:FilePath/%C5%A0koda%20506%206-cylinder%20of%205-tonne%20capacity%20%28Auto%20magazine%2C%201929%29.png
http://www.wikidata.org/entity/Q391915,Škoda 6 R,http://www.wikidata.org/entity/Q3231690,модель автомобиля,http://www.wikidata.org/entity/Q29637,Škoda Auto,Чехия,,,,,,,,http://commons.wikimedia.org/wiki/Special:FilePath/%C5%A0koda%206%20R%2C%206-cylinder%20Limousine%20%28%C4%8Cesk%C3%BD%20sv%C4%9Bt%2C%201928%29.png
http://www.wikidata.org/entity/Q391906,Škoda 633,http://www.wikidata.org/entity/Q3231690,модель автомобиля,http://www.wikidata.org/entity/Q29637,Škoda Auto,Чехия,,,,,,,,http://commons.wikimedia.org/wiki/Special:FilePath/%C5%A0koda%20633%20-%201933.JPG
http://www.wikidata.org/entity/Q391902,Škoda 637,http://www.wikidata.org/entity/Q3231690,модель автомобиля,http://www.wikidata.org/entity/Q29637,Škoda Auto,Чехия,,,,,,,,http://commons.wikimedia.org/wiki/Special:FilePath/%C5%A0koda%20637%20%281934%29%2005.jpg
http://www.wikidata.org/entity/Q391904,Škoda 645,http://www.wikidata.org/entity/Q3231690,модель автомобиля,http://www.wikidata.org/entity/Q29637,Škoda Auto,Чехия,,,,,,,,http://commons.wikimedia.org/wiki/Special:FilePath/Techno%20Classica%202018%2C%20Essen%20%28IMG%209665%29.jpg
http://www.wikidata.org/entity/Q391912,Škoda 650,http://www.wikidata.org/entity/Q3231690,модель автомобиля,http://www.wikidata.org/entity/Q29637,Škoda Auto,Чехия,,,,,,,,http://commons.wikimedia.org/wiki/Special:FilePath/%C5%A0koda%20650%20%281934%29.jpg
http://www.wikidata.org/entity/Q10404450,Škoda 740,http://www.wikidata.org/entity/Q3231690,модель автомобиля,http://www.wikidata.org/entity/Q29637,Škoda Auto,Чехия,,,,,,,,http://commons.wikimedia.org/wiki/Special:FilePath/SkodaPrototyp740.JPG
http://www.wikidata.org/entity/Q391932,Škoda 860,http://www.wikidata.org/entity/Q3231690,модель автомобиля,http://www.wikidata.org/entity/Q29637,Škoda Auto,Чехия,,,,,,,,http://commons.wikimedia.org/wiki/Special:FilePath/2014%20%C5%A0koda%20Museum%2C%20%C5%A0koda%20860%201932%2001.JPG
http://www.wikidata.org/entity/Q9396974,Škoda 903,http://www.wikidata.org/entity/Q3231690,модель автомобиля,http://www.wikidata.org/entity/Q29637,Škoda Auto,Чехия,,,,,,,,http://commons.wikimedia.org/wiki/Special:FilePath/BAHNA%202018%20-%20670.jpg
http://www.wikidata.org/entity/Q391937,Škoda 935,http://www.wikidata.org/entity/Q3231690,модель автомобиля,http://www.wikidata.org/entity/Q29637,Škoda Auto,Чехия,,,,,,,,http://commons.wikimedia.org/wiki/Special:FilePath/%C5%A0koda%20935.jpg
http://www.wikidata.org/entity/Q391939,Škoda 973,http://www.wikidata.org/entity/Q3231690,модель автомобиля,http://www.wikidata.org/entity/Q29637,Škoda Auto,Чехия,,Q11838654,,,,,,http://commons.wikimedia.org/wiki/Special:FilePath/%C5%A0koda%20Museum%20-%20%C5%A0koda%20973%20Babeta.JPG
http://www.wikidata.org/entity/Q63978770,Škoda Citigo-e iV,http://www.wikidata.org/entity/Q3231690,модель автомобиля,http://www.wikidata.org/entity/Q29637,Škoda Auto,Чехия,,,,,,,,http://commons.wikimedia.org/wiki/Special:FilePath/Skoda%20Citigo-e%20iV%20at%20IAA%202019%20IMG%200269.jpg
http://www.wikidata.org/entity/Q118911224,Škoda Eltra,http://www.wikidata.org/entity/Q3231690,модель автомобиля,http://www.wikidata.org/entity/Q29637,Škoda Auto,Чехия,,,,,,,,http://commons.wikimedia.org/wiki/Special:FilePath/1992%20Skoda%20Elmo%20Pick%20Up.jpg
http://www.wikidata.org/entity/Q20354830,Škoda Fabia R5,http://www.wikidata.org/entity/Q3231690,модель автомобиля,http://www.wikidata.org/entity/Q29637,Škoda Auto,Чехия,,Škoda Fabia S2000,Škoda Fabia Rally2 evo,,,,,http://commons.wikimedia.org/wiki/Special:FilePath/Rally%20de%20Portugal%202019%20-%20%C5%A0KODA%20FABIA%20Rally2%20evo.jpg
http://www.wikidata.org/entity/Q65042038,Škoda Fabia Rally2 evo,http://www.wikidata.org/entity/Q3231690,модель автомобиля,http://www.wikidata.org/entity/Q29637,Škoda Auto,Чехия,,Škoda Fabia R5,,,,,,http://commons.wikimedia.org/wiki/Special:FilePath/Rally%20de%20Portugal%202019%20-%20%C5%A0KODA%20FABIA%20Rally2%20evo.jpg
http://www.wikidata.org/entity/Q391999,Škoda Favorit,http://www.wikidata.org/entity/Q3231690,модель автомобиля,http://www.wikidata.org/entity/Q29637,Škoda Auto,Чехия,,Škoda 430,,,,,,http://commons.wikimedia.org/wiki/Special:FilePath/2007-08-cesko-207.jpg
http://www.wikidata.org/entity/Q90701223,Škoda Favorit prototype,http://www.wikidata.org/entity/Q3231690,модель автомобиля,http://www.wikidata.org/entity/Q29637,Škoda Auto,Чехия,,,,,,,,http://commons.wikimedia.org/wiki/Special:FilePath/SkodaFavoritCoupe.JPG
http://www.wikidata.org/entity/Q90701327,Škoda Favorit sedan,http://www.wikidata.org/entity/Q3231690,модель автомобиля,http://www.wikidata.org/entity/Q29637,Škoda Auto,Чехия,,,,,,,,http://commons.wikimedia.org/wiki/Special:FilePath/%C5%A0koda%20auto%20museum%20FSedan.JPG
http://www.wikidata.org/entity/Q391899,Škoda Felicia,http://www.wikidata.org/entity/Q3231690,модель автомобиля,http://www.wikidata.org/entity/Q29637,Škoda Auto,Чехия,,Škoda 440,,4065,1600,1380,,http://commons.wikimedia.org/wiki/Special:FilePath/13-04-05-Skoda%20Museum%20Mlad%C3%A1%20Boleslav%20by%20RalfR-014%20%28cropped%29.jpg
http://www.wikidata.org/entity/Q90882163,Škoda Felicia Fun,http://www.wikidata.org/entity/Q3231690,модель автомобиля,http://www.wikidata.org/entity/Q29637,Škoda Auto,Чехия,,,,,,,,http://commons.wikimedia.org/wiki/Special:FilePath/%C5%A0koda%20Felicia%20Fun%20at%20Legendy%202018%20in%20Prague.jpg
http://www.wikidata.org/entity/Q9396975,Škoda Forman,http://www.wikidata.org/entity/Q3231690,модель автомобиля,http://www.wikidata.org/entity/Q29637,Škoda Auto,Чехия,,,,,,,,http://commons.wikimedia.org/wiki/Special:FilePath/Brno%2C%20%C4%8Cern%C3%A1%20Pole%2C%20Pflegrova%2C%20%C5%A0koda%20Forman%20%282022-05-28%3B%2001%29%20%28cropped%29.jpg
http://www.wikidata.org/entity/Q90701195,Škoda Forman Plus,http://www.wikidata.org/entity/Q3231690,модель автомобиля,http://www.wikidata.org/entity/Q29637,Škoda Auto,Чехия,,,,,,,,http://commons.wikimedia.org/wiki/Special:FilePath/Brno%2C%20Wurmova%2C%20%C5%A0koda%20Forman%20Plus.jpg
http://www.wikidata.org/entity/Q90701197,Škoda Forman Praktik,http://www.wikidata.org/entity/Q3231690,модель автомобиля,http://www.wikidata.org/entity/Q29637,Škoda Auto,Чехия,,,,,,,,http://commons.wikimedia.org/wiki/Special:FilePath/Pardubice%2C%20s%C3%ADdli%C5%A1t%C4%9B%20Dubina%2C%20Jana%20Zaj%C3%ADce%2C%20%C5%A0koda%20Forman%20Praktik.jpg
http://www.wikidata.org/entity/Q257346,Škoda Garde,http://www.wikidata.org/entity/Q3231690,модель автомобиля,http://www.wikidata.org/entity/Q29637,Škoda Auto,Чехия,,Škoda 110 R,Škoda Rapid (1984),4170,1610,1380,855,http://commons.wikimedia.org/wiki/Special:FilePath/Skoda%20rapid%20001.jpg
http://www.wikidata.org/entity/Q392006,Škoda Joyster,http://www.wikidata.org/entity/Q3231690,модель автомобиля,http://www.wikidata.org/entity/Q29637,Škoda Auto,Чехия,,,,,,,,http://commons.wikimedia.org/wiki/Special:FilePath/%C5%A0koda%20Joyster.jpg
http://www.wikidata.org/entity/Q59572019,Škoda Kodiaq GT,http://www.wikidata.org/entity/Q3231690,модель автомобиля,http://www.wikidata.org/entity/Q29637,Škoda Auto,Чехия,,,,4634,1883,1649,,http://commons.wikimedia.org/wiki/Special:FilePath/Skoda%20Kodiaq%20GT%20001.jpg
http://www.wikidata.org/entity/Q90700853,Škoda Kodiaq RS,http://www.wikidata.org/entity/Q3231690,модель автомобиля,http://www.wikidata.org/entity/Q29637,Škoda Auto,Чехия,,,,,,,,http://commons.wikimedia.org/wiki/Special:FilePath/Skoda%20Kodiaq%20RS%20at%20IAA%202019%20IMG%200788.jpg
http://www.wikidata.org/entity/Q392013,Škoda MOŽ-2,http://www.wikidata.org/entity/Q3231690,модель автомобиля,http://www.wikidata.org/entity/Q29637,Škoda Auto,Чехия,,,,,,,,http://commons.wikimedia.org/wiki/Special:FilePath/%C5%A0koda%20MO%C5%BD-2%2C%20VTM%20Le%C5%A1any.jpg
http://www.wikidata.org/entity/Q392012,Škoda MissionL,http://www.wikidata.org/entity/Q3231690,модель автомобиля,http://www.wikidata.org/entity/Q29637,Škoda Auto,Чехия,,,Škoda Rapid,,,,,http://commons.wikimedia.org/wiki/Special:FilePath/11-09-04-iaa-by-RalfR-394.jpg
http://www.wikidata.org/entity/Q90882055,Škoda Octavia Combi (1961 - 1971),http://www.wikidata.org/entity/Q3231690,модель автомобиля,http://www.wikidata.org/entity/Q29637,Škoda Auto,Чехия,,,,,,,,http://commons.wikimedia.org/wiki/Special:FilePath/2010-07-30%20Skoda%20Octavia%20Combi%20%281959%20-%201971%29%20%282%29.jpg
http://www.wikidata.org/entity/Q16689282,Škoda Octavia RS,http://www.wikidata.org/entity/Q3231690,модель автомобиля,http://www.wikidata.org/entity/Q29637,Škoda Auto,Чехия,,,,,,,,http://commons.wikimedia.org/wiki/Special:FilePath/Skoda%20Octavia%20IV%20RS%20IMG%204251.jpg
http://www.wikidata.org/entity/Q10396630,Škoda Octavia Scout,http://www.wikidata.org/entity/Q3231690,модель автомобиля,http://www.wikidata.org/entity/Q29637,Škoda Auto,Чехия,,,,,,,,http://commons.wikimedia.org/wiki/Special:FilePath/2016%20Skoda%20Octavia%20Scout%20TDi%204X4%202.0%20Front.jpg
http://www.wikidata.org/entity/Q90883266,Škoda Octavia Super,http://www.wikidata.org/entity/Q3231690,модель автомобиля,http://www.wikidata.org/entity/Q29637,Škoda Auto,Чехия,,,,,,,,http://commons.wikimedia.org/wiki/Special:FilePath/%C5%A0koda%20Octavia.jpeg
http://www.wikidata.org/entity/Q90883477,Škoda Octavia Touring Sport (1960 - 1964),http://www.wikidata.org/entity/Q3231690,модель автомобиля,http://www.wikidata.org/entity/Q29637,Škoda Auto,Чехия,,,,,,,,http://commons.wikimedia.org/wiki/Special:FilePath/286.%20Pekka%20Anttalainen%20and%20Tapani%20Valo%2C%20Skoda%20Octavia%20TS%20%286002644365%29.jpg
http://www.wikidata.org/entity/Q90701201,Škoda Pick-up,http://www.wikidata.org/entity/Q3231690,модель автомобиля,http://www.wikidata.org/entity/Q29637,Škoda Auto,Чехия,,,,,,,,http://commons.wikimedia.org/wiki/Special:FilePath/Skoda%20Favorit%20LX%20Pick%20up%201995%20%2826525339629%29.jpg
http://www.wikidata.org/entity/Q90701134,Škoda Rapid (China),http://www.wikidata.org/entity/Q3231690,модель автомобиля,http://www.wikidata.org/entity/Q29637,Škoda Auto,Чехия,,,,,,,,http://commons.wikimedia.org/wiki/Special:FilePath/%C5%A0koda%20Rapid%20CN%20China%202013-03-03.jpg
http://www.wikidata.org/entity/Q392040,Škoda Rapid 2200,http://www.wikidata.org/entity/Q3231690,модель автомобиля,http://www.wikidata.org/entity/Q29637,Škoda Auto,Чехия,,,,,,,1350,
http://www.wikidata.org/entity/Q392047,Škoda Rapid Six,http://www.wikidata.org/entity/Q3231690,модель автомобиля,http://www.wikidata.org/entity/Q29637,Škoda Auto,Чехия,,,,,,,1050,
http://www.wikidata.org/entity/Q23661383,Škoda Rapid Spaceback,http://www.wikidata.org/entity/Q3231690,модель автомобиля,http://www.wikidata.org/entity/Q29637,Škoda Auto,Чехия,,,,,,,,http://commons.wikimedia.org/wiki/Special:FilePath/Skoda%20Rapid%20Spaceback%201.2%20TSI%20Style%20Plus%20%E2%80%93%20Frontansicht%2C%2015.%20M%C3%A4rz%202014%2C%20D%C3%BCsseldorf.jpg
http://www.wikidata.org/entity/Q90701141,Škoda Rapid Sport,http://www.wikidata.org/entity/Q3231690,модель автомобиля,http://www.wikidata.org/entity/Q29637,Škoda Auto,Чехия,,,,,,,,http://commons.wikimedia.org/wiki/Special:FilePath/Rapid%20Sport.jpg
http://www.wikidata.org/entity/Q392052,Škoda Sagitta,http://www.wikidata.org/entity/Q3231690,модель автомобиля,http://www.wikidata.org/entity/Q29637,Škoda Auto,Чехия,,,,,,,,http://commons.wikimedia.org/wiki/Special:FilePath/Skoda%20Sagitta%201936-1937%20seitlich.JPG
http://www.wikidata.org/entity/Q13634413,Škoda Sentinel,http://www.wikidata.org/entity/Q3231690,модель автомобиля,http://www.wikidata.org/entity/Q29637,Škoda Auto,Чехия,,,,,,,,http://commons.wikimedia.org/wiki/Special:FilePath/Brno%2C%20%C5%98e%C4%8Dkovice%2C%20depozit%C3%A1%C5%99%20TMB%2C%20DOD%202013%2C%20%C5%A0koda%20Sentinel%20%2801%29.jpg
http://www.wikidata.org/entity/Q392054,Škoda Sport,http://www.wikidata.org/entity/Q3231690,модель автомобиля,http://www.wikidata.org/entity/Q29637,Škoda Auto,Чехия,,,,,,,,http://commons.wikimedia.org/wiki/Special:FilePath/1950%20Skoda%201101%20Sport%20IMG%203047%20-%20Flickr%20-%20nemor2.jpg
http://www.wikidata.org/entity/Q10403396,Škoda Super Sport,http://www.wikidata.org/entity/Q3231690,модель автомобиля,http://www.wikidata.org/entity/Q29637,Škoda Auto,Чехия,,,,,,,,http://commons.wikimedia.org/wiki/Special:FilePath/Skoda%20110%20Super%20sport%20%27Ferat%27%20type%20724%20pic7.JPG
http://www.wikidata.org/entity/Q392063,Škoda Superb I,http://www.wikidata.org/entity/Q3231690,модель автомобиля,http://www.wikidata.org/entity/Q29637,Škoda Auto,Чехия,,,Škoda Superb II,4803,1765,1469,,http://commons.wikimedia.org/wiki/Special:FilePath/SkodaSuperb.jpg
http://www.wikidata.org/entity/Q392067,Škoda Superb II,http://www.wikidata.org/entity/Q3231690,модель автомобиля,http://www.wikidata.org/entity/Q29637,Škoda Auto,Чехия,,Škoda Superb I,Škoda Superb III,,1817,,,http://commons.wikimedia.org/wiki/Special:FilePath/2009%20Skoda%20Superb%20Elegance%20CRTDi%20Automatic%202.0%20Front.jpg
http://www.wikidata.org/entity/Q19758190,Škoda Superb III,http://www.wikidata.org/entity/Q3231690,модель автомобиля,http://www.wikidata.org/entity/Q29637,Škoda Auto,Чехия,,Škoda Superb II,,4856,1864,1468,,http://commons.wikimedia.org/wiki/Special:FilePath/2018%20Skoda%20Superb%20SE%20L%20Executive%20TSi%201.4.jpg
http://www.wikidata.org/entity/Q19758190,Škoda Superb III,http://www.wikidata.org/entity/Q3231690,модель автомобиля,http://www.wikidata.org/entity/Q29637,Škoda Auto,Чехия,,Škoda Superb II,,4861,1864,1468,,http://commons.wikimedia.org/wiki/Special:FilePath/2018%20Skoda%20Superb%20SE%20L%20Executive%20TSi%201.4.jpg
http://www.wikidata.org/entity/Q19758190,Škoda Superb III,http://www.wikidata.org/entity/Q3231690,модель автомобиля,http://www.wikidata.org/entity/Q29637,Škoda Auto,Чехия,,Škoda Superb II,,4856,1864,1477,,http://commons.wikimedia.org/wiki/Special:FilePath/2018%20Skoda%20Superb%20SE%20L%20Executive%20TSi%201.4.jpg
http://www.wikidata.org/entity/Q19758190,Škoda Superb III,http://www.wikidata.org/entity/Q3231690,модель автомобиля,http://www.wikidata.org/entity/Q29637,Škoda Auto,Чехия,,Škoda Superb II,,4861,1864,1477,,http://commons.wikimedia.org/wiki/Special:FilePath/2018%20Skoda%20Superb%20SE%20L%20Executive%20TSi%201.4.jpg
http://www.wikidata.org/entity/Q392076,Škoda Tudor (2002),http://www.wikidata.org/entity/Q3231690,модель автомобиля,http://www.wikidata.org/entity/Q29637,Škoda Auto,Чехия,,,,,,,,http://commons.wikimedia.org/wiki/Special:FilePath/Skoda%20tudor%202002-1.jpg
http://www.wikidata.org/entity/Q392076,Škoda Tudor (2002),http://www.wikidata.org/entity/Q3231690,модель автомобиля,http://www.wikidata.org/entity/Q29637,Škoda Auto,Чехия,,,,,,,,http://commons.wikimedia.org/wiki/Special:FilePath/Skoda%20tudor%202002-2.jpg
http://www.wikidata.org/entity/Q392076,Škoda Tudor (2002),http://www.wikidata.org/entity/Q3231690,модель автомобиля,http://www.wikidata.org/entity/Q29637,Škoda Auto,Чехия,,,,,,,,http://commons.wikimedia.org/wiki/Special:FilePath/SkodaTudorConceptbyAlofok%281%29.JPG
http://www.wikidata.org/entity/Q392084,Škoda Vision D,http://www.wikidata.org/entity/Q3231690,модель автомобиля,http://www.wikidata.org/entity/Q29637,Škoda Auto,Чехия,,,,,,,,http://commons.wikimedia.org/wiki/Special:FilePath/13-04-05-Skoda%20Museum%20Mlad%C3%A1%20Boleslav%20by%20RalfR-206.jpg
http://www.wikidata.org/entity/Q16295647,Škoda VisionC,http://www.wikidata.org/entity/Q3231690,модель автомобиля,http://www.wikidata.org/entity/Q29637,Škoda Auto,Чехия,,,,,,,,http://commons.wikimedia.org/wiki/Special:FilePath/2014-03-04%20Geneva%20Motor%20Show%201332-1.JPG
http://www.wikidata.org/entity/Q391822,Škoda 100,http://www.wikidata.org/entity/Q3231690,модель автомобиля,http://www.wikidata.org/entity/Q29637,Škoda Auto,Чехия,,Škoda 1000 MB,Škoda 105/120/125,4155,1620,1380,,http://commons.wikimedia.org/wiki/Special:FilePath/%C5%A0koda%20v%20Praze%20%282%29.jpg
http://www.wikidata.org/entity/Q391825,Škoda 1000 MB,http://www.wikidata.org/entity/Q3231690,модель автомобиля,http://www.wikidata.org/entity/Q29637,Škoda Auto,Чехия,,Škoda Octavia,Škoda 100,4170,1620,1390,,http://commons.wikimedia.org/wiki/Special:FilePath/Skoda%201000%20MB%20%281965%29%20%28cropped%29.jpg
http://www.wikidata.org/entity/Q391936,Škoda 105/120/125,http://www.wikidata.org/entity/Q3231690,модель автомобиля,http://www.wikidata.org/entity/Q29637,Škoda Auto,Чехия,,Škoda 100,Škoda Favorit,4160,1595,1400,,http://commons.wikimedia.org/wiki/Special:FilePath/Skoda%20Estelle%20Malta%201996.jpg
http://www.wikidata.org/entity/Q391841,Škoda 110 R,http://www.wikidata.org/entity/Q3231690,модель автомобиля,http://www.wikidata.org/entity/Q29637,Škoda Auto,Чехия,,Škoda 1000 MB,Škoda Garde,4155,1620,1340,880,http://commons.wikimedia.org/wiki/Special:FilePath/%C5%A0koda%20110%20R%201977.jpg
http://www.wikidata.org/entity/Q391845,Škoda 1200,http://www.wikidata.org/entity/Q3231690,модель автомобиля,http://www.wikidata.org/entity/Q29637,Škoda Auto,Чехия,,Škoda 1101/1102,Škoda 1201,,1520,1680,1060,http://commons.wikimedia.org/wiki/Special:FilePath/1955%20Skoda%201200%20%282568618690%29.jpg
http://www.wikidata.org/entity/Q391847,Škoda 1202,http://www.wikidata.org/entity/Q3231690,модель автомобиля,http://www.wikidata.org/entity/Q29637,Škoda Auto,Чехия,,Škoda 1201,Škoda 1203,4485,1700,1580,,http://commons.wikimedia.org/wiki/Special:FilePath/Brno%2C%20Mahenova%2C%20%C5%A0koda%201202%20%2802%29.jpg
http://www.wikidata.org/entity/Q391853,Škoda 1203,http://www.wikidata.org/entity/Q3231690,модель автомобиля,http://www.wikidata.org/entity/Q29637,Škoda Auto,Чехия,,Škoda 1202,,4520,1800,1900,,http://commons.wikimedia.org/wiki/Special:FilePath/Skoda1203Brumov-BylniceAlofok%20%281%29.jpg
http://www.wikidata.org/entity/Q12032779,Škoda 125,http://www.wikidata.org/entity/Q3231690,модель автомобиля,http://www.wikidata.org/entity/Q29637,Škoda Auto,Чехия,,,,,,,,http://commons.wikimedia.org/wiki/Special:FilePath/Sodomkovo%20M%C3%BDto%202011%20-%2021.JPG
http://www.wikidata.org/entity/Q8082807,Škoda 130,http://www.wikidata.org/entity/Q3231690,модель автомобиля,http://www.wikidata.org/entity/Q29637,Škoda Auto,Чехия,,,Škoda Favorit,,,,,http://commons.wikimedia.org/wiki/Special:FilePath/Skoda130estelle.JPG
http://www.wikidata.org/entity/Q391896,Škoda 440,http://www.wikidata.org/entity/Q3231690,модель автомобиля,http://www.wikidata.org/entity/Q29637,Škoda Auto,Чехия,,Škoda 1101/1102,Škoda Octavia,4065,1600,1430,,http://commons.wikimedia.org/wiki/Special:FilePath/Skoda%20440%20red%20vr%20TCE.jpg
http://www.wikidata.org/entity/Q10404225,Škoda 606,http://www.wikidata.org/entity/Q3231690,модель автомобиля,http://www.wikidata.org/entity/Q29637,Škoda Auto,Чехия,,,,,,,,http://commons.wikimedia.org/wiki/Special:FilePath/N%C3%A1kladn%C3%AD%20automobil%20zn.%20%C5%A0koda%201930%20%28Pivovar%20Vy%C5%A1kov-%20czech%20republic%29.jpg
http://www.wikidata.org/entity/Q10404425,Škoda 720,http://www.wikidata.org/entity/Q3231690,модель автомобиля,http://www.wikidata.org/entity/Q29637,Škoda Auto,Чехия,,,,,,,,http://commons.wikimedia.org/wiki/Special:FilePath/SkodaPrototyp720OP1%20%281%29.JPG
http://www.wikidata.org/entity/Q117390,Škoda 760,http://www.wikidata.org/entity/Q3231690,модель автомобиля,http://www.wikidata.org/entity/Q29637,Škoda Auto,Чехия,,,,,,,,http://commons.wikimedia.org/wiki/Special:FilePath/SkodaPrototyp760%20%281%29.JPG
http://www.wikidata.org/entity/Q391963,Škoda Citigo,http://www.wikidata.org/entity/Q3231690,модель автомобиля,http://www.wikidata.org/entity/Q29637,Škoda Auto,Чехия,,Volkswagen Lupo,,3563,1641,1478,,http://commons.wikimedia.org/wiki/Special:FilePath/%C5%A0koda%20Citigo-e%20iV%201X7A7291.jpg
http://www.wikidata.org/entity/Q30753091,Škoda Enyaq iV,http://www.wikidata.org/entity/Q3231690,модель автомобиля,http://www.wikidata.org/entity/Q29637,Škoda Auto,Чехия,,,,4655,2148,1616,,http://commons.wikimedia.org/wiki/Special:FilePath/%C5%A0koda%20Enyaq%20IMG%201190.jpg
http://www.wikidata.org/entity/Q125365975,Škoda Epiq,http://www.wikidata.org/entity/Q3231690,модель автомобиля,http://www.wikidata.org/entity/Q29637,Škoda Auto,Чехия,,,,,,,,http://commons.wikimedia.org/wiki/Special:FilePath/%C5%A0koda%20Epiq%20Showcar%20IAA%202025%20DSC%201378%20%28cropped%29.jpg
http://www.wikidata.org/entity/Q391966,Škoda Fabia I,http://www.wikidata.org/entity/Q3231690,модель автомобиля,http://www.wikidata.org/entity/Q29637,Škoda Auto,Чехия,,Škoda Felicia,Škoda Fabia II,,1646,,,http://commons.wikimedia.org/wiki/Special:FilePath/%C5%A0koda%20Fabia%20Yellow.jpg
http://www.wikidata.org/entity/Q391971,Škoda Fabia II,http://www.wikidata.org/entity/Q3231690,модель автомобиля,http://www.wikidata.org/entity/Q29637,Škoda Auto,Чехия,,Škoda Fabia I,Škoda Fabia III,,,,,http://commons.wikimedia.org/wiki/Special:FilePath/Skoda%20Fabia%20II%2020090426%20front.JPG
http://www.wikidata.org/entity/Q18410434,Škoda Fabia III,http://www.wikidata.org/entity/Q3231690,модель автомобиля,http://www.wikidata.org/entity/Q29637,Škoda Auto,Чехия,,Škoda Fabia II,,,1732,,,http://commons.wikimedia.org/wiki/Special:FilePath/2018%20Skoda%20Fabia%20facelift%201.0%20Front.jpg
http://www.wikidata.org/entity/Q391996,Škoda Favorit,http://www.wikidata.org/entity/Q3231690,модель автомобиля,http://www.wikidata.org/entity/Q29637,Škoda Auto,Чехия,,Škoda 105/120/125,Škoda Felicia,3815,1620,1415,840,http://commons.wikimedia.org/wiki/Special:FilePath/Skoda%20Favorit%20Utrecht%201989.jpg
http://www.wikidata.org/entity/Q392016,Škoda Felicia,http://www.wikidata.org/entity/Q3231690,модель автомобиля,http://www.wikidata.org/entity/Q29637,Škoda Auto,Чехия,,Škoda Favorit,Škoda Fabia,3855,1635,1415,,http://commons.wikimedia.org/wiki/Special:FilePath/SkodaFelicia1.jpg
http://www.wikidata.org/entity/Q52054487,Škoda Kamiq,http://www.wikidata.org/entity/Q3231690,модель автомобиля,http://www.wikidata.org/entity/Q29637,Škoda Auto,Чехия,,Škoda Yeti,,4390,1781,1593,1277,http://commons.wikimedia.org/wiki/Special:FilePath/Skoda%20Kamiq%20Genf%202019%201Y7A5528.jpg
http://www.wikidata.org/entity/Q65246931,Škoda Kamiq (Китай),http://www.wikidata.org/entity/Q3231690,модель автомобиля,http://www.wikidata.org/entity/Q29637,Škoda Auto,Чехия,,,,,,,,http://commons.wikimedia.org/wiki/Special:FilePath/2018%20SAIC-%C5%A0koda%20Kamiq.jpg
http://www.wikidata.org/entity/Q29584097,Škoda Karoq,http://www.wikidata.org/entity/Q3231690,модель автомобиля,http://www.wikidata.org/entity/Q29637,Škoda Auto,Чехия,,Škoda Yeti,,4382,1841,1603,1318,http://commons.wikimedia.org/wiki/Special:FilePath/2018%20Skoda%20Karoq%20Edition%20TDi%20SCR%204X4%202.0%20Front.jpg
http://www.wikidata.org/entity/Q11832265,Škoda Kodiaq,http://www.wikidata.org/entity/Q3231690,модель автомобиля,http://www.wikidata.org/entity/Q29637,Škoda Auto,Чехия,,,,4697,1882,1676,,http://commons.wikimedia.org/wiki/Special:FilePath/2018%20Skoda%20Kodiaq%20Edition%20TDi.jpg
http://www.wikidata.org/entity/Q105044283,Škoda Kushaq,http://www.wikidata.org/entity/Q3231690,модель автомобиля,http://www.wikidata.org/entity/Q29637,Škoda Auto,Чехия,,,,4221,1760,1612,,http://commons.wikimedia.org/wiki/Special:FilePath/4th%20International%20Auto%20Show%2C%20Bangalore%20%282025%29%2082.jpg
http://www.wikidata.org/entity/Q130223132,Škoda Kylaq,http://www.wikidata.org/entity/Q3231690,модель автомобиля,http://www.wikidata.org/entity/Q29637,Škoda Auto,Чехия,,,,3995,1783,1619,,http://commons.wikimedia.org/wiki/Special:FilePath/4th%20International%20Auto%20Show%2C%20Bangalore%20%282025%29%2081.jpg
http://www.wikidata.org/entity/Q223696,Škoda Octavia,http://www.wikidata.org/entity/Q3231690,модель автомобиля,http://www.wikidata.org/entity/Q29637,Škoda Auto,Чехия,,,,,1829,,,http://commons.wikimedia.org/wiki/Special:FilePath/Skoda%20Octavia%20IV%20Combi%20IMG%202617.jpg
http://www.wikidata.org/entity/Q2439814,Škoda Octavia,http://www.wikidata.org/entity/Q3231690,модель автомобиля,http://www.wikidata.org/entity/Q29637,Škoda Auto,Чехия,,Škoda 440,Škoda 1000 MB,4065,,,,http://commons.wikimedia.org/wiki/Special:FilePath/Skoda%20Octavia%20%281959%29%20at%20IAA%202019%20IMG%200271.jpg
http://www.wikidata.org/entity/Q392017,Škoda Octavia I,http://www.wikidata.org/entity/Q3231690,модель автомобиля,http://www.wikidata.org/entity/Q29637,Škoda Auto,Чехия,,,Škoda Octavia II,,1731,,,http://commons.wikimedia.org/wiki/Special:FilePath/Skoda%20Octavia%20I%20front%2020080213.jpg
http://www.wikidata.org/entity/Q392018,Škoda Octavia II,http://www.wikidata.org/entity/Q3231690,модель автомобиля,http://www.wikidata.org/entity/Q29637,Škoda Auto,Чехия,,Škoda Octavia I,Škoda Octavia III,4572,1769,,,http://commons.wikimedia.org/wiki/Special:FilePath/Skoda%20Octavia%20TDI%20%28II%2C%20Facelift%29%20%E2%80%93%20Frontansicht%2C%201.%20April%202011%2C%20W%C3%BClfrath.jpg
http://www.wikidata.org/entity/Q1609671,Škoda Octavia III,http://www.wikidata.org/entity/Q3231690,модель автомобиля,http://www.wikidata.org/entity/Q29637,Škoda Auto,Чехия,,Škoda Octavia II,,,1814,,,http://commons.wikimedia.org/wiki/Special:FilePath/2018%20Skoda%20Octavia%20SE%20TDi%20S-A%201.6%20Front.jpg
http://www.wikidata.org/entity/Q75030046,Škoda Octavia IV,http://www.wikidata.org/entity/Q3231690,модель автомобиля,http://www.wikidata.org/entity/Q29637,Škoda Auto,Чехия,,,,,,,,http://commons.wikimedia.org/wiki/Special:FilePath/Skoda%20Octavia%20IV%20Combi%20IMG%202617.jpg
http://www.wikidata.org/entity/Q392024,Škoda Pick-up,http://www.wikidata.org/entity/Q3231690,модель автомобиля,http://www.wikidata.org/entity/Q29637,Škoda Auto,Чехия,,,,,,,,http://commons.wikimedia.org/wiki/Special:FilePath/Brno%2C%20Barvi%C4%8Dova%2C%20%C5%A0koda%20Pickup.jpg
http://www.wikidata.org/entity/Q392026,Škoda Popular,http://www.wikidata.org/entity/Q3231690,модель автомобиля,http://www.wikidata.org/entity/Q29637,Škoda Auto,Чехия,,Škoda 420,Škoda 1101/1102,,,,,http://commons.wikimedia.org/wiki/Special:FilePath/13-04-05-Skoda%20Museum%20Mlad%C3%A1%20Boleslav%20by%20RalfR-095.jpg
http://www.wikidata.org/entity/Q2116818,Škoda Praktik,http://www.wikidata.org/entity/Q3231690,модель автомобиля,http://www.wikidata.org/entity/Q29637,Škoda Auto,Чехия,,,,,,,,http://commons.wikimedia.org/wiki/Special:FilePath/%C5%A0koda%20Praktik%20Eesti%20Energia%20duty%20vehicle.jpg
http://www.wikidata.org/entity/Q180270,Škoda Rapid,http://www.wikidata.org/entity/Q3231690,модель автомобиля,http://www.wikidata.org/entity/Q29637,Škoda Auto,Чехия,,,Škoda Scala,4304,1706,1459,,http://commons.wikimedia.org/wiki/Special:FilePath/2014%20Skoda%20Rapid%20SE%20Connect%20TSi%201.2%20Front.jpg
http://www.wikidata.org/entity/Q180270,Škoda Rapid,http://www.wikidata.org/entity/Q3231690,модель автомобиля,http://www.wikidata.org/entity/Q29637,Škoda Auto,Чехия,,,Škoda Scala,4483,1706,1459,,http://commons.wikimedia.org/wiki/Special:FilePath/2014%20Skoda%20Rapid%20SE%20Connect%20TSi%201.2%20Front.jpg
http://www.wikidata.org/entity/Q180270,Škoda Rapid,http://www.wikidata.org/entity/Q3231690,модель автомобиля,http://www.wikidata.org/entity/Q29637,Škoda Auto,Чехия,,,Škoda Scala,4304,1706,1461,,http://commons.wikimedia.org/wiki/Special:FilePath/2014%20Skoda%20Rapid%20SE%20Connect%20TSi%201.2%20Front.jpg
http://www.wikidata.org/entity/Q180270,Škoda Rapid,http://www.wikidata.org/entity/Q3231690,модель автомобиля,http://www.wikidata.org/entity/Q29637,Škoda Auto,Чехия,,,Škoda Scala,4483,1706,1461,,http://commons.wikimedia.org/wiki/Special:FilePath/2014%20Skoda%20Rapid%20SE%20Connect%20TSi%201.2%20Front.jpg
http://www.wikidata.org/entity/Q392029,Škoda Rapid (1935–47),http://www.wikidata.org/entity/Q3231690,модель автомобиля,http://www.wikidata.org/entity/Q29637,Škoda Auto,Чехия,,Škoda 420,,,,,,http://commons.wikimedia.org/wiki/Special:FilePath/Old%20Skoda%20Rapid%202.jpg
http://www.wikidata.org/entity/Q392038,Škoda Rapid (1984),http://www.wikidata.org/entity/Q3231690,модель автомобиля,http://www.wikidata.org/entity/Q29637,Škoda Auto,Чехия,,Škoda Garde,,4170,1610,1380,,http://commons.wikimedia.org/wiki/Special:FilePath/Skoda%20Rapid%2C%20Pfingsttreffen%20Puetnitz%202018%2C%20Ribnitz-Damgarten%20%281X7A2426%29.jpg
http://www.wikidata.org/entity/Q392036,Škoda Rapid (2011),http://www.wikidata.org/entity/Q3231690,модель автомобиля,http://www.wikidata.org/entity/Q29637,Škoda Auto,Чехия,,,Škoda Slavia,4386,1699,1466,,http://commons.wikimedia.org/wiki/Special:FilePath/Skoda%20Rapid.jpg
http://www.wikidata.org/entity/Q392071,Škoda Roomster,http://www.wikidata.org/entity/Q3231690,модель автомобиля,http://www.wikidata.org/entity/Q29637,Škoda Auto,Чехия,,Škoda Pick-up,,4205,1684,,,http://commons.wikimedia.org/wiki/Special:FilePath/2014%20Skoda%20Roomster%20SE%20TDi%20CR%201.6%20Front.jpg
http://www.wikidata.org/entity/Q57340128,Škoda Scala,http://www.wikidata.org/entity/Q3231690,модель автомобиля,http://www.wikidata.org/entity/Q29637,Škoda Auto,Чехия,,Škoda Rapid,,4362,1793,1471,,http://commons.wikimedia.org/wiki/Special:FilePath/2019%20Skoda%20Scala%20SE%20TDi%201.6%20Front.jpg
http://www.wikidata.org/entity/Q109315466,Škoda Slavia,http://www.wikidata.org/entity/Q3231690,модель автомобиля,http://www.wikidata.org/entity/Q29637,Škoda Auto,Чехия,,Škoda Rapid (2011),,4541,1752,1487,,http://commons.wikimedia.org/wiki/Special:FilePath/2021%20%C5%A0koda%20Slavia%201.5%20TSI%20Style%20%28India%29%20front%20view.png
http://www.wikidata.org/entity/Q392060,Škoda Superb,http://www.wikidata.org/entity/Q3231690,модель автомобиля,http://www.wikidata.org/entity/Q29637,Škoda Auto,Чехия,,,Škoda VOS,,,,,http://commons.wikimedia.org/wiki/Special:FilePath/SkodaSuperB.jpg
http://www.wikidata.org/entity/Q392083,Škoda Superb,http://www.wikidata.org/entity/Q3231690,модель автомобиля,http://www.wikidata.org/entity/Q29637,Škoda Auto,Чехия,,,,,1765,,,http://commons.wikimedia.org/wiki/Special:FilePath/%C5%A0koda%20Superb%20IV%20Combi%20Automesse%20Ludwigsburg%202024%20IMG%201400.jpg
http://www.wikidata.org/entity/Q392080,Škoda VOS,http://www.wikidata.org/entity/Q3231690,модель автомобиля,http://www.wikidata.org/entity/Q29637,Škoda Auto,Чехия,,Škoda Superb,,5700,1950,1750,,http://commons.wikimedia.org/wiki/Special:FilePath/Skoda-vos-l.jpg
http://www.wikidata.org/entity/Q392105,Škoda Yeti,http://www.wikidata.org/entity/Q3231690,модель автомобиля,http://www.wikidata.org/entity/Q29637,Škoda Auto,Чехия,,,Škoda Karoq,4223,1793,,,http://commons.wikimedia.org/wiki/Special:FilePath/Skoda%20Yeti%20%E2%80%93%20Frontansicht%2C%2014.%20Juni%202011%2C%20Mettmann.jpg
http://www.wikidata.org/entity/Q30277434,Škoda ŠOT,http://www.wikidata.org/entity/Q100710213,модель боевой машины,http://www.wikidata.org/entity/Q29637,Škoda Auto,Чехия,,,,,,,,
http://www.wikidata.org/entity/Q391958,Škoda F3,http://www.wikidata.org/entity/Q90834785,модель гоночного автомобиля,http://www.wikidata.org/entity/Q29637,Škoda Auto,Чехия,,,,,,,,http://commons.wikimedia.org/wiki/Special:FilePath/Skoda-museum-mlada-boleslav-rr-118.jpg
http://www.wikidata.org/entity/Q112663761,Škoda Fabia RS Rally2,http://www.wikidata.org/entity/Q90834785,модель гоночного автомобиля,http://www.wikidata.org/entity/Q29637,Škoda Auto,Чехия,,,,,,,,http://commons.wikimedia.org/wiki/Special:FilePath/2022%20Bohemia%20Rally%20Mlad%C3%A1%20Boleslav%20-%20Mikkelsen%2C%20%C5%A0koda%20Fabia%20RS%20Rally2.jpg
http://www.wikidata.org/entity/Q112663761,Škoda Fabia RS Rally2,http://www.wikidata.org/entity/Q90834785,модель гоночного автомобиля,http://www.wikidata.org/entity/Q29637,Škoda Auto,Чехия,,,,,,,,http://commons.wikimedia.org/wiki/Special:FilePath/2023%20Bohemia%20Rally%20Mlad%C3%A1%20Boleslav%20-%20Kopeck%C3%BD.jpg
http://www.wikidata.org/entity/Q257578,Škoda Fabia S2000,http://www.wikidata.org/entity/Q90834785,модель гоночного автомобиля,http://www.wikidata.org/entity/Q29637,Škoda Auto,Чехия,,Škoda Fabia WRC,Škoda Fabia R5,4000,,,,http://commons.wikimedia.org/wiki/Special:FilePath/%C5%A0kodaFabiaS2000%282009%29.jpg
http://www.wikidata.org/entity/Q8082809,Škoda Felicia Kit Car,http://www.wikidata.org/entity/Q90834785,модель гоночного автомобиля,http://www.wikidata.org/entity/Q29637,Škoda Auto,Чехия,,,,,,,,http://commons.wikimedia.org/wiki/Special:FilePath/Rally%20Bohemia%202011%20-%20Bro%C5%BE.jpg
http://www.wikidata.org/entity/Q2068865,Škoda Fabia WRC,http://www.wikidata.org/entity/Q90834785,модель гоночного автомобиля,http://www.wikidata.org/entity/Q29637,Škoda Auto,Чехия,,Škoda Octavia WRC,Škoda Fabia S2000,,,,,http://commons.wikimedia.org/wiki/Special:FilePath/Armin%20Schwarz%20-%202005%20Rally%20Finland.jpg
http://www.wikidata.org/entity/Q2673846,Škoda Octavia WRC,http://www.wikidata.org/entity/Q90834785,модель гоночного автомобиля,http://www.wikidata.org/entity/Q29637,Škoda Auto,Чехия,,,Škoda Fabia WRC,,,,,http://commons.wikimedia.org/wiki/Special:FilePath/SkodaOctaviaWRCMBbyAlofok%20%281%29.JPG
http://www.wikidata.org/entity/Q10404354,CAS 25 Škoda 706 RTHP,http://www.wikidata.org/entity/Q21546143,модель грузовика,http://www.wikidata.org/entity/Q29637,Škoda Auto,Чехия,,,,,,,,http://commons.wikimedia.org/wiki/Special:FilePath/LIAZ0505.jpg
http://www.wikidata.org/entity/Q391867,Škoda 150,http://www.wikidata.org/entity/Q21546143,модель грузовика,http://www.wikidata.org/entity/Q29637,Škoda Auto,Чехия,,,,,,,,http://commons.wikimedia.org/wiki/Special:FilePath/Praga%20A150%20light%20truck%20crop.JPG
http://www.wikidata.org/entity/Q131985540,Škoda 550,http://www.wikidata.org/entity/Q21546143,модель грузовика,http://www.wikidata.org/entity/Q29637,Škoda Auto,Чехия,,,,,,,,http://commons.wikimedia.org/wiki/Special:FilePath/%C5%A0koda%20550%20Wood%20system%20truck%20%28Auto%20magazine%2C%201927%29.png
http://www.wikidata.org/entity/Q12032396,LIAZ 400,http://www.wikidata.org/entity/Q21546143,модель грузовика,http://www.wikidata.org/entity/Q29637,Škoda Auto,Чехия,,,,,,,,http://commons.wikimedia.org/wiki/Special:FilePath/%C5%A0koda-Xena%20Sytov%C3%A1-CIMG1476.jpg
http://www.wikidata.org/entity/Q391919,Škoda 706,http://www.wikidata.org/entity/Q21546143,модель грузовика,http://www.wikidata.org/entity/Q29637,Škoda Auto,Чехия,,Škoda 706 R,Category:Škoda trucks,,,,,http://commons.wikimedia.org/wiki/Special:FilePath/LIAZ0505.jpg
http://www.wikidata.org/entity/Q10404742,Škoda HS-300,http://www.wikidata.org/entity/Q15057021,модель двигателя,http://www.wikidata.org/entity/Q29637,Škoda Auto,Чехия,,,,,,,,
http://www.wikidata.org/entity/Q163053,Škoda Fabia,http://www.wikidata.org/entity/Q59773381,модельный ряд автомобилей,http://www.wikidata.org/entity/Q29637,Škoda Auto,Чехия,,Škoda Felicia,,3970,,,,http://commons.wikimedia.org/wiki/Special:FilePath/2018%20Skoda%20Fabia%20SE%20MPi%201.0.jpg
http://www.wikidata.org/entity/Q11832265,Škoda Kodiaq,http://www.wikidata.org/entity/Q59773381,модельный ряд автомобилей,http://www.wikidata.org/entity/Q29637,Škoda Auto,Чехия,,,,4697,1882,1676,,http://commons.wikimedia.org/wiki/Special:FilePath/2018%20Skoda%20Kodiaq%20Edition%20TDi.jpg
http://www.wikidata.org/entity/Q223696,Škoda Octavia,http://www.wikidata.org/entity/Q59773381,модельный ряд автомобилей,http://www.wikidata.org/entity/Q29637,Škoda Auto,Чехия,,,,,1829,,,http://commons.wikimedia.org/wiki/Special:FilePath/Skoda%20Octavia%20IV%20Combi%20IMG%202617.jpg
http://www.wikidata.org/entity/Q346196,Škoda Rapid,http://www.wikidata.org/entity/Q59773381,модельный ряд автомобилей,http://www.wikidata.org/entity/Q29637,Škoda Auto,Чехия,,,,,,,,http://commons.wikimedia.org/wiki/Special:FilePath/Skoda%20130%20Rapid.jpg
http://www.wikidata.org/entity/Q1982880,Volkswagen Group New Small Family,http://www.wikidata.org/entity/Q632300,платформа,http://www.wikidata.org/entity/Q29637,Škoda Auto,Чехия,,,,,,,,http://commons.wikimedia.org/wiki/Special:FilePath/VW%20high%20up%21%201.0%20%E2%80%93%20Frontansicht%2C%2017.%20M%C3%A4rz%202012%2C%20D%C3%BCsseldorf.jpg
http://www.wikidata.org/entity/Q391934,Škoda 932,http://www.wikidata.org/entity/Q207977,прототип,http://www.wikidata.org/entity/Q29637,Škoda Auto,Чехия,,,,,,,,
http://www.wikidata.org/entity/Q9396978,Škoda RSO,http://www.wikidata.org/entity/Q59569,тягач,http://www.wikidata.org/entity/Q29637,Škoda Auto,Чехия,,,,,,,,http://commons.wikimedia.org/wiki/Special:FilePath/Skoda%20Rad%20Schlepper%201944%20%2812169501973%29.jpg
